code,지역,미혼 성비,2025 혼인,2026 예측,앞 구간 개선(%),뒤 구간 개선(%),강함
11040,서울 성동구,1.1,1846,2047,12.5,72.6,True
26010,울산 중구,1.62,894,922,37.5,72.6,True
37020,경북 경주시,1.71,858,870,36.5,71.9,True
11060,서울 동대문구,1.13,1893,2099,24.9,68.3,True
11170,서울 구로구,1.1,2302,2552,35.5,67.4,True
11050,서울 광진구,1.0,1751,1942,40.3,67.3,True
11030,서울 용산구,0.99,1387,1538,14.5,65.2,True
37100,경북 경산시,1.71,975,988,45.8,64.5,True
11100,서울 도봉구,1.15,1149,1274,38.5,61.4,True
22030,대구 서구,1.49,643,683,17.9,61.2,True
26030,울산 동구,1.9,671,692,19.3,60.7,True
11210,서울 관악구,1.2,2844,3153,56.6,59.4,True
38070,경남 김해시,1.54,2163,2304,32.1,57.4,True
21090,부산 해운대구,1.22,1268,1361,49.9,56.7,True
37050,경북 구미시,1.83,1875,1900,45.8,56.7,True
31010,경기 수원시,1.34,7383,7914,23.2,56.0,True
11230,서울 강남구,0.96,2520,2794,50.3,55.5,True
35020,전북 군산시,1.67,981,944,40.4,54.2,True
38050,경남 통영시,1.59,310,330,35.6,52.7,True
11160,서울 강서구,0.97,3311,3671,28.4,51.8,True
34010,충남 천안시,1.58,3428,3466,32.2,51.8,True
22060,대구 수성구,1.27,1268,1346,29.7,50.9,True
23080,인천 서구,1.31,3271,3549,21.0,50.2,True
31022,경기 성남시 중원구,1.27,1148,1231,14.9,49.4,True
11190,서울 영등포구,1.0,2913,3230,17.5,49.1,True
22070,대구 달서구,1.41,1944,2064,29.6,48.2,True
11090,서울 강북구,1.14,1023,1134,55.9,48.1,True
21110,부산 금정구,1.49,674,724,46.3,48.0,True
37590,경북 칠곡군,1.94,306,310,29.3,48.0,True
35510,전북 완주군,1.57,515,495,38.9,47.9,True
31160,경기 군포시,1.36,1240,1329,28.6,47.4,True
11020,서울 중구,0.99,827,917,30.1,47.2,True
34060,충남 논산시,1.69,366,370,33.6,46.6,True
23060,인천 부평구,1.24,2531,2746,25.4,45.5,True
33020,충북 충주시,1.96,876,903,13.8,44.8,True
31193,경기 용인시 수지구,1.34,1737,1862,38.8,44.6,True
31012,경기 수원시 권선구,1.34,2212,2371,17.1,43.9,True
11140,서울 마포구,0.89,2159,2394,33.8,43.3,True
21070,부산 남구,1.34,892,958,12.7,42.9,True
11200,서울 동작구,1.11,2053,2276,52.4,42.2,True
25010,대전 동구,1.54,1200,1060,17.4,41.5,True
34560,충남 홍성군,1.71,405,409,17.5,40.2,True
31260,경기 양주시,1.42,1369,1467,33.7,39.5,True
37550,경북 영덕군,1.82,102,103,19.0,39.0,True
11010,서울 종로구,1.05,615,682,26.2,38.1,True
22040,대구 남구,1.2,550,584,45.5,37.3,True
26510,울산 울주군,1.9,901,930,37.0,37.3,True
31140,경기 오산시,1.72,1382,1481,10.1,36.2,True
21100,부산 사하구,1.44,952,1022,41.7,35.6,True
25020,대전 중구,1.24,1169,1033,37.3,35.0,True
31090,경기 안산시,1.47,2862,3068,33.2,34.7,True
22050,대구 북구,1.5,1566,1663,45.6,34.6,True
32010,강원 춘천시,1.42,1244,1265,24.5,34.5,True
37560,경북 청도군,1.79,73,74,24.9,34.2,True
38090,경남 거제시,1.81,744,793,26.0,33.4,True
21050,부산 부산진구,1.08,1898,2038,38.2,33.1,True
25030,대전 서구,1.26,2850,2518,30.2,32.9,True
36060,전남 광양시,2.04,929,962,29.4,32.6,True
31021,경기 성남시 수정구,1.27,1342,1438,11.8,32.2,True
21140,부산 수영구,1.06,686,736,26.9,31.5,True
31190,경기 용인시,1.34,5009,5369,35.6,31.3,True
32020,강원 원주시,1.39,1750,1779,36.7,31.3,True
31020,경기 성남시,1.27,4864,5214,27.6,31.2,True
11150,서울 양천구,1.12,1572,1743,23.6,30.5,True
36640,전남 영광군,1.63,220,228,13.6,30.1,True
36590,전남 강진군,1.69,104,108,11.3,29.9,True
23050,인천 남동구,1.31,1858,2016,49.3,29.6,True
37030,경북 김천시,1.8,460,466,40.5,29.6,True
21130,부산 연제구,1.12,956,1026,37.2,29.4,True
24030,광주 남구,1.23,801,774,41.4,29.3,True
37040,경북 안동시,1.53,534,541,51.2,27.7,True
31013,경기 수원시 팔달구,1.34,1385,1485,13.4,27.4,True
31060,경기 광명시,1.24,1662,1782,23.0,27.2,True
36010,전남 목포시,1.46,755,782,23.5,27.2,True
21020,부산 서구,1.14,353,379,24.9,26.9,True
38590,경남 거창군,1.76,199,212,11.8,26.9,True
33530,충북 옥천군,1.68,130,134,14.9,26.8,True
35030,전북 익산시,1.53,1029,990,39.3,26.6,True
35540,전북 장수군,1.79,51,49,14.8,26.6,True
11080,서울 성북구,1.09,1968,2182,26.0,26.5,True
31092,경기 안산시 단원구,1.47,1457,1562,17.2,26.3,True
35060,전북 김제시,1.71,325,313,44.5,25.7,True
11130,서울 서대문구,1.02,1450,1608,16.3,25.6,True
38540,경남 고성군,1.92,118,126,28.5,25.6,True
31050,경기 부천시,1.24,3339,3579,10.3,24.8,True
37011,경북 포항시 남구,1.87,909,921,38.8,24.6,True
31023,경기 성남시 분당구,1.27,2374,2545,21.0,24.1,True
35570,전북 고창군,1.68,129,124,21.0,23.4,True
31192,경기 용인시 기흥구,1.34,1898,2034,18.0,23.1,True
31091,경기 안산시 상록구,1.47,1405,1506,43.2,22.9,True
31041,경기 안양시 만안구,1.29,1363,1461,41.4,22.2,True
37570,경북 고령군,1.74,66,67,22.2,22.1,True
31030,경기 의정부시,1.23,1865,1999,13.2,21.9,True
32590,강원 인제군,3.21,216,220,11.8,21.4,True
31580,경기 양평군,1.48,421,451,18.5,21.0,True
31120,경기 구리시,1.24,901,966,27.3,20.9,True
36520,전남 곡성군,1.57,72,75,11.3,20.5,True
35011,전북 전주시 완산구,1.33,1109,1067,35.7,19.6,True
37010,경북 포항시,1.87,2126,2155,27.6,19.3,True
11110,서울 노원구,1.17,2146,2380,45.7,19.1,True
31104,경기 고양시 일산서구,1.18,1103,1182,32.5,19.1,True
38580,경남 함양군,1.76,68,72,14.3,19.1,True
24050,광주 광산구,1.45,1703,1646,39.9,19.0,True
11070,서울 중랑구,1.09,1872,2076,24.5,18.3,True
21040,부산 영도구,1.47,301,323,25.2,18.0,True
24040,광주 북구,1.36,1854,1792,13.4,18.0,True
31191,경기 용인시 처인구,1.34,1374,1473,23.6,17.8,True
37080,경북 상주시,1.84,237,240,20.4,17.8,True
31210,경기 이천시,1.88,1200,1286,20.5,17.7,True
35040,전북 정읍시,1.56,307,295,37.3,16.8,True
24020,광주 서구,1.25,1081,1045,33.3,16.4,True
31040,경기 안양시,1.29,3425,3671,46.8,16.4,True
21080,부산 북구,1.37,968,1039,31.8,16.0,True
32040,강원 동해시,1.88,351,357,25.8,16.0,True
21150,부산 사상구,1.36,756,812,57.0,15.8,True
31042,경기 안양시 동안구,1.29,2062,2210,34.7,15.7,True
21010,부산 중구,1.13,157,169,27.8,15.1,True
23040,인천 연수구,1.29,1835,1991,31.5,13.6,True
35560,전북 순창군,1.5,76,73,21.1,13.3,True
32510,강원 홍천군,2.04,245,249,25.0,12.8,True
38520,경남 함안군,1.93,141,150,27.5,11.7,True
24010,광주 동구,1.25,544,526,19.8,11.1,True
26020,울산 남구,1.67,1668,1721,3.2,74.5,False
31014,경기 수원시 영통구,1.34,2457,2634,9.7,65.5,False
22020,대구 동구,1.37,1635,1736,9.4,61.9,False
31240,경기 화성시,1.62,6086,6524,-30.5,54.7,False
11220,서울 서초구,0.98,1908,2116,9.2,52.1,False
33570,충북 음성군,2.02,412,425,-22.8,52.0,False
39010,제주 제주시,1.31,2153,2202,-7.0,48.9,False
11120,서울 은평구,0.97,2138,2371,7.2,48.4,False
37630,경북 울릉군,2.55,32,32,1.3,48.0,False
21120,부산 강서구,1.69,781,838,-11.4,46.2,False
36040,전남 나주시,1.41,559,579,-7.9,45.6,False
21060,부산 동래구,1.21,1018,1093,-4.1,45.4,False
38100,경남 양산시,1.47,1365,1454,-61.6,42.5,False
32560,강원 철원군,2.44,202,205,-13.0,42.4,False
37620,경북 울진군,2.19,173,175,-41.8,42.1,False
11250,서울 강동구,1.04,2862,3173,5.0,41.3,False
22010,대구 중구,1.13,713,757,3.0,41.0,False
38530,경남 창녕군,2.07,137,146,-0.9,39.1,False
22510,대구 달성군,1.79,1058,1123,-10.9,38.0,False
31011,경기 수원시 장안구,1.34,1329,1425,0.7,37.5,False
35520,전북 진안군,1.65,63,61,5.4,36.5,False
34540,충남 서천군,1.8,125,126,5.7,35.1,False
32580,강원 양구군,2.57,93,95,4.6,32.6,False
34040,충남 아산시,1.83,1768,1787,-10.9,31.9,False
38570,경남 산청군,1.65,72,77,0.6,31.6,False
36670,전남 진도군,1.79,90,93,6.8,31.4,False
31220,경기 안성시,1.74,957,1026,8.0,31.3,False
11240,서울 송파구,0.96,3562,3950,-0.7,31.0,False
31250,경기 광주시,1.46,1705,1828,3.7,30.2,False
35010,전북 전주시,1.33,2419,2327,8.9,30.0,False
25040,대전 유성구,1.6,2558,2260,-13.4,26.9,False
32530,강원 영월군,1.85,135,137,-12.7,26.2,False
34020,충남 공주시,1.74,327,331,-0.2,26.0,False
32070,강원 삼척시,2.01,196,199,8.4,25.8,False
32520,강원 횡성군,1.74,108,110,-15.5,25.3,False
33560,충북 괴산군,2.02,107,110,0.5,25.0,False
32600,강원 고성군,2.15,99,101,-5.0,24.0,False
35530,전북 무주군,1.8,85,82,1.5,23.6,False
35012,전북 전주시 덕진구,1.33,1310,1260,1.1,22.3,False
31103,경기 고양시 일산동구,1.18,1273,1365,9.3,22.2,False
23010,인천 중구,1.43,982,1065,-20.3,21.5,False
35050,전북 남원시,1.51,196,189,7.0,20.3,False
36530,전남 구례군,1.51,47,49,2.8,20.3,False
34050,충남 서산시,2.29,801,810,-18.7,19.8,False
36680,전남 신안군,2.08,119,123,1.2,19.5,False
34570,충남 예산군,1.73,297,300,-4.0,19.3,False
36030,전남 순천시,1.49,1273,1319,8.1,19.2,False
38550,경남 남해군,1.97,107,114,-9.0,19.1,False
36650,전남 장성군,1.93,183,190,6.1,19.0,False
23520,인천 옹진군,3.05,95,103,9.4,18.1,False
32050,강원 태백시,1.94,139,141,7.1,18.0,False
21510,부산 기장군,1.45,749,804,5.5,16.9,False
31230,경기 김포시,1.28,1937,2076,-6.6,16.7,False
31550,경기 연천군,2.31,173,185,-14.7,16.5,False
32550,강원 정선군,1.88,89,90,2.4,16.2,False
36660,전남 완도군,1.92,124,128,8.5,16.1,False
36580,전남 장흥군,1.69,123,127,-1.4,15.3,False
35550,전북 임실군,2.14,59,57,3.2,15.2,False
33590,충북 증평군,1.96,194,200,5.3,13.4,False
23020,인천 동구,1.41,226,245,-13.4,13.1,False
33030,충북 제천시,1.74,533,549,-37.9,12.1,False
37600,경북 예천군,1.75,167,169,-1.5,11.0,False
36630,전남 함평군,1.8,92,95,-6.6,10.5,False
37580,경북 성주군,2.0,101,102,1.7,10.4,False
25050,대전 대덕구,1.64,958,846,23.6,9.9,False
23070,인천 계양구,1.31,1132,1228,39.9,9.8,False
38510,경남 의령군,1.86,56,60,-1.0,9.1,False
32570,강원 화천군,3.18,116,118,-1.5,9.0,False
36600,전남 해남군,1.79,207,214,15.9,8.5,False
38060,경남 사천시,2.09,458,488,27.0,8.3,False
36610,전남 영암군,1.93,178,184,26.7,8.1,False
32030,강원 강릉시,1.52,749,762,42.2,7.5,False
34530,충남 부여군,1.64,146,148,8.5,7.5,False
34550,충남 청양군,1.81,76,77,-14.2,7.4,False
33540,충북 영동군,1.74,128,132,8.8,6.5,False
37090,경북 문경시,1.64,167,169,2.3,6.5,False
37520,경북 의성군,1.91,111,112,21.0,5.7,False
33520,충북 보은군,2.19,62,64,26.5,5.3,False
37610,경북 봉화군,2.02,61,62,-1.2,5.3,False
32540,강원 평창군,1.92,113,115,4.3,5.2,False
31270,경기 포천시,1.75,549,588,22.7,4.6,False
39020,제주 서귀포시,1.38,630,644,17.9,4.4,False
26040,울산 북구,2.03,1034,1067,-0.0,4.3,False
38600,경남 합천군,1.75,84,89,15.0,4.3,False
33550,충북 진천군,2.11,414,427,-15.6,2.8,False
36020,전남 여수시,1.68,1079,1118,34.0,2.3,False
35580,전북 부안군,1.71,113,109,3.7,2.2,False
31200,경기 파주시,1.46,2304,2470,34.8,2.1,False
32610,강원 양양군,1.73,86,87,4.7,1.9,False
36550,전남 고흥군,1.77,146,151,6.1,1.7,False
36570,전남 화순군,1.35,252,261,22.4,0.8,False
38560,경남 하동군,2.03,82,87,3.0,-0.2,False
36620,전남 무안군,1.52,521,540,2.3,-0.9,False
37012,경북 포항시 북구,1.87,1217,1233,4.9,-0.9,False
37530,경북 청송군,2.29,56,57,11.5,-2.4,False
37070,경북 영천시,1.92,327,331,52.5,-4.8,False
11180,서울 금천구,1.2,1303,1445,36.8,-5.0,False
32060,강원 속초시,1.69,361,367,29.5,-5.7,False
37540,경북 영양군,1.72,40,41,-9.9,-6.1,False
31080,경기 동두천시,1.5,300,322,-30.2,-7.1,False
21030,부산 동구,1.14,393,422,4.1,-7.4,False
23510,인천 강화군,1.68,184,200,-9.8,-9.3,False
36510,전남 담양군,1.58,135,140,15.6,-9.4,False
38080,경남 밀양시,1.74,310,330,11.0,-12.1,False
34030,충남 보령시,1.84,310,313,21.5,-12.4,False
31130,경기 남양주시,1.26,2794,2995,23.1,-14.1,False
31100,경기 고양시,1.18,4758,5100,36.2,-14.8,False
31180,경기 하남시,1.17,1715,1838,-19.8,-15.2,False
33580,충북 단양군,1.92,68,70,24.9,-15.2,False
31070,경기 평택시,1.86,3555,3811,-13.5,-17.0,False
38030,경남 진주시,1.54,1328,1415,45.3,-18.9,False
34580,충남 태안군,2.1,190,192,9.4,-19.8,False
31170,경기 의왕시,1.31,740,793,23.2,-19.9,False
31110,경기 과천시,1.18,387,415,-4.9,-21.2,False
37060,경북 영주시,1.86,313,317,9.0,-21.2,False
34070,충남 계룡시,1.5,152,154,-0.2,-23.0,False
34510,충남 금산군,1.76,116,117,18.9,-25.4,False
36560,전남 보성군,1.68,99,103,2.0,-25.4,False
31101,경기 고양시 덕양구,1.18,2382,2553,21.3,-28.7,False
31570,경기 가평군,1.66,219,235,10.8,-46.0,False
31150,경기 시흥시,1.56,2552,2736,14.6,-56.3,False
