시즌,n,모델,기준선,개선,95% 구간,판정,우세 팀 적중,model,목표 연도
2011-12,380,0.20379654487888604,0.23235110803324097,12.28940261832961,+6.4 ~ +18.2%,🏆,51%,EPL,
2012-13,380,0.19314454376777968,0.22388504155124653,13.730483095464185,+8.6 ~ +19.2%,🏆,52%,EPL,
2013-14,380,0.19708631100867086,0.23545706371191133,16.296284383376257,+10.2 ~ +22.3%,🏆,59%,EPL,
2014-15,380,0.20386154235125456,0.22954683171745155,11.189563878543472,+5.6 ~ +16.7%,🏆,51%,EPL,
2015-16,380,0.20735688048483025,0.2283239612188366,9.18304002001369,+3.8 ~ +14.3%,🏆,48%,EPL,
2016-17,380,0.19297270727557223,0.22818828870421665,15.43268571258351,+9.6 ~ +21.2%,🏆,58%,EPL,
2017-18,380,0.1890581096251694,0.22574226920685178,16.250461072519826,+9.6 ~ +22.9%,🏆,55%,EPL,
2018-19,380,0.18947278720476948,0.23770651185941835,20.291292938232456,+14.2 ~ +26.3%,🏆,59%,EPL,
2019-20,380,0.20431774812201015,0.2299758045210492,11.156850370618292,+4.8 ~ +17.5%,🏆,51%,EPL,
2020-21,380,0.2219504096740255,0.24661073407202216,9.999696278749447,+4.6 ~ +15.4%,🏆,51%,EPL,
2021-22,380,0.1968228655271988,0.23536591996520226,16.375800899170905,+10.3 ~ +22.4%,🏆,57%,EPL,
2022-23,380,0.20338058871856413,0.2280492314943059,10.817244423100714,+4.6 ~ +16.9%,🏆,52%,EPL,
2023-24,380,0.19311594590183326,0.23385697192217542,17.421343347377412,+11.7 ~ +23.4%,🏆,59%,EPL,
2024-25,380,0.20454736106673488,0.23582618435185704,13.263507345924586,+7.7 ~ +18.9%,🏆,51%,EPL,
2025-26,380,0.20894391101002088,0.22759853801169588,8.196285953610296,+3.6 ~ +13.0%,🏆,49%,EPL,
2026-27,50,0.2016932816106507,0.2278630675424168,11.484873882378798,-1.8 ~ +23.9%,➖,46%,EPL,
,20,0.05002600449066456,0.046588006540183316,-7.3795772899531435,-33.6 ~ +18.3%,➖,,혼인율,2008.0
,40,0.07296423676470647,0.06217262148683124,-17.357504026367952,-43.6 ~ +7.9%,➖,,혼인율,2009.0
,60,0.04960523397305987,0.06083603157606276,18.460766279538007,-4.4 ~ +41.2%,➖,,혼인율,2010.0
,60,0.057022559097046684,0.062327962899648245,8.512076371152343,-13.0 ~ +31.2%,➖,,혼인율,2011.0
,60,0.035041556408809287,0.06377285001119565,45.0525475924981,+28.5 ~ +63.4%,🏆,,혼인율,2012.0
,60,0.028387886344609602,0.053247593091315576,46.68700555924371,+29.0 ~ +64.4%,🏆,,혼인율,2013.0
,60,0.04577786519900456,0.05265265528593307,13.056872534907487,-7.6 ~ +33.2%,➖,,혼인율,2014.0
,60,0.0368225155393297,0.04234159309654646,13.03464785708999,-12.8 ~ +36.9%,➖,,혼인율,2015.0
,60,0.055774347525822554,0.05234149925367129,-6.558559309724925,-28.0 ~ +14.7%,➖,,혼인율,2016.0
,60,0.06761642097122295,0.060666731400240176,-11.45552003639885,-26.7 ~ +4.3%,➖,,혼인율,2017.0
,60,0.06386540038029163,0.07157399831861401,10.77010942438523,-3.4 ~ +25.5%,➖,,혼인율,2018.0
,60,0.052436100316763504,0.06859543602691262,23.557450241746693,+8.6 ~ +39.4%,🏆,,혼인율,2019.0
,60,0.13438161018530342,0.16335268023855848,17.7352890757262,+11.1 ~ +25.1%,🏆,,혼인율,2020.0
,60,0.14661796228393761,0.1894128319913674,22.593437444291116,+15.8 ~ +30.0%,🏆,,혼인율,2021.0
,60,0.0962733537717466,0.12687364063488507,24.11871111289339,+10.5 ~ +39.0%,🏆,,혼인율,2022.0
,60,0.08363609367793222,0.11170866227757517,25.13016271727239,+4.9 ~ +44.7%,🏆,,혼인율,2023.0
,60,0.14715914311408354,0.1090973836799351,-34.88787553862178,-61.3 ~ -10.3%,❌,,혼인율,2024.0
,30,0.2289189066982658,0.1647008958114625,-38.99068706967768,-58.9 ~ -20.5%,❌,,혼인율,2025.0
,243,0.11293769623637404,0.07437210295246424,-51.85491838056458,-57.2 ~ -46.3%,❌,,시군구,2008.0
,486,0.15181390697811156,0.1065709976252885,-42.45330377022504,-47.1 ~ -37.5%,❌,,시군구,2009.0
,486,0.09315447181022352,0.07326924299469724,-27.13994031160582,-31.0 ~ -23.4%,❌,,시군구,2010.0
,486,0.11016903558086676,0.07338219616202826,-50.13046943650059,-57.5 ~ -42.5%,❌,,시군구,2011.0
,486,0.07729646563188441,0.06861036455821938,-12.660042151932357,-15.8 ~ -9.6%,❌,,시군구,2012.0
,486,0.08501686134173166,0.06500686436111903,-30.78136005677071,-36.3 ~ -25.1%,❌,,시군구,2013.0
,486,0.0866552131441124,0.08971869195975041,3.414537983915723,+1.2 ~ +5.7%,🏆,,시군구,2014.0
,486,0.0832160742088711,0.08710514692374002,4.464802428120317,+1.2 ~ +7.6%,🏆,,시군구,2015.0
,486,0.07897841870360385,0.10397681011770073,24.04227575918029,+20.2 ~ +27.8%,🏆,,시군구,2016.0
,486,0.09289788806300307,0.12487478179479758,25.60716685322504,+22.6 ~ +28.7%,🏆,,시군구,2017.0
,486,0.0846985570972058,0.10357987552147963,18.22875180068964,+13.0 ~ +23.5%,🏆,,시군구,2018.0
,486,0.08889050081814923,0.11376490365706851,21.864742147455555,+15.5 ~ +28.0%,🏆,,시군구,2019.0
,486,0.1202707154207148,0.18109145918326278,33.585650055974206,+30.9 ~ +36.2%,🏆,,시군구,2020.0
,486,0.12626768373638084,0.19129638011563493,33.993688923933384,+30.6 ~ +37.3%,🏆,,시군구,2021.0
,486,0.12631818616148763,0.1012266680104762,-24.787458329078486,-35.0 ~ -13.9%,❌,,시군구,2022.0
,486,0.1714713560864378,0.09515906019309166,-80.19446150318986,-91.3 ~ -69.3%,❌,,시군구,2023.0
,486,0.18339493041364793,0.14554561723794296,-26.005120520961878,-30.1 ~ -21.9%,❌,,시군구,2024.0
,486,0.1410945580771431,0.1472961088820181,4.210261120911428,+1.1 ~ +7.2%,🏆,,시군구,2025.0
