unit,name,ym,value
A00,전국,2016,1100726
A00,전국,2017,1159802
A00,전국,2018,1242756
A00,전국,2019,1178769
A00,전국,2020,1366067
A00,전국,2021,1297819
A00,전국,2022,1207416
A00,전국,2023,1147114
A00,전국,2024,1086027
A00,전국,2025,1039993
A01,서울,2016,211552
A01,서울,2017,219331
A01,서울,2018,256962
A01,서울,2019,230052
A01,서울,2020,275307
A01,서울,2021,240835
A01,서울,2022,216736
A01,서울,2023,203352
A01,서울,2024,190815
A01,서울,2025,191881
A0101,강남구,2016,17864
A0101,강남구,2017,17960
A0101,강남구,2018,19883
A0101,강남구,2019,18447
A0101,강남구,2020,23241
A0101,강남구,2021,19242
A0101,강남구,2022,17202
A0101,강남구,2023,17012
A0101,강남구,2024,16837
A0101,강남구,2025,17380
A0102,강동구,2016,7815
A0102,강동구,2017,8012
A0102,강동구,2018,10292
A0102,강동구,2019,9485
A0102,강동구,2020,10932
A0102,강동구,2021,10348
A0102,강동구,2022,8965
A0102,강동구,2023,8952
A0102,강동구,2024,8750
A0102,강동구,2025,8668
A0103,강북구,2016,5360
A0103,강북구,2017,5592
A0103,강북구,2018,6041
A0103,강북구,2019,5693
A0103,강북구,2020,6594
A0103,강북구,2021,6054
A0103,강북구,2022,5505
A0103,강북구,2023,5096
A0103,강북구,2024,4575
A0103,강북구,2025,4624
A0104,강서구,2016,14754
A0104,강서구,2017,18352
A0104,강서구,2018,16846
A0104,강서구,2019,13977
A0104,강서구,2020,16152
A0104,강서구,2021,15572
A0104,강서구,2022,13061
A0104,강서구,2023,12272
A0104,강서구,2024,11631
A0104,강서구,2025,11316
A0105,관악구,2016,8387
A0105,관악구,2017,8746
A0105,관악구,2018,9942
A0105,관악구,2019,9221
A0105,관악구,2020,11706
A0105,관악구,2021,9547
A0105,관악구,2022,9217
A0105,관악구,2023,9171
A0105,관악구,2024,8742
A0105,관악구,2025,8726
A0106,광진구,2016,6808
A0106,광진구,2017,6939
A0106,광진구,2018,8396
A0106,광진구,2019,8379
A0106,광진구,2020,8772
A0106,광진구,2021,7872
A0106,광진구,2022,7993
A0106,광진구,2023,7113
A0106,광진구,2024,6306
A0106,광진구,2025,6788
A0107,구로구,2016,8477
A0107,구로구,2017,8889
A0107,구로구,2018,9685
A0107,구로구,2019,8907
A0107,구로구,2020,10434
A0107,구로구,2021,9630
A0107,구로구,2022,8750
A0107,구로구,2023,8063
A0107,구로구,2024,7384
A0107,구로구,2025,7170
A0108,금천구,2016,7049
A0108,금천구,2017,7574
A0108,금천구,2018,7666
A0108,금천구,2019,7122
A0108,금천구,2020,8550
A0108,금천구,2021,8785
A0108,금천구,2022,7014
A0108,금천구,2023,6321
A0108,금천구,2024,5871
A0108,금천구,2025,5389
A0109,노원구,2016,7233
A0109,노원구,2017,7234
A0109,노원구,2018,10073
A0109,노원구,2019,8502
A0109,노원구,2020,10211
A0109,노원구,2021,8110
A0109,노원구,2022,7612
A0109,노원구,2023,7295
A0109,노원구,2024,6451
A0109,노원구,2025,6289
A0110,도봉구,2016,4752
A0110,도봉구,2017,4904
A0110,도봉구,2018,5952
A0110,도봉구,2019,5219
A0110,도봉구,2020,6051
A0110,도봉구,2021,5524
A0110,도봉구,2022,6005
A0110,도봉구,2023,4603
A0110,도봉구,2024,4007
A0110,도봉구,2025,4061
A0111,동대문구,2016,7540
A0111,동대문구,2017,7215
A0111,동대문구,2018,9609
A0111,동대문구,2019,8801
A0111,동대문구,2020,11593
A0111,동대문구,2021,9525
A0111,동대문구,2022,7669
A0111,동대문구,2023,7743
A0111,동대문구,2024,7675
A0111,동대문구,2025,7943
A0112,동작구,2016,5683
A0112,동작구,2017,6112
A0112,동작구,2018,8207
A0112,동작구,2019,6858
A0112,동작구,2020,8037
A0112,동작구,2021,6220
A0112,동작구,2022,6014
A0112,동작구,2023,5780
A0112,동작구,2024,5473
A0112,동작구,2025,5904
A0113,마포구,2016,11010
A0113,마포구,2017,10726
A0113,마포구,2018,12849
A0113,마포구,2019,11337
A0113,마포구,2020,13670
A0113,마포구,2021,12501
A0113,마포구,2022,11348
A0113,마포구,2023,10671
A0113,마포구,2024,10498
A0113,마포구,2025,10814
A0114,서대문구,2016,5085
A0114,서대문구,2017,5402
A0114,서대문구,2018,7129
A0114,서대문구,2019,6345
A0114,서대문구,2020,7279
A0114,서대문구,2021,6543
A0114,서대문구,2022,6423
A0114,서대문구,2023,5586
A0114,서대문구,2024,4893
A0114,서대문구,2025,4973
A0115,서초구,2016,11423
A0115,서초구,2017,11523
A0115,서초구,2018,14170
A0115,서초구,2019,12638
A0115,서초구,2020,16537
A0115,서초구,2021,12679
A0115,서초구,2022,11410
A0115,서초구,2023,11252
A0115,서초구,2024,10734
A0115,서초구,2025,11554
A0116,성동구,2016,6512
A0116,성동구,2017,6745
A0116,성동구,2018,8543
A0116,성동구,2019,7176
A0116,성동구,2020,9001
A0116,성동구,2021,7456
A0116,성동구,2022,6450
A0116,성동구,2023,5977
A0116,성동구,2024,5367
A0116,성동구,2025,5448
A0117,성북구,2016,6572
A0117,성북구,2017,6709
A0117,성북구,2018,8503
A0117,성북구,2019,7808
A0117,성북구,2020,8743
A0117,성북구,2021,7486
A0117,성북구,2022,6855
A0117,성북구,2023,6486
A0117,성북구,2024,6115
A0117,성북구,2025,6136
A0118,송파구,2016,15187
A0118,송파구,2017,15274
A0118,송파구,2018,18853
A0118,송파구,2019,16813
A0118,송파구,2020,19504
A0118,송파구,2021,16466
A0118,송파구,2022,14635
A0118,송파구,2023,13348
A0118,송파구,2024,12910
A0118,송파구,2025,12998
A0119,양천구,2016,7248
A0119,양천구,2017,7279
A0119,양천구,2018,9572
A0119,양천구,2019,7974
A0119,양천구,2020,9543
A0119,양천구,2021,8056
A0119,양천구,2022,7302
A0119,양천구,2023,6875
A0119,양천구,2024,5966
A0119,양천구,2025,6123
A0120,영등포구,2016,10532
A0120,영등포구,2017,10997
A0120,영등포구,2018,12675
A0120,영등포구,2019,11699
A0120,영등포구,2020,14093
A0120,영등포구,2021,12821
A0120,영등포구,2022,12311
A0120,영등포구,2023,11155
A0120,영등포구,2024,10161
A0120,영등포구,2025,10025
A0121,용산구,2016,5239
A0121,용산구,2017,6021
A0121,용산구,2018,7296
A0121,용산구,2019,6046
A0121,용산구,2020,8300
A0121,용산구,2021,7038
A0121,용산구,2022,6061
A0121,용산구,2023,5330
A0121,용산구,2024,4899
A0121,용산구,2025,5506
A0122,은평구,2016,7560
A0122,은평구,2017,8098
A0122,은평구,2018,9761
A0122,은평구,2019,8197
A0122,은평구,2020,9928
A0122,은평구,2021,8839
A0122,은평구,2022,8197
A0122,은평구,2023,7701
A0122,은평구,2024,7295
A0122,은평구,2025,6473
A0123,종로구,2016,6470
A0123,종로구,2017,6632
A0123,종로구,2018,7210
A0123,종로구,2019,6327
A0123,종로구,2020,8016
A0123,종로구,2021,6556
A0123,종로구,2022,5714
A0123,종로구,2023,5235
A0123,종로구,2024,4897
A0123,종로구,2025,5153
A0124,중구,2016,10296
A0124,중구,2017,9560
A0124,중구,2018,9817
A0124,중구,2019,9361
A0124,중구,2020,9355
A0124,중구,2021,9909
A0124,중구,2022,7662
A0124,중구,2023,6742
A0124,중구,2024,6555
A0124,중구,2025,5748
A0125,중랑구,2016,6696
A0125,중랑구,2017,6836
A0125,중랑구,2018,7992
A0125,중랑구,2019,7720
A0125,중랑구,2020,9065
A0125,중랑구,2021,8056
A0125,중랑구,2022,7361
A0125,중랑구,2023,7573
A0125,중랑구,2024,6823
A0125,중랑구,2025,6672
A02,인천,2016,64952
A02,인천,2017,71659
A02,인천,2018,74899
A02,인천,2019,74969
A02,인천,2020,91710
A02,인천,2021,91619
A02,인천,2022,79767
A02,인천,2023,74300
A02,인천,2024,70695
A02,인천,2025,68599
A0201,강화군,2016,1254
A0201,강화군,2017,1665
A0201,강화군,2018,1840
A0201,강화군,2019,1653
A0201,강화군,2020,1607
A0201,강화군,2021,1679
A0201,강화군,2022,1722
A0201,강화군,2023,1635
A0201,강화군,2024,1520
A0201,강화군,2025,1510
A0202,계양구,2016,5427
A0202,계양구,2017,5408
A0202,계양구,2018,5590
A0202,계양구,2019,5706
A0202,계양구,2020,6805
A0202,계양구,2021,5995
A0202,계양구,2022,5710
A0202,계양구,2023,5971
A0202,계양구,2024,5538
A0202,계양구,2025,4945
A0203,미추홀구,2016,8221
A0203,미추홀구,2017,11506
A0203,미추홀구,2018,9440
A0203,미추홀구,2019,9903
A0203,미추홀구,2020,11652
A0203,미추홀구,2021,10521
A0203,미추홀구,2022,9772
A0203,미추홀구,2023,8728
A0203,미추홀구,2024,7996
A0203,미추홀구,2025,8483
A0204,남동구,2016,12346
A0204,남동구,2017,11590
A0204,남동구,2018,11822
A0204,남동구,2019,11399
A0204,남동구,2020,13224
A0204,남동구,2021,12706
A0204,남동구,2022,11229
A0204,남동구,2023,10781
A0204,남동구,2024,10505
A0204,남동구,2025,9678
A0205,동구,2016,1446
A0205,동구,2017,1562
A0205,동구,2018,1390
A0205,동구,2019,1367
A0205,동구,2020,1577
A0205,동구,2021,1330
A0205,동구,2022,1409
A0205,동구,2023,1358
A0205,동구,2024,1161
A0205,동구,2025,1044
A0206,부평구,2016,9660
A0206,부평구,2017,9915
A0206,부평구,2018,10446
A0206,부평구,2019,10970
A0206,부평구,2020,12938
A0206,부평구,2021,12518
A0206,부평구,2022,12740
A0206,부평구,2023,11707
A0206,부평구,2024,10311
A0206,부평구,2025,9294
A0207,서구,2016,13075
A0207,서구,2017,13640
A0207,서구,2018,14729
A0207,서구,2019,16219
A0207,서구,2020,20669
A0207,서구,2021,23940
A0207,서구,2022,18648
A0207,서구,2023,17406
A0207,서구,2024,16578
A0207,서구,2025,17015
A0208,연수구,2016,7773
A0208,연수구,2017,8542
A0208,연수구,2018,10482
A0208,연수구,2019,9520
A0208,연수구,2020,12904
A0208,연수구,2021,14718
A0208,연수구,2022,11741
A0208,연수구,2023,10479
A0208,연수구,2024,11435
A0208,연수구,2025,11319
A0209,옹진군,2016,385
A0209,옹진군,2017,444
A0209,옹진군,2018,430
A0209,옹진군,2019,546
A0209,옹진군,2020,524
A0209,옹진군,2021,493
A0209,옹진군,2022,439
A0209,옹진군,2023,419
A0209,옹진군,2024,425
A0209,옹진군,2025,361
A0210,중구,2016,5365
A0210,중구,2017,7387
A0210,중구,2018,8730
A0210,중구,2019,7686
A0210,중구,2020,9810
A0210,중구,2021,7719
A0210,중구,2022,6357
A0210,중구,2023,5816
A0210,중구,2024,5226
A0210,중구,2025,4950
A03,경기,2016,299190
A03,경기,2017,320835
A03,경기,2018,354109
A03,경기,2019,333538
A03,경기,2020,398736
A03,경기,2021,407108
A03,경기,2022,367417
A03,경기,2023,344240
A03,경기,2024,331956
A03,경기,2025,324806
A0301,가평군,2016,1523
A0301,가평군,2017,1586
A0301,가평군,2018,1807
A0301,가평군,2019,1678
A0301,가평군,2020,1690
A0301,가평군,2021,1753
A0301,가평군,2022,1805
A0301,가평군,2023,1633
A0301,가평군,2024,1662
A0301,가평군,2025,1486
A0302,고양시,2016,24625
A0302,고양시,2017,23916
A0302,고양시,2018,30358
A0302,고양시,2019,25376
A0302,고양시,2020,33358
A0302,고양시,2021,38990
A0302,고양시,2022,28396
A0302,고양시,2023,26678
A0302,고양시,2024,24657
A0302,고양시,2025,22409
A0303,과천시,2016,971
A0303,과천시,2017,877
A0303,과천시,2018,1376
A0303,과천시,2019,1824
A0303,과천시,2020,1621
A0303,과천시,2021,1979
A0303,과천시,2022,2704
A0303,과천시,2023,2072
A0303,과천시,2024,1619
A0303,과천시,2025,1615
A0304,광명시,2016,5968
A0304,광명시,2017,7731
A0304,광명시,2018,7948
A0304,광명시,2019,6448
A0304,광명시,2020,7961
A0304,광명시,2021,7165
A0304,광명시,2022,5710
A0304,광명시,2023,5274
A0304,광명시,2024,4793
A0304,광명시,2025,4806
A0305,광주시,2016,7743
A0305,광주시,2017,8053
A0305,광주시,2018,9065
A0305,광주시,2019,9050
A0305,광주시,2020,10426
A0305,광주시,2021,9927
A0305,광주시,2022,9970
A0305,광주시,2023,9480
A0305,광주시,2024,9080
A0305,광주시,2025,8751
A0306,구리시,2016,4403
A0306,구리시,2017,5235
A0306,구리시,2018,5803
A0306,구리시,2019,5639
A0306,구리시,2020,7294
A0306,구리시,2021,8358
A0306,구리시,2022,4909
A0306,구리시,2023,4928
A0306,구리시,2024,4881
A0306,구리시,2025,3951
A0307,군포시,2016,4722
A0307,군포시,2017,4869
A0307,군포시,2018,5729
A0307,군포시,2019,5811
A0307,군포시,2020,5957
A0307,군포시,2021,5677
A0307,군포시,2022,5579
A0307,군포시,2023,4794
A0307,군포시,2024,4208
A0307,군포시,2025,3935
A0308,김포시,2016,12547
A0308,김포시,2017,13972
A0308,김포시,2018,17072
A0308,김포시,2019,14533
A0308,김포시,2020,19262
A0308,김포시,2021,17795
A0308,김포시,2022,16907
A0308,김포시,2023,15645
A0308,김포시,2024,18250
A0308,김포시,2025,19215
A0309,남양주시,2016,13101
A0309,남양주시,2017,15573
A0309,남양주시,2018,17081
A0309,남양주시,2019,20036
A0309,남양주시,2020,22126
A0309,남양주시,2021,21681
A0309,남양주시,2022,19862
A0309,남양주시,2023,18856
A0309,남양주시,2024,18706
A0309,남양주시,2025,18163
A0310,동두천시,2016,1732
A0310,동두천시,2017,1702
A0310,동두천시,2018,1770
A0310,동두천시,2019,1796
A0310,동두천시,2020,2062
A0310,동두천시,2021,1907
A0310,동두천시,2022,1853
A0310,동두천시,2023,1737
A0310,동두천시,2024,1539
A0310,동두천시,2025,1552
A0311,부천시,2016,18843
A0311,부천시,2017,18767
A0311,부천시,2018,19158
A0311,부천시,2019,21025
A0311,부천시,2020,21861
A0311,부천시,2021,20317
A0311,부천시,2022,18814
A0311,부천시,2023,17940
A0311,부천시,2024,16214
A0311,부천시,2025,15546
A0312,성남시,2016,19689
A0312,성남시,2017,20459
A0312,성남시,2018,24211
A0312,성남시,2019,20803
A0312,성남시,2020,24056
A0312,성남시,2021,22036
A0312,성남시,2022,19399
A0312,성남시,2023,18478
A0312,성남시,2024,16141
A0312,성남시,2025,15932
A0313,수원시,2016,25288
A0313,수원시,2017,26738
A0313,수원시,2018,27230
A0313,수원시,2019,25181
A0313,수원시,2020,32839
A0313,수원시,2021,30592
A0313,수원시,2022,27889
A0313,수원시,2023,26040
A0313,수원시,2024,23884
A0313,수원시,2025,22595
A0314,시흥시,2016,15176
A0314,시흥시,2017,14311
A0314,시흥시,2018,15393
A0314,시흥시,2019,14344
A0314,시흥시,2020,17253
A0314,시흥시,2021,20354
A0314,시흥시,2022,17529
A0314,시흥시,2023,14682
A0314,시흥시,2024,13084
A0314,시흥시,2025,12393
A0315,안산시,2016,16589
A0315,안산시,2017,16723
A0315,안산시,2018,17047
A0315,안산시,2019,16494
A0315,안산시,2020,19426
A0315,안산시,2021,26105
A0315,안산시,2022,19537
A0315,안산시,2023,18734
A0315,안산시,2024,19596
A0315,안산시,2025,14701
A0316,안성시,2016,3861
A0316,안성시,2017,3972
A0316,안성시,2018,4329
A0316,안성시,2019,4341
A0316,안성시,2020,5233
A0316,안성시,2021,5059
A0316,안성시,2022,4839
A0316,안성시,2023,4609
A0316,안성시,2024,4569
A0316,안성시,2025,4801
A0317,안양시,2016,12284
A0317,안양시,2017,11821
A0317,안양시,2018,15037
A0317,안양시,2019,12653
A0317,안양시,2020,14924
A0317,안양시,2021,13756
A0317,안양시,2022,12795
A0317,안양시,2023,11194
A0317,안양시,2024,11969
A0317,안양시,2025,12481
A0318,양주시,2016,4368
A0318,양주시,2017,4990
A0318,양주시,2018,5137
A0318,양주시,2019,5389
A0318,양주시,2020,6441
A0318,양주시,2021,7228
A0318,양주시,2022,7613
A0318,양주시,2023,8150
A0318,양주시,2024,7654
A0318,양주시,2025,10313
A0319,양평군,2016,1939
A0319,양평군,2017,2343
A0319,양평군,2018,2686
A0319,양평군,2019,2618
A0319,양평군,2020,2913
A0319,양평군,2021,2929
A0319,양평군,2022,2888
A0319,양평군,2023,3761
A0319,양평군,2024,4512
A0319,양평군,2025,7701
A0320,여주시,2016,3143
A0320,여주시,2017,2951
A0320,여주시,2018,3456
A0320,여주시,2019,3233
A0320,여주시,2020,3286
A0320,여주시,2021,3149
A0320,여주시,2022,3413
A0320,여주시,2023,3446
A0320,여주시,2024,3356
A0320,여주시,2025,3129
A0321,연천군,2016,1324
A0321,연천군,2017,1291
A0321,연천군,2018,1419
A0321,연천군,2019,1500
A0321,연천군,2020,1530
A0321,연천군,2021,1403
A0321,연천군,2022,1300
A0321,연천군,2023,1218
A0321,연천군,2024,1247
A0321,연천군,2025,1225
A0322,오산시,2016,4437
A0322,오산시,2017,5834
A0322,오산시,2018,5348
A0322,오산시,2019,4671
A0322,오산시,2020,6222
A0322,오산시,2021,6105
A0322,오산시,2022,6344
A0322,오산시,2023,5388
A0322,오산시,2024,5394
A0322,오산시,2025,5150
A0323,용인시,2016,18358
A0323,용인시,2017,21389
A0323,용인시,2018,24426
A0323,용인시,2019,23027
A0323,용인시,2020,27349
A0323,용인시,2021,24609
A0323,용인시,2022,23652
A0323,용인시,2023,28232
A0323,용인시,2024,29580
A0323,용인시,2025,27458
A0324,의왕시,2016,2539
A0324,의왕시,2017,2272
A0324,의왕시,2018,2867
A0324,의왕시,2019,3111
A0324,의왕시,2020,3734
A0324,의왕시,2021,3572
A0324,의왕시,2022,2930
A0324,의왕시,2023,2688
A0324,의왕시,2024,2433
A0324,의왕시,2025,2239
A0325,의정부시,2016,9554
A0325,의정부시,2017,9065
A0325,의정부시,2018,10215
A0325,의정부시,2019,9413
A0325,의정부시,2020,12136
A0325,의정부시,2021,11898
A0325,의정부시,2022,11127
A0325,의정부시,2023,10438
A0325,의정부시,2024,9228
A0325,의정부시,2025,8939
A0326,이천시,2016,4944
A0326,이천시,2017,6092
A0326,이천시,2018,6071
A0326,이천시,2019,5447
A0326,이천시,2020,5747
A0326,이천시,2021,5314
A0326,이천시,2022,5369
A0326,이천시,2023,5027
A0326,이천시,2024,4704
A0326,이천시,2025,4963
A0327,파주시,2016,9930
A0327,파주시,2017,11094
A0327,파주시,2018,12391
A0327,파주시,2019,13055
A0327,파주시,2020,13861
A0327,파주시,2021,15620
A0327,파주시,2022,16644
A0327,파주시,2023,14753
A0327,파주시,2024,14486
A0327,파주시,2025,14542
A0328,평택시,2016,13597
A0328,평택시,2017,14058
A0328,평택시,2018,15282
A0328,평택시,2019,14976
A0328,평택시,2020,19400
A0328,평택시,2021,23518
A0328,평택시,2022,21602
A0328,평택시,2023,17922
A0328,평택시,2024,15949
A0328,평택시,2025,15068
A0329,포천시,2016,4199
A0329,포천시,2017,4165
A0329,포천시,2018,4088
A0329,포천시,2019,4356
A0329,포천시,2020,4657
A0329,포천시,2021,4709
A0329,포천시,2022,4670
A0329,포천시,2023,4011
A0329,포천시,2024,3819
A0329,포천시,2025,5064
A0330,하남시,2016,10870
A0330,하남시,2017,14244
A0330,하남시,2018,13128
A0330,하남시,2019,10662
A0330,하남시,2020,13164
A0330,하남시,2021,11541
A0330,하남시,2022,10256
A0330,하남시,2023,8959
A0330,하남시,2024,7959
A0330,하남시,2025,7484
A0331,화성시,2016,20923
A0331,화성시,2017,24742
A0331,화성시,2018,27181
A0331,화성시,2019,25048
A0331,화성시,2020,30947
A0331,화성시,2021,32062
A0331,화성시,2022,31112
A0331,화성시,2023,27473
A0331,화성시,2024,26783
A0331,화성시,2025,27199
A04,강원,2016,32827
A04,강원,2017,33558
A04,강원,2018,34138
A04,강원,2019,33268
A04,강원,2020,38787
A04,강원,2021,35644
A04,강원,2022,36202
A04,강원,2023,33793
A04,강원,2024,31472
A04,강원,2025,30167
A0401,강릉시,2016,5404
A0401,강릉시,2017,4943
A0401,강릉시,2018,4970
A0401,강릉시,2019,4818
A0401,강릉시,2020,5327
A0401,강릉시,2021,4854
A0401,강릉시,2022,5454
A0401,강릉시,2023,4516
A0401,강릉시,2024,4319
A0401,강릉시,2025,4056
A0402,고성군,2016,491
A0402,고성군,2017,632
A0402,고성군,2018,669
A0402,고성군,2019,594
A0402,고성군,2020,764
A0402,고성군,2021,816
A0402,고성군,2022,1086
A0402,고성군,2023,887
A0402,고성군,2024,626
A0402,고성군,2025,609
A0403,동해시,2016,1791
A0403,동해시,2017,1766
A0403,동해시,2018,1705
A0403,동해시,2019,1749
A0403,동해시,2020,1895
A0403,동해시,2021,1715
A0403,동해시,2022,1696
A0403,동해시,2023,1639
A0403,동해시,2024,1644
A0403,동해시,2025,1518
A0404,삼척시,2016,1017
A0404,삼척시,2017,1029
A0404,삼척시,2018,1168
A0404,삼척시,2019,1210
A0404,삼척시,2020,1262
A0404,삼척시,2021,1127
A0404,삼척시,2022,1046
A0404,삼척시,2023,1012
A0404,삼척시,2024,918
A0404,삼척시,2025,881
A0405,속초시,2016,2999
A0405,속초시,2017,2632
A0405,속초시,2018,2871
A0405,속초시,2019,2822
A0405,속초시,2020,4261
A0405,속초시,2021,3890
A0405,속초시,2022,3202
A0405,속초시,2023,2806
A0405,속초시,2024,2015
A0405,속초시,2025,1801
A0406,양구군,2016,403
A0406,양구군,2017,503
A0406,양구군,2018,649
A0406,양구군,2019,531
A0406,양구군,2020,454
A0406,양구군,2021,406
A0406,양구군,2022,414
A0406,양구군,2023,413
A0406,양구군,2024,331
A0406,양구군,2025,317
A0407,양양군,2016,603
A0407,양양군,2017,652
A0407,양양군,2018,907
A0407,양양군,2019,816
A0407,양양군,2020,977
A0407,양양군,2021,1840
A0407,양양군,2022,1735
A0407,양양군,2023,1256
A0407,양양군,2024,1124
A0407,양양군,2025,791
A0408,영월군,2016,623
A0408,영월군,2017,665
A0408,영월군,2018,677
A0408,영월군,2019,714
A0408,영월군,2020,844
A0408,영월군,2021,689
A0408,영월군,2022,695
A0408,영월군,2023,679
A0408,영월군,2024,581
A0408,영월군,2025,530
A0409,원주시,2016,7863
A0409,원주시,2017,8039
A0409,원주시,2018,7798
A0409,원주시,2019,7869
A0409,원주시,2020,9695
A0409,원주시,2021,7953
A0409,원주시,2022,7985
A0409,원주시,2023,8375
A0409,원주시,2024,8712
A0409,원주시,2025,9294
A0410,인제군,2016,559
A0410,인제군,2017,588
A0410,인제군,2018,856
A0410,인제군,2019,802
A0410,인제군,2020,776
A0410,인제군,2021,761
A0410,인제군,2022,707
A0410,인제군,2023,638
A0410,인제군,2024,627
A0410,인제군,2025,562
A0411,정선군,2016,674
A0411,정선군,2017,716
A0411,정선군,2018,742
A0411,정선군,2019,741
A0411,정선군,2020,829
A0411,정선군,2021,708
A0411,정선군,2022,885
A0411,정선군,2023,722
A0411,정선군,2024,613
A0411,정선군,2025,534
A0412,철원군,2016,685
A0412,철원군,2017,735
A0412,철원군,2018,708
A0412,철원군,2019,766
A0412,철원군,2020,795
A0412,철원군,2021,672
A0412,철원군,2022,682
A0412,철원군,2023,814
A0412,철원군,2024,610
A0412,철원군,2025,619
A0413,춘천시,2016,5470
A0413,춘천시,2017,5871
A0413,춘천시,2018,5770
A0413,춘천시,2019,5452
A0413,춘천시,2020,6249
A0413,춘천시,2021,5828
A0413,춘천시,2022,6350
A0413,춘천시,2023,5566
A0413,춘천시,2024,5125
A0413,춘천시,2025,4823
A0414,태백시,2016,665
A0414,태백시,2017,648
A0414,태백시,2018,683
A0414,태백시,2019,627
A0414,태백시,2020,672
A0414,태백시,2021,571
A0414,태백시,2022,565
A0414,태백시,2023,639
A0414,태백시,2024,586
A0414,태백시,2025,502
A0415,평창군,2016,1070
A0415,평창군,2017,1536
A0415,평창군,2018,1031
A0415,평창군,2019,974
A0415,평창군,2020,1038
A0415,평창군,2021,960
A0415,평창군,2022,1014
A0415,평창군,2023,910
A0415,평창군,2024,893
A0415,평창군,2025,770
A0416,홍천군,2016,1284
A0416,홍천군,2017,1419
A0416,홍천군,2018,1464
A0416,홍천군,2019,1523
A0416,홍천군,2020,1554
A0416,홍천군,2021,1530
A0416,홍천군,2022,1482
A0416,홍천군,2023,1552
A0416,홍천군,2024,1542
A0416,홍천군,2025,1236
A0417,화천군,2016,386
A0417,화천군,2017,415
A0417,화천군,2018,668
A0417,화천군,2019,449
A0417,화천군,2020,488
A0417,화천군,2021,440
A0417,화천군,2022,362
A0417,화천군,2023,420
A0417,화천군,2024,350
A0417,화천군,2025,301
A0418,횡성군,2016,840
A0418,횡성군,2017,769
A0418,횡성군,2018,802
A0418,횡성군,2019,811
A0418,횡성군,2020,907
A0418,횡성군,2021,884
A0418,횡성군,2022,842
A0418,횡성군,2023,949
A0418,횡성군,2024,856
A0418,횡성군,2025,1023
A05,대전,2016,29049
A05,대전,2017,29776
A05,대전,2018,30613
A05,대전,2019,30961
A05,대전,2020,36335
A05,대전,2021,32603
A05,대전,2022,31147
A05,대전,2023,30951
A05,대전,2024,28966
A05,대전,2025,27951
A0501,대덕구,2016,3746
A0501,대덕구,2017,3535
A0501,대덕구,2018,3339
A0501,대덕구,2019,3596
A0501,대덕구,2020,4129
A0501,대덕구,2021,3584
A0501,대덕구,2022,3639
A0501,대덕구,2023,3429
A0501,대덕구,2024,3202
A0501,대덕구,2025,3017
A0502,동구,2016,3619
A0502,동구,2017,3798
A0502,동구,2018,3883
A0502,동구,2019,3898
A0502,동구,2020,4619
A0502,동구,2021,4108
A0502,동구,2022,4137
A0502,동구,2023,3839
A0502,동구,2024,3729
A0502,동구,2025,3351
A0503,서구,2016,9369
A0503,서구,2017,9680
A0503,서구,2018,10269
A0503,서구,2019,10514
A0503,서구,2020,12405
A0503,서구,2021,10680
A0503,서구,2022,10328
A0503,서구,2023,10820
A0503,서구,2024,10220
A0503,서구,2025,10206
A0504,유성구,2016,7341
A0504,유성구,2017,7790
A0504,유성구,2018,8170
A0504,유성구,2019,8050
A0504,유성구,2020,9783
A0504,유성구,2021,9198
A0504,유성구,2022,8284
A0504,유성구,2023,8387
A0504,유성구,2024,7351
A0504,유성구,2025,7376
A0505,중구,2016,4974
A0505,중구,2017,4973
A0505,중구,2018,4952
A0505,중구,2019,4903
A0505,중구,2020,5399
A0505,중구,2021,5033
A0505,중구,2022,4759
A0505,중구,2023,4476
A0505,중구,2024,4464
A0505,중구,2025,4001
A06,충북,2016,32099
A06,충북,2017,32225
A06,충북,2018,33208
A06,충북,2019,34306
A06,충북,2020,37811
A06,충북,2021,36245
A06,충북,2022,35661
A06,충북,2023,34446
A06,충북,2024,32018
A06,충북,2025,30815
A0601,괴산군,2016,624
A0601,괴산군,2017,626
A0601,괴산군,2018,666
A0601,괴산군,2019,756
A0601,괴산군,2020,737
A0601,괴산군,2021,793
A0601,괴산군,2022,761
A0601,괴산군,2023,760
A0601,괴산군,2024,701
A0601,괴산군,2025,666
A0602,단양군,2016,563
A0602,단양군,2017,608
A0602,단양군,2018,680
A0602,단양군,2019,730
A0602,단양군,2020,625
A0602,단양군,2021,534
A0602,단양군,2022,541
A0602,단양군,2023,565
A0602,단양군,2024,555
A0602,단양군,2025,485
A0603,보은군,2016,480
A0603,보은군,2017,524
A0603,보은군,2018,595
A0603,보은군,2019,670
A0603,보은군,2020,752
A0603,보은군,2021,707
A0603,보은군,2022,560
A0603,보은군,2023,632
A0603,보은군,2024,491
A0603,보은군,2025,492
A0604,영동군,2016,600
A0604,영동군,2017,566
A0604,영동군,2018,671
A0604,영동군,2019,773
A0604,영동군,2020,773
A0604,영동군,2021,887
A0604,영동군,2022,719
A0604,영동군,2023,879
A0604,영동군,2024,727
A0604,영동군,2025,660
A0605,옥천군,2016,900
A0605,옥천군,2017,926
A0605,옥천군,2018,1025
A0605,옥천군,2019,1225
A0605,옥천군,2020,1191
A0605,옥천군,2021,1105
A0605,옥천군,2022,1029
A0605,옥천군,2023,1124
A0605,옥천군,2024,1021
A0605,옥천군,2025,876
A0606,음성군,2016,2515
A0606,음성군,2017,2513
A0606,음성군,2018,2544
A0606,음성군,2019,2656
A0606,음성군,2020,2742
A0606,음성군,2021,2951
A0606,음성군,2022,3276
A0606,음성군,2023,2601
A0606,음성군,2024,2394
A0606,음성군,2025,2343
A0607,제천시,2016,2734
A0607,제천시,2017,2680
A0607,제천시,2018,2593
A0607,제천시,2019,2681
A0607,제천시,2020,2771
A0607,제천시,2021,2564
A0607,제천시,2022,2581
A0607,제천시,2023,2571
A0607,제천시,2024,2175
A0607,제천시,2025,2167
A0608,증평군,2016,776
A0608,증평군,2017,757
A0608,증평군,2018,799
A0608,증평군,2019,851
A0608,증평군,2020,804
A0608,증평군,2021,735
A0608,증평군,2022,754
A0608,증평군,2023,823
A0608,증평군,2024,735
A0608,증평군,2025,651
A0609,진천군,2016,1759
A0609,진천군,2017,1778
A0609,진천군,2018,1991
A0609,진천군,2019,2039
A0609,진천군,2020,2142
A0609,진천군,2021,2151
A0609,진천군,2022,2022
A0609,진천군,2023,1920
A0609,진천군,2024,1778
A0609,진천군,2025,1613
A0610,청주시,2016,17027
A0610,청주시,2017,16959
A0610,청주시,2018,17434
A0610,청주시,2019,17351
A0610,청주시,2020,20222
A0610,청주시,2021,19330
A0610,청주시,2022,18979
A0610,청주시,2023,18461
A0610,청주시,2024,17558
A0610,청주시,2025,16867
A0611,충주시,2016,4121
A0611,충주시,2017,4288
A0611,충주시,2018,4210
A0611,충주시,2019,4574
A0611,충주시,2020,5052
A0611,충주시,2021,4488
A0611,충주시,2022,4439
A0611,충주시,2023,4110
A0611,충주시,2024,3883
A0611,충주시,2025,3995
A07,충남,2016,43009
A07,충남,2017,46265
A07,충남,2018,48048
A07,충남,2019,47285
A07,충남,2020,53876
A07,충남,2021,52797
A07,충남,2022,53702
A07,충남,2023,48638
A07,충남,2024,45988
A07,충남,2025,44558
A0701,계룡시,2016,591
A0701,계룡시,2017,591
A0701,계룡시,2018,640
A0701,계룡시,2019,598
A0701,계룡시,2020,800
A0701,계룡시,2021,684
A0701,계룡시,2022,661
A0701,계룡시,2023,756
A0701,계룡시,2024,652
A0701,계룡시,2025,646
A0702,공주시,2016,1957
A0702,공주시,2017,2172
A0702,공주시,2018,2340
A0702,공주시,2019,2199
A0702,공주시,2020,2499
A0702,공주시,2021,2416
A0702,공주시,2022,1998
A0702,공주시,2023,2217
A0702,공주시,2024,2046
A0702,공주시,2025,1939
A0703,금산군,2016,1050
A0703,금산군,2017,1166
A0703,금산군,2018,1465
A0703,금산군,2019,1191
A0703,금산군,2020,1364
A0703,금산군,2021,1288
A0703,금산군,2022,1259
A0703,금산군,2023,1208
A0703,금산군,2024,1064
A0703,금산군,2025,882
A0704,논산시,2016,2100
A0704,논산시,2017,2546
A0704,논산시,2018,2746
A0704,논산시,2019,2737
A0704,논산시,2020,2867
A0704,논산시,2021,2462
A0704,논산시,2022,2438
A0704,논산시,2023,2537
A0704,논산시,2024,2063
A0704,논산시,2025,2025
A0705,당진시,2016,3492
A0705,당진시,2017,3604
A0705,당진시,2018,3498
A0705,당진시,2019,3610
A0705,당진시,2020,4110
A0705,당진시,2021,3909
A0705,당진시,2022,3888
A0705,당진시,2023,3917
A0705,당진시,2024,3817
A0705,당진시,2025,3727
A0706,보령시,2016,2104
A0706,보령시,2017,2093
A0706,보령시,2018,2295
A0706,보령시,2019,2153
A0706,보령시,2020,2345
A0706,보령시,2021,2094
A0706,보령시,2022,1970
A0706,보령시,2023,1963
A0706,보령시,2024,1847
A0706,보령시,2025,1807
A0707,부여군,2016,867
A0707,부여군,2017,1362
A0707,부여군,2018,1517
A0707,부여군,2019,1258
A0707,부여군,2020,1152
A0707,부여군,2021,1150
A0707,부여군,2022,1003
A0707,부여군,2023,1053
A0707,부여군,2024,1000
A0707,부여군,2025,939
A0708,서산시,2016,3266
A0708,서산시,2017,3684
A0708,서산시,2018,3686
A0708,서산시,2019,3681
A0708,서산시,2020,3944
A0708,서산시,2021,3540
A0708,서산시,2022,3364
A0708,서산시,2023,3266
A0708,서산시,2024,3113
A0708,서산시,2025,3320
A0709,서천군,2016,919
A0709,서천군,2017,945
A0709,서천군,2018,952
A0709,서천군,2019,1147
A0709,서천군,2020,1286
A0709,서천군,2021,1116
A0709,서천군,2022,1159
A0709,서천군,2023,1079
A0709,서천군,2024,1029
A0709,서천군,2025,830
A0710,아산시,2016,6745
A0710,아산시,2017,7258
A0710,아산시,2018,7586
A0710,아산시,2019,7393
A0710,아산시,2020,9003
A0710,아산시,2021,10094
A0710,아산시,2022,12723
A0710,아산시,2023,8700
A0710,아산시,2024,7822
A0710,아산시,2025,7648
A0711,예산군,2016,1402
A0711,예산군,2017,1590
A0711,예산군,2018,1697
A0711,예산군,2019,1734
A0711,예산군,2020,1828
A0711,예산군,2021,1605
A0711,예산군,2022,1679
A0711,예산군,2023,1703
A0711,예산군,2024,1597
A0711,예산군,2025,1583
A0712,천안시,2016,14280
A0712,천안시,2017,15235
A0712,천안시,2018,15394
A0712,천안시,2019,15425
A0712,천안시,2020,17976
A0712,천안시,2021,17952
A0712,천안시,2022,17110
A0712,천안시,2023,16154
A0712,천안시,2024,16145
A0712,천안시,2025,15396
A0713,청양군,2016,616
A0713,청양군,2017,569
A0713,청양군,2018,556
A0713,청양군,2019,588
A0713,청양군,2020,604
A0713,청양군,2021,578
A0713,청양군,2022,595
A0713,청양군,2023,565
A0713,청양군,2024,567
A0713,청양군,2025,761
A0714,태안군,2016,1486
A0714,태안군,2017,1418
A0714,태안군,2018,1605
A0714,태안군,2019,1574
A0714,태안군,2020,1838
A0714,태안군,2021,1594
A0714,태안군,2022,1670
A0714,태안군,2023,1614
A0714,태안군,2024,1415
A0714,태안군,2025,1241
A0715,홍성군,2016,2134
A0715,홍성군,2017,2032
A0715,홍성군,2018,2071
A0715,홍성군,2019,1997
A0715,홍성군,2020,2260
A0715,홍성군,2021,2315
A0715,홍성군,2022,2185
A0715,홍성군,2023,1906
A0715,홍성군,2024,1811
A0715,홍성군,2025,1814
A08,세종,2016,9099
A08,세종,2017,9832
A08,세종,2018,9217
A08,세종,2019,8186
A08,세종,2020,9809
A08,세종,2021,8570
A08,세종,2022,8202
A08,세종,2023,7669
A08,세종,2024,7558
A08,세종,2025,6694
A09,광주,2016,29064
A09,광주,2017,30104
A09,광주,2018,31967
A09,광주,2019,31512
A09,광주,2020,35346
A09,광주,2021,31941
A09,광주,2022,30176
A09,광주,2023,28942
A09,광주,2024,26575
A09,광주,2025,24212
A0901,광산구,2016,7988
A0901,광산구,2017,8539
A0901,광산구,2018,8936
A0901,광산구,2019,9112
A0901,광산구,2020,10246
A0901,광산구,2021,9017
A0901,광산구,2022,8894
A0901,광산구,2023,8637
A0901,광산구,2024,7944
A0901,광산구,2025,7387
A0902,남구,2016,3222
A0902,남구,2017,3528
A0902,남구,2018,3982
A0902,남구,2019,3766
A0902,남구,2020,4203
A0902,남구,2021,3817
A0902,남구,2022,3387
A0902,남구,2023,3253
A0902,남구,2024,3129
A0902,남구,2025,2653
A0903,동구,2016,2780
A0903,동구,2017,2851
A0903,동구,2018,3071
A0903,동구,2019,2998
A0903,동구,2020,3535
A0903,동구,2021,3322
A0903,동구,2022,3103
A0903,동구,2023,2675
A0903,동구,2024,2360
A0903,동구,2025,2057
A0904,북구,2016,7807
A0904,북구,2017,7957
A0904,북구,2018,8454
A0904,북구,2019,8343
A0904,북구,2020,9286
A0904,북구,2021,8406
A0904,북구,2022,8168
A0904,북구,2023,7841
A0904,북구,2024,7274
A0904,북구,2025,6701
A0905,서구,2016,7267
A0905,서구,2017,7229
A0905,서구,2018,7524
A0905,서구,2019,7293
A0905,서구,2020,8076
A0905,서구,2021,7379
A0905,서구,2022,6624
A0905,서구,2023,6536
A0905,서구,2024,5868
A0905,서구,2025,5414
A10,전북,2016,34165
A10,전북,2017,42226
A10,전북,2018,45183
A10,전북,2019,40812
A10,전북,2020,42972
A10,전북,2021,38318
A10,전북,2022,38064
A10,전북,2023,40570
A10,전북,2024,41243
A10,전북,2025,34385
A1001,고창군,2016,816
A1001,고창군,2017,1281
A1001,고창군,2018,1713
A1001,고창군,2019,1298
A1001,고창군,2020,1211
A1001,고창군,2021,994
A1001,고창군,2022,1047
A1001,고창군,2023,1326
A1001,고창군,2024,1219
A1001,고창군,2025,929
A1002,군산시,2016,5546
A1002,군산시,2017,5315
A1002,군산시,2018,5684
A1002,군산시,2019,5665
A1002,군산시,2020,6050
A1002,군산시,2021,5442
A1002,군산시,2022,5355
A1002,군산시,2023,5521
A1002,군산시,2024,5735
A1002,군산시,2025,5176
A1003,김제시,2016,1443
A1003,김제시,2017,2884
A1003,김제시,2018,2346
A1003,김제시,2019,2190
A1003,김제시,2020,2227
A1003,김제시,2021,1940
A1003,김제시,2022,2096
A1003,김제시,2023,2347
A1003,김제시,2024,2284
A1003,김제시,2025,1425
A1004,남원시,2016,1278
A1004,남원시,2017,1981
A1004,남원시,2018,3083
A1004,남원시,2019,1753
A1004,남원시,2020,1836
A1004,남원시,2021,1847
A1004,남원시,2022,1901
A1004,남원시,2023,2012
A1004,남원시,2024,1802
A1004,남원시,2025,1287
A1005,무주군,2016,369
A1005,무주군,2017,508
A1005,무주군,2018,550
A1005,무주군,2019,587
A1005,무주군,2020,540
A1005,무주군,2021,500
A1005,무주군,2022,556
A1005,무주군,2023,610
A1005,무주군,2024,948
A1005,무주군,2025,354
A1006,부안군,2016,911
A1006,부안군,2017,1732
A1006,부안군,2018,1521
A1006,부안군,2019,1256
A1006,부안군,2020,1243
A1006,부안군,2021,1037
A1006,부안군,2022,1158
A1006,부안군,2023,1305
A1006,부안군,2024,1420
A1006,부안군,2025,1333
A1007,순창군,2016,347
A1007,순창군,2017,453
A1007,순창군,2018,655
A1007,순창군,2019,548
A1007,순창군,2020,515
A1007,순창군,2021,435
A1007,순창군,2022,509
A1007,순창군,2023,839
A1007,순창군,2024,813
A1007,순창군,2025,400
A1008,완주군,2016,1882
A1008,완주군,2017,2018
A1008,완주군,2018,2270
A1008,완주군,2019,2240
A1008,완주군,2020,2286
A1008,완주군,2021,2311
A1008,완주군,2022,2154
A1008,완주군,2023,2472
A1008,완주군,2024,2472
A1008,완주군,2025,2126
A1009,익산시,2016,5218
A1009,익산시,2017,6172
A1009,익산시,2018,6830
A1009,익산시,2019,5832
A1009,익산시,2020,6209
A1009,익산시,2021,5371
A1009,익산시,2022,5538
A1009,익산시,2023,5791
A1009,익산시,2024,5511
A1009,익산시,2025,4777
A1010,임실군,2016,370
A1010,임실군,2017,1062
A1010,임실군,2018,1048
A1010,임실군,2019,763
A1010,임실군,2020,703
A1010,임실군,2021,509
A1010,임실군,2022,652
A1010,임실군,2023,879
A1010,임실군,2024,1246
A1010,임실군,2025,495
A1011,장수군,2016,269
A1011,장수군,2017,575
A1011,장수군,2018,680
A1011,장수군,2019,524
A1011,장수군,2020,710
A1011,장수군,2021,491
A1011,장수군,2022,432
A1011,장수군,2023,501
A1011,장수군,2024,498
A1011,장수군,2025,395
A1012,전주시,2016,13234
A1012,전주시,2017,13998
A1012,전주시,2018,14777
A1012,전주시,2019,14972
A1012,전주시,2020,15857
A1012,전주시,2021,14280
A1012,전주시,2022,13593
A1012,전주시,2023,13887
A1012,전주시,2024,14136
A1012,전주시,2025,13394
A1013,정읍시,2016,2106
A1013,정읍시,2017,3779
A1013,정읍시,2018,3559
A1013,정읍시,2019,2543
A1013,정읍시,2020,2783
A1013,정읍시,2021,2314
A1013,정읍시,2022,2210
A1013,정읍시,2023,2545
A1013,정읍시,2024,2483
A1013,정읍시,2025,1802
A1014,진안군,2016,376
A1014,진안군,2017,468
A1014,진안군,2018,467
A1014,진안군,2019,641
A1014,진안군,2020,802
A1014,진안군,2021,847
A1014,진안군,2022,863
A1014,진안군,2023,535
A1014,진안군,2024,676
A1014,진안군,2025,492
A11,전남,2016,34525
A11,전남,2017,39416
A11,전남,2018,41825
A11,전남,2019,39082
A11,전남,2020,42586
A11,전남,2021,37954
A11,전남,2022,36651
A11,전남,2023,37454
A11,전남,2024,35962
A11,전남,2025,30109
A1101,강진군,2016,572
A1101,강진군,2017,880
A1101,강진군,2018,1006
A1101,강진군,2019,750
A1101,강진군,2020,724
A1101,강진군,2021,675
A1101,강진군,2022,552
A1101,강진군,2023,727
A1101,강진군,2024,747
A1101,강진군,2025,587
A1102,고흥군,2016,783
A1102,고흥군,2017,1889
A1102,고흥군,2018,1203
A1102,고흥군,2019,1223
A1102,고흥군,2020,1394
A1102,고흥군,2021,1133
A1102,고흥군,2022,1162
A1102,고흥군,2023,1323
A1102,고흥군,2024,1217
A1102,고흥군,2025,1154
A1103,곡성군,2016,400
A1103,곡성군,2017,438
A1103,곡성군,2018,528
A1103,곡성군,2019,571
A1103,곡성군,2020,543
A1103,곡성군,2021,468
A1103,곡성군,2022,444
A1103,곡성군,2023,484
A1103,곡성군,2024,455
A1103,곡성군,2025,349
A1104,광양시,2016,2976
A1104,광양시,2017,3143
A1104,광양시,2018,3175
A1104,광양시,2019,3054
A1104,광양시,2020,3322
A1104,광양시,2021,2898
A1104,광양시,2022,2918
A1104,광양시,2023,2757
A1104,광양시,2024,2699
A1104,광양시,2025,2581
A1105,구례군,2016,387
A1105,구례군,2017,338
A1105,구례군,2018,348
A1105,구례군,2019,418
A1105,구례군,2020,545
A1105,구례군,2021,416
A1105,구례군,2022,436
A1105,구례군,2023,447
A1105,구례군,2024,426
A1105,구례군,2025,360
A1106,나주시,2016,2882
A1106,나주시,2017,2920
A1106,나주시,2018,3068
A1106,나주시,2019,2989
A1106,나주시,2020,3901
A1106,나주시,2021,3219
A1106,나주시,2022,3249
A1106,나주시,2023,3537
A1106,나주시,2024,3012
A1106,나주시,2025,2526
A1107,담양군,2016,789
A1107,담양군,2017,818
A1107,담양군,2018,764
A1107,담양군,2019,920
A1107,담양군,2020,1020
A1107,담양군,2021,975
A1107,담양군,2022,1101
A1107,담양군,2023,1207
A1107,담양군,2024,1257
A1107,담양군,2025,799
A1108,목포시,2016,4651
A1108,목포시,2017,4838
A1108,목포시,2018,4666
A1108,목포시,2019,4602
A1108,목포시,2020,4780
A1108,목포시,2021,4412
A1108,목포시,2022,4203
A1108,목포시,2023,4205
A1108,목포시,2024,3989
A1108,목포시,2025,3625
A1109,무안군,2016,1470
A1109,무안군,2017,2123
A1109,무안군,2018,2537
A1109,무안군,2019,1758
A1109,무안군,2020,1981
A1109,무안군,2021,1825
A1109,무안군,2022,1856
A1109,무안군,2023,1884
A1109,무안군,2024,1628
A1109,무안군,2025,1585
A1110,보성군,2016,598
A1110,보성군,2017,728
A1110,보성군,2018,1157
A1110,보성군,2019,740
A1110,보성군,2020,710
A1110,보성군,2021,567
A1110,보성군,2022,634
A1110,보성군,2023,820
A1110,보성군,2024,1120
A1110,보성군,2025,623
A1111,순천시,2016,5414
A1111,순천시,2017,5803
A1111,순천시,2018,5826
A1111,순천시,2019,5858
A1111,순천시,2020,6184
A1111,순천시,2021,5496
A1111,순천시,2022,5323
A1111,순천시,2023,5224
A1111,순천시,2024,4711
A1111,순천시,2025,4198
A1112,신안군,2016,656
A1112,신안군,2017,683
A1112,신안군,2018,1487
A1112,신안군,2019,802
A1112,신안군,2020,836
A1112,신안군,2021,773
A1112,신안군,2022,780
A1112,신안군,2023,760
A1112,신안군,2024,800
A1112,신안군,2025,598
A1113,여수시,2016,6061
A1113,여수시,2017,6599
A1113,여수시,2018,7281
A1113,여수시,2019,6952
A1113,여수시,2020,7495
A1113,여수시,2021,7179
A1113,여수시,2022,5936
A1113,여수시,2023,5046
A1113,여수시,2024,4644
A1113,여수시,2025,4315
A1114,영광군,2016,828
A1114,영광군,2017,882
A1114,영광군,2018,906
A1114,영광군,2019,953
A1114,영광군,2020,1007
A1114,영광군,2021,840
A1114,영광군,2022,1016
A1114,영광군,2023,951
A1114,영광군,2024,1048
A1114,영광군,2025,891
A1115,영암군,2016,940
A1115,영암군,2017,1522
A1115,영암군,2018,1466
A1115,영암군,2019,1178
A1115,영암군,2020,1529
A1115,영암군,2021,1185
A1115,영암군,2022,1126
A1115,영암군,2023,1353
A1115,영암군,2024,1477
A1115,영암군,2025,979
A1116,완도군,2016,1079
A1116,완도군,2017,1068
A1116,완도군,2018,1027
A1116,완도군,2019,1011
A1116,완도군,2020,1035
A1116,완도군,2021,887
A1116,완도군,2022,818
A1116,완도군,2023,902
A1116,완도군,2024,942
A1116,완도군,2025,755
A1117,장성군,2016,666
A1117,장성군,2017,825
A1117,장성군,2018,862
A1117,장성군,2019,887
A1117,장성군,2020,915
A1117,장성군,2021,813
A1117,장성군,2022,838
A1117,장성군,2023,819
A1117,장성군,2024,847
A1117,장성군,2025,693
A1118,장흥군,2016,657
A1118,장흥군,2017,583
A1118,장흥군,2018,753
A1118,장흥군,2019,643
A1118,장흥군,2020,677
A1118,장흥군,2021,663
A1118,장흥군,2022,732
A1118,장흥군,2023,993
A1118,장흥군,2024,723
A1118,장흥군,2025,594
A1119,진도군,2016,460
A1119,진도군,2017,451
A1119,진도군,2018,600
A1119,진도군,2019,757
A1119,진도군,2020,724
A1119,진도군,2021,576
A1119,진도군,2022,543
A1119,진도군,2023,634
A1119,진도군,2024,550
A1119,진도군,2025,477
A1120,함평군,2016,385
A1120,함평군,2017,464
A1120,함평군,2018,623
A1120,함평군,2019,537
A1120,함평군,2020,525
A1120,함평군,2021,539
A1120,함평군,2022,557
A1120,함평군,2023,714
A1120,함평군,2024,945
A1120,함평군,2025,478
A1121,해남군,2016,989
A1121,해남군,2017,1372
A1121,해남군,2018,1423
A1121,해남군,2019,1232
A1121,해남군,2020,1345
A1121,해남군,2021,1297
A1121,해남군,2022,1108
A1121,해남군,2023,1358
A1121,해남군,2024,1659
A1121,해남군,2025,1045
A1122,화순군,2016,882
A1122,화순군,2017,1049
A1122,화순군,2018,1119
A1122,화순군,2019,1247
A1122,화순군,2020,1394
A1122,화순군,2021,1118
A1122,화순군,2022,1319
A1122,화순군,2023,1309
A1122,화순군,2024,1066
A1122,화순군,2025,897
A12,대구,2016,47395
A12,대구,2017,47293
A12,대구,2018,48268
A12,대구,2019,48058
A12,대구,2020,52029
A12,대구,2021,49608
A12,대구,2022,46761
A12,대구,2023,45886
A12,대구,2024,42128
A12,대구,2025,39232
A1201,남구,2016,2867
A1201,남구,2017,2768
A1201,남구,2018,3067
A1201,남구,2019,2988
A1201,남구,2020,3382
A1201,남구,2021,3397
A1201,남구,2022,3033
A1201,남구,2023,2835
A1201,남구,2024,2472
A1201,남구,2025,2420
A1202,달서구,2016,10357
A1202,달서구,2017,9987
A1202,달서구,2018,10218
A1202,달서구,2019,10589
A1202,달서구,2020,10975
A1202,달서구,2021,10054
A1202,달서구,2022,9710
A1202,달서구,2023,9416
A1202,달서구,2024,8891
A1202,달서구,2025,8096
A1203,달성군,2016,4821
A1203,달성군,2017,4860
A1203,달성군,2018,4537
A1203,달성군,2019,4805
A1203,달성군,2020,5616
A1203,달성군,2021,5318
A1203,달성군,2022,4825
A1203,달성군,2023,4697
A1203,달성군,2024,4208
A1203,달성군,2025,4017
A1204,동구,2016,6625
A1204,동구,2017,6632
A1204,동구,2018,6619
A1204,동구,2019,6521
A1204,동구,2020,7026
A1204,동구,2021,7074
A1204,동구,2022,6700
A1204,동구,2023,6239
A1204,동구,2024,5781
A1204,동구,2025,5257
A1205,북구,2016,8187
A1205,북구,2017,7913
A1205,북구,2018,8074
A1205,북구,2019,8100
A1205,북구,2020,8713
A1205,북구,2021,8434
A1205,북구,2022,8027
A1205,북구,2023,7585
A1205,북구,2024,6928
A1205,북구,2025,6471
A1206,서구,2016,3184
A1206,서구,2017,3069
A1206,서구,2018,3049
A1206,서구,2019,3045
A1206,서구,2020,3051
A1206,서구,2021,3000
A1206,서구,2022,2955
A1206,서구,2023,3000
A1206,서구,2024,2711
A1206,서구,2025,2610
A1207,수성구,2016,7209
A1207,수성구,2017,7620
A1207,수성구,2018,8565
A1207,수성구,2019,8012
A1207,수성구,2020,9045
A1207,수성구,2021,8101
A1207,수성구,2022,7537
A1207,수성구,2023,7554
A1207,수성구,2024,7004
A1207,수성구,2025,6353
A1208,중구,2016,4145
A1208,중구,2017,4444
A1208,중구,2018,4139
A1208,중구,2019,3998
A1208,중구,2020,4221
A1208,중구,2021,4230
A1208,중구,2022,3974
A1208,중구,2023,4170
A1208,중구,2024,3727
A1208,중구,2025,3669
A1209,군위군,2023,390
A1209,군위군,2024,406
A1209,군위군,2025,339
A13,경북,2016,51706
A13,경북,2017,53301
A13,경북,2018,53471
A13,경북,2019,52234
A13,경북,2020,54969
A13,경북,2021,52633
A13,경북,2022,52691
A13,경북,2023,52272
A13,경북,2024,49436
A13,경북,2025,44409
A1301,경산시,2016,4908
A1301,경산시,2017,5268
A1301,경산시,2018,5647
A1301,경산시,2019,5455
A1301,경산시,2020,6107
A1301,경산시,2021,5882
A1301,경산시,2022,5645
A1301,경산시,2023,5383
A1301,경산시,2024,5352
A1301,경산시,2025,4842
A1302,경주시,2016,5680
A1302,경주시,2017,5311
A1302,경주시,2018,5464
A1302,경주시,2019,5471
A1302,경주시,2020,5621
A1302,경주시,2021,5400
A1302,경주시,2022,5592
A1302,경주시,2023,5577
A1302,경주시,2024,5360
A1302,경주시,2025,5021
A1303,고령군,2016,710
A1303,고령군,2017,699
A1303,고령군,2018,767
A1303,고령군,2019,715
A1303,고령군,2020,713
A1303,고령군,2021,774
A1303,고령군,2022,672
A1303,고령군,2023,699
A1303,고령군,2024,657
A1303,고령군,2025,676
A1304,구미시,2016,8236
A1304,구미시,2017,8645
A1304,구미시,2018,8283
A1304,구미시,2019,8046
A1304,구미시,2020,8839
A1304,구미시,2021,7728
A1304,구미시,2022,7707
A1304,구미시,2023,7636
A1304,구미시,2024,7486
A1304,구미시,2025,6965
A1305,군위군,2016,458
A1305,군위군,2017,419
A1305,군위군,2018,550
A1305,군위군,2019,445
A1305,군위군,2020,441
A1305,군위군,2021,471
A1305,군위군,2022,412
A1306,김천시,2016,2772
A1306,김천시,2017,2540
A1306,김천시,2018,2381
A1306,김천시,2019,2283
A1306,김천시,2020,2706
A1306,김천시,2021,2565
A1306,김천시,2022,2590
A1306,김천시,2023,2497
A1306,김천시,2024,2243
A1306,김천시,2025,2153
A1307,문경시,2016,1201
A1307,문경시,2017,1201
A1307,문경시,2018,1361
A1307,문경시,2019,1355
A1307,문경시,2020,1444
A1307,문경시,2021,1245
A1307,문경시,2022,1376
A1307,문경시,2023,1388
A1307,문경시,2024,1199
A1307,문경시,2025,1024
A1308,봉화군,2016,420
A1308,봉화군,2017,341
A1308,봉화군,2018,510
A1308,봉화군,2019,929
A1308,봉화군,2020,457
A1308,봉화군,2021,682
A1308,봉화군,2022,603
A1308,봉화군,2023,526
A1308,봉화군,2024,439
A1308,봉화군,2025,384
A1309,상주시,2016,1513
A1309,상주시,2017,2210
A1309,상주시,2018,2157
A1309,상주시,2019,1669
A1309,상주시,2020,1795
A1309,상주시,2021,1761
A1309,상주시,2022,1919
A1309,상주시,2023,2199
A1309,상주시,2024,1911
A1309,상주시,2025,1267
A1310,성주군,2016,954
A1310,성주군,2017,956
A1310,성주군,2018,989
A1310,성주군,2019,1026
A1310,성주군,2020,972
A1310,성주군,2021,1035
A1310,성주군,2022,912
A1310,성주군,2023,945
A1310,성주군,2024,905
A1310,성주군,2025,783
A1311,안동시,2016,3294
A1311,안동시,2017,3264
A1311,안동시,2018,3220
A1311,안동시,2019,2930
A1311,안동시,2020,3269
A1311,안동시,2021,3175
A1311,안동시,2022,3015
A1311,안동시,2023,3492
A1311,안동시,2024,3066
A1311,안동시,2025,2674
A1312,영덕군,2016,691
A1312,영덕군,2017,921
A1312,영덕군,2018,978
A1312,영덕군,2019,922
A1312,영덕군,2020,995
A1312,영덕군,2021,1136
A1312,영덕군,2022,1109
A1312,영덕군,2023,996
A1312,영덕군,2024,789
A1312,영덕군,2025,728
A1313,영양군,2016,162
A1313,영양군,2017,349
A1313,영양군,2018,418
A1313,영양군,2019,348
A1313,영양군,2020,331
A1313,영양군,2021,318
A1313,영양군,2022,372
A1313,영양군,2023,283
A1313,영양군,2024,295
A1313,영양군,2025,256
A1314,영주시,2016,1912
A1314,영주시,2017,2129
A1314,영주시,2018,1994
A1314,영주시,2019,1883
A1314,영주시,2020,1972
A1314,영주시,2021,1917
A1314,영주시,2022,1881
A1314,영주시,2023,1990
A1314,영주시,2024,2158
A1314,영주시,2025,1529
A1315,영천시,2016,1997
A1315,영천시,2017,2088
A1315,영천시,2018,2054
A1315,영천시,2019,1996
A1315,영천시,2020,2024
A1315,영천시,2021,1994
A1315,영천시,2022,1995
A1315,영천시,2023,2006
A1315,영천시,2024,2018
A1315,영천시,2025,1926
A1316,예천군,2016,959
A1316,예천군,2017,1085
A1316,예천군,2018,1303
A1316,예천군,2019,1186
A1316,예천군,2020,1224
A1316,예천군,2021,1090
A1316,예천군,2022,1291
A1316,예천군,2023,1403
A1316,예천군,2024,1027
A1316,예천군,2025,996
A1317,울릉군,2016,197
A1317,울릉군,2017,179
A1317,울릉군,2018,160
A1317,울릉군,2019,211
A1317,울릉군,2020,209
A1317,울릉군,2021,383
A1317,울릉군,2022,217
A1317,울릉군,2023,167
A1317,울릉군,2024,169
A1317,울릉군,2025,165
A1318,울진군,2016,859
A1318,울진군,2017,893
A1318,울진군,2018,861
A1318,울진군,2019,950
A1318,울진군,2020,939
A1318,울진군,2021,833
A1318,울진군,2022,877
A1318,울진군,2023,770
A1318,울진군,2024,802
A1318,울진군,2025,816
A1319,의성군,2016,783
A1319,의성군,2017,785
A1319,의성군,2018,914
A1319,의성군,2019,916
A1319,의성군,2020,953
A1319,의성군,2021,975
A1319,의성군,2022,993
A1319,의성군,2023,907
A1319,의성군,2024,902
A1319,의성군,2025,711
A1320,청도군,2016,683
A1320,청도군,2017,682
A1320,청도군,2018,703
A1320,청도군,2019,860
A1320,청도군,2020,835
A1320,청도군,2021,784
A1320,청도군,2022,776
A1320,청도군,2023,856
A1320,청도군,2024,798
A1320,청도군,2025,836
A1321,청송군,2016,378
A1321,청송군,2017,415
A1321,청송군,2018,389
A1321,청송군,2019,527
A1321,청송군,2020,552
A1321,청송군,2021,510
A1321,청송군,2022,555
A1321,청송군,2023,504
A1321,청송군,2024,463
A1321,청송군,2025,429
A1322,칠곡군,2016,2753
A1322,칠곡군,2017,2746
A1322,칠곡군,2018,2605
A1322,칠곡군,2019,2615
A1322,칠곡군,2020,2637
A1322,칠곡군,2021,2559
A1322,칠곡군,2022,2696
A1322,칠곡군,2023,2548
A1322,칠곡군,2024,2327
A1322,칠곡군,2025,2269
A1323,포항시,2016,10186
A1323,포항시,2017,10175
A1323,포항시,2018,9763
A1323,포항시,2019,9496
A1323,포항시,2020,9934
A1323,포항시,2021,9416
A1323,포항시,2022,9486
A1323,포항시,2023,9500
A1323,포항시,2024,9070
A1323,포항시,2025,7959
A14,부산,2016,68251
A14,부산,2017,70468
A14,부산,2018,70796
A14,부산,2019,68946
A14,부산,2020,80841
A14,부산,2021,76512
A14,부산,2022,69095
A14,부산,2023,64222
A14,부산,2024,58064
A14,부산,2025,54860
A1401,강서구,2016,5410
A1401,강서구,2017,5531
A1401,강서구,2018,5000
A1401,강서구,2019,4663
A1401,강서구,2020,5202
A1401,강서구,2021,5376
A1401,강서구,2022,5040
A1401,강서구,2023,4887
A1401,강서구,2024,4062
A1401,강서구,2025,4007
A1402,금정구,2016,4616
A1402,금정구,2017,4399
A1402,금정구,2018,4241
A1402,금정구,2019,4190
A1402,금정구,2020,4664
A1402,금정구,2021,4167
A1402,금정구,2022,3951
A1402,금정구,2023,3487
A1402,금정구,2024,3251
A1402,금정구,2025,3026
A1403,기장군,2016,3668
A1403,기장군,2017,3905
A1403,기장군,2018,3713
A1403,기장군,2019,3957
A1403,기장군,2020,4932
A1403,기장군,2021,5161
A1403,기장군,2022,4878
A1403,기장군,2023,3840
A1403,기장군,2024,3380
A1403,기장군,2025,3115
A1404,남구,2016,4666
A1404,남구,2017,4368
A1404,남구,2018,5030
A1404,남구,2019,4761
A1404,남구,2020,5392
A1404,남구,2021,4469
A1404,남구,2022,4277
A1404,남구,2023,4326
A1404,남구,2024,3886
A1404,남구,2025,3686
A1405,동구,2016,2409
A1405,동구,2017,2639
A1405,동구,2018,2661
A1405,동구,2019,2559
A1405,동구,2020,3386
A1405,동구,2021,4552
A1405,동구,2022,2205
A1405,동구,2023,2069
A1405,동구,2024,1946
A1405,동구,2025,2323
A1406,동래구,2016,4848
A1406,동래구,2017,5082
A1406,동래구,2018,5146
A1406,동래구,2019,4963
A1406,동래구,2020,5680
A1406,동래구,2021,5054
A1406,동래구,2022,4800
A1406,동래구,2023,4460
A1406,동래구,2024,4222
A1406,동래구,2025,4044
A1407,부산진구,2016,7953
A1407,부산진구,2017,8180
A1407,부산진구,2018,8179
A1407,부산진구,2019,8214
A1407,부산진구,2020,9658
A1407,부산진구,2021,8766
A1407,부산진구,2022,8656
A1407,부산진구,2023,8048
A1407,부산진구,2024,7380
A1407,부산진구,2025,6978
A1408,북구,2016,3836
A1408,북구,2017,3682
A1408,북구,2018,3756
A1408,북구,2019,3767
A1408,북구,2020,4517
A1408,북구,2021,4610
A1408,북구,2022,4048
A1408,북구,2023,3627
A1408,북구,2024,3431
A1408,북구,2025,3149
A1409,사상구,2016,4461
A1409,사상구,2017,4347
A1409,사상구,2018,4400
A1409,사상구,2019,4508
A1409,사상구,2020,4426
A1409,사상구,2021,4481
A1409,사상구,2022,3737
A1409,사상구,2023,3725
A1409,사상구,2024,3282
A1409,사상구,2025,3003
A1410,사하구,2016,4347
A1410,사하구,2017,4589
A1410,사하구,2018,4641
A1410,사하구,2019,4675
A1410,사하구,2020,5216
A1410,사하구,2021,4631
A1410,사하구,2022,4532
A1410,사하구,2023,4639
A1410,사하구,2024,3943
A1410,사하구,2025,3551
A1411,서구,2016,1541
A1411,서구,2017,1802
A1411,서구,2018,1692
A1411,서구,2019,1750
A1411,서구,2020,2365
A1411,서구,2021,1490
A1411,서구,2022,1612
A1411,서구,2023,1466
A1411,서구,2024,1328
A1411,서구,2025,1310
A1412,수영구,2016,3753
A1412,수영구,2017,4518
A1412,수영구,2018,4671
A1412,수영구,2019,4618
A1412,수영구,2020,5995
A1412,수영구,2021,4913
A1412,수영구,2022,4887
A1412,수영구,2023,4644
A1412,수영구,2024,4026
A1412,수영구,2025,3893
A1413,연제구,2016,4146
A1413,연제구,2017,4283
A1413,연제구,2018,4345
A1413,연제구,2019,4143
A1413,연제구,2020,4783
A1413,연제구,2021,4650
A1413,연제구,2022,4167
A1413,연제구,2023,3938
A1413,연제구,2024,3886
A1413,연제구,2025,3410
A1414,영도구,2016,1785
A1414,영도구,2017,1426
A1414,영도구,2018,1560
A1414,영도구,2019,1415
A1414,영도구,2020,1639
A1414,영도구,2021,1764
A1414,영도구,2022,1572
A1414,영도구,2023,1388
A1414,영도구,2024,1314
A1414,영도구,2025,1215
A1415,중구,2016,2485
A1415,중구,2017,2512
A1415,중구,2018,2703
A1415,중구,2019,2350
A1415,중구,2020,2066
A1415,중구,2021,2622
A1415,중구,2022,1909
A1415,중구,2023,1688
A1415,중구,2024,1500
A1415,중구,2025,1444
A1416,해운대구,2016,8327
A1416,해운대구,2017,9205
A1416,해운대구,2018,9058
A1416,해운대구,2019,8413
A1416,해운대구,2020,10920
A1416,해운대구,2021,9806
A1416,해운대구,2022,8824
A1416,해운대구,2023,7990
A1416,해운대구,2024,7227
A1416,해운대구,2025,6706
A15,울산,2016,23271
A15,울산,2017,23499
A15,울산,2018,21695
A15,울산,2019,21500
A15,울산,2020,23901
A15,울산,2021,20413
A15,울산,2022,21271
A15,울산,2023,19801
A15,울산,2024,17818
A15,울산,2025,16582
A1501,남구,2016,8112
A1501,남구,2017,8153
A1501,남구,2018,7509
A1501,남구,2019,7454
A1501,남구,2020,8165
A1501,남구,2021,6886
A1501,남구,2022,6802
A1501,남구,2023,6485
A1501,남구,2024,5911
A1501,남구,2025,5635
A1502,동구,2016,2573
A1502,동구,2017,2637
A1502,동구,2018,2322
A1502,동구,2019,2226
A1502,동구,2020,2603
A1502,동구,2021,2198
A1502,동구,2022,2268
A1502,동구,2023,2234
A1502,동구,2024,1945
A1502,동구,2025,1982
A1503,북구,2016,3589
A1503,북구,2017,3799
A1503,북구,2018,3407
A1503,북구,2019,3636
A1503,북구,2020,3922
A1503,북구,2021,3778
A1503,북구,2022,4816
A1503,북구,2023,3845
A1503,북구,2024,3107
A1503,북구,2025,2700
A1504,울주군,2016,4654
A1504,울주군,2017,4803
A1504,울주군,2018,4682
A1504,울주군,2019,4434
A1504,울주군,2020,5355
A1504,울주군,2021,4318
A1504,울주군,2022,4118
A1504,울주군,2023,4030
A1504,울주군,2024,3960
A1504,울주군,2025,3652
A1505,중구,2016,4343
A1505,중구,2017,4107
A1505,중구,2018,3775
A1505,중구,2019,3750
A1505,중구,2020,3856
A1505,중구,2021,3233
A1505,중구,2022,3267
A1505,중구,2023,3207
A1505,중구,2024,2895
A1505,중구,2025,2613
A16,경남,2016,70670
A16,경남,2017,69637
A16,경남,2018,67624
A16,경남,2019,65455
A16,경남,2020,70939
A16,경남,2021,66469
A16,경남,2022,66009
A16,경남,2023,62960
A16,경남,2024,58406
A16,경남,2025,55182
A1601,거제시,2016,6165
A1601,거제시,2017,5890
A1601,거제시,2018,5567
A1601,거제시,2019,5491
A1601,거제시,2020,5495
A1601,거제시,2021,5035
A1601,거제시,2022,5120
A1601,거제시,2023,4975
A1601,거제시,2024,4347
A1601,거제시,2025,4416
A1602,거창군,2016,1040
A1602,거창군,2017,1110
A1602,거창군,2018,1289
A1602,거창군,2019,1197
A1602,거창군,2020,1249
A1602,거창군,2021,1174
A1602,거창군,2022,1222
A1602,거창군,2023,1255
A1602,거창군,2024,855
A1602,거창군,2025,834
A1603,고성군,2016,1106
A1603,고성군,2017,1055
A1603,고성군,2018,1049
A1603,고성군,2019,940
A1603,고성군,2020,892
A1603,고성군,2021,959
A1603,고성군,2022,929
A1603,고성군,2023,895
A1603,고성군,2024,776
A1603,고성군,2025,893
A1604,김해시,2016,11568
A1604,김해시,2017,11460
A1604,김해시,2018,11315
A1604,김해시,2019,11490
A1604,김해시,2020,12399
A1604,김해시,2021,11854
A1604,김해시,2022,11778
A1604,김해시,2023,11372
A1604,김해시,2024,10617
A1604,김해시,2025,10297
A1605,남해군,2016,677
A1605,남해군,2017,812
A1605,남해군,2018,864
A1605,남해군,2019,847
A1605,남해군,2020,851
A1605,남해군,2021,878
A1605,남해군,2022,975
A1605,남해군,2023,927
A1605,남해군,2024,904
A1605,남해군,2025,805
A1606,밀양시,2016,1873
A1606,밀양시,2017,1861
A1606,밀양시,2018,1814
A1606,밀양시,2019,1970
A1606,밀양시,2020,1944
A1606,밀양시,2021,1954
A1606,밀양시,2022,2072
A1606,밀양시,2023,2056
A1606,밀양시,2024,1828
A1606,밀양시,2025,1905
A1607,사천시,2016,2124
A1607,사천시,2017,2159
A1607,사천시,2018,2200
A1607,사천시,2019,1948
A1607,사천시,2020,2174
A1607,사천시,2021,2215
A1607,사천시,2022,2048
A1607,사천시,2023,2050
A1607,사천시,2024,1945
A1607,사천시,2025,1821
A1608,산청군,2016,598
A1608,산청군,2017,756
A1608,산청군,2018,714
A1608,산청군,2019,650
A1608,산청군,2020,642
A1608,산청군,2021,724
A1608,산청군,2022,630
A1608,산청군,2023,616
A1608,산청군,2024,611
A1608,산청군,2025,558
A1609,양산시,2016,9340
A1609,양산시,2017,8471
A1609,양산시,2018,8555
A1609,양산시,2019,7969
A1609,양산시,2020,8877
A1609,양산시,2021,8194
A1609,양산시,2022,8266
A1609,양산시,2023,7746
A1609,양산시,2024,7199
A1609,양산시,2025,6759
A1610,의령군,2016,419
A1610,의령군,2017,405
A1610,의령군,2018,421
A1610,의령군,2019,425
A1610,의령군,2020,389
A1610,의령군,2021,389
A1610,의령군,2022,366
A1610,의령군,2023,416
A1610,의령군,2024,409
A1610,의령군,2025,336
A1611,진주시,2016,7227
A1611,진주시,2017,7484
A1611,진주시,2018,6986
A1611,진주시,2019,6893
A1611,진주시,2020,7590
A1611,진주시,2021,6793
A1611,진주시,2022,6587
A1611,진주시,2023,6059
A1611,진주시,2024,6056
A1611,진주시,2025,5526
A1612,창녕군,2016,984
A1612,창녕군,2017,1006
A1612,창녕군,2018,1132
A1612,창녕군,2019,1004
A1612,창녕군,2020,1012
A1612,창녕군,2021,911
A1612,창녕군,2022,964
A1612,창녕군,2023,976
A1612,창녕군,2024,1014
A1612,창녕군,2025,1013
A1613,창원시,2016,21123
A1613,창원시,2017,20591
A1613,창원시,2018,19206
A1613,창원시,2019,18340
A1613,창원시,2020,21206
A1613,창원시,2021,19268
A1613,창원시,2022,18892
A1613,창원시,2023,17697
A1613,창원시,2024,16437
A1613,창원시,2025,15099
A1614,통영시,2016,3116
A1614,통영시,2017,3094
A1614,통영시,2018,2850
A1614,통영시,2019,2702
A1614,통영시,2020,2561
A1614,통영시,2021,2399
A1614,통영시,2022,2611
A1614,통영시,2023,2353
A1614,통영시,2024,2080
A1614,통영시,2025,2055
A1615,하동군,2016,769
A1615,하동군,2017,759
A1615,하동군,2018,894
A1615,하동군,2019,807
A1615,하동군,2020,756
A1615,하동군,2021,847
A1615,하동군,2022,922
A1615,하동군,2023,856
A1615,하동군,2024,750
A1615,하동군,2025,598
A1616,함안군,2016,1464
A1616,함안군,2017,1547
A1616,함안군,2018,1428
A1616,함안군,2019,1413
A1616,함안군,2020,1321
A1616,함안군,2021,1344
A1616,함안군,2022,1292
A1616,함안군,2023,1238
A1616,함안군,2024,1141
A1616,함안군,2025,1178
A1617,함양군,2016,508
A1617,함양군,2017,551
A1617,함양군,2018,617
A1617,함양군,2019,683
A1617,함양군,2020,766
A1617,함양군,2021,680
A1617,함양군,2022,612
A1617,함양군,2023,744
A1617,함양군,2024,871
A1617,함양군,2025,538
A1618,합천군,2016,569
A1618,합천군,2017,626
A1618,합천군,2018,723
A1618,합천군,2019,686
A1618,합천군,2020,815
A1618,합천군,2021,851
A1618,합천군,2022,723
A1618,합천군,2023,729
A1618,합천군,2024,566
A1618,합천군,2025,551
A17,제주,2016,19902
A17,제주,2017,20377
A17,제주,2018,20733
A17,제주,2019,18605
A17,제주,2020,20113
A17,제주,2021,18550
A17,제주,2022,17864
A17,제주,2023,17618
A17,제주,2024,16927
A17,제주,2025,15551
A1701,제주시,2016,7023
A1701,제주시,2017,6263
A1701,제주시,2018,6420
A1701,제주시,2019,13346
A1701,제주시,2020,14440
A1701,제주시,2021,13223
A1701,제주시,2022,12619
A1701,제주시,2023,12729
A1701,제주시,2024,12257
A1701,제주시,2025,11238
A1702,서귀포시,2016,12879
A1702,서귀포시,2017,14114
A1702,서귀포시,2018,14313
A1702,서귀포시,2019,5259
A1702,서귀포시,2020,5673
A1702,서귀포시,2021,5327
A1702,서귀포시,2022,5245
A1702,서귀포시,2023,4889
A1702,서귀포시,2024,4670
A1702,서귀포시,2025,4313
