code,name,month,value
00,전국,200501,24214
00,전국,200502,20633
00,전국,200503,26928
00,전국,200504,25348
00,전국,200505,29505
00,전국,200506,27173
00,전국,200507,21804
00,전국,200508,23344
00,전국,200509,18991
00,전국,200510,23867
00,전국,200511,31693
00,전국,200512,40804
00,전국,200601,26287
00,전국,200602,22319
00,전국,200603,27425
00,전국,200604,24364
00,전국,200605,31420
00,전국,200606,29038
00,전국,200607,22414
00,전국,200608,25182
00,전국,200609,19207
00,전국,200610,23163
00,전국,200611,33716
00,전국,200612,46099
00,전국,200701,32882
00,전국,200702,27806
00,전국,200703,27313
00,전국,200704,26573
00,전국,200705,31827
00,전국,200706,27575
00,전국,200707,24817
00,전국,200708,25920
00,전국,200709,18284
00,전국,200710,27323
00,전국,200711,33472
00,전국,200712,39767
00,전국,200801,29503
00,전국,200802,24486
00,전국,200803,28355
00,전국,200804,26536
00,전국,200805,30865
00,전국,200806,27220
00,전국,200807,26098
00,전국,200808,23659
00,전국,200809,20129
00,전국,200810,25543
00,전국,200811,26834
00,전국,200812,38487
00,전국,200901,28372
00,전국,200902,23255
00,전국,200903,25817
00,전국,200904,24734
00,전국,200905,28413
00,전국,200906,25857
00,전국,200907,22841
00,전국,200908,23188
00,전국,200909,20873
00,전국,200910,23346
00,전국,200911,26855
00,전국,200912,36208
11,서울특별시,200501,5144
11,서울특별시,200502,4401
11,서울특별시,200503,5796
11,서울특별시,200504,5679
11,서울특별시,200505,6321
11,서울특별시,200506,6226
11,서울특별시,200507,5102
11,서울특별시,200508,5606
11,서울특별시,200509,4430
11,서울특별시,200510,5409
11,서울특별시,200511,7372
11,서울특별시,200512,9800
11,서울특별시,200601,5672
11,서울특별시,200602,4797
11,서울특별시,200603,5889
11,서울특별시,200604,5362
11,서울특별시,200605,7079
11,서울특별시,200606,6500
11,서울특별시,200607,5054
11,서울특별시,200608,5984
11,서울특별시,200609,4335
11,서울특별시,200610,5279
11,서울특별시,200611,7508
11,서울특별시,200612,10465
11,서울특별시,200701,6855
11,서울특별시,200702,5994
11,서울특별시,200703,5816
11,서울특별시,200704,5775
11,서울특별시,200705,7167
11,서울특별시,200706,6012
11,서울특별시,200707,5702
11,서울특별시,200708,5982
11,서울특별시,200709,4292
11,서울특별시,200710,6141
11,서울특별시,200711,7277
11,서울특별시,200712,9386
11,서울특별시,200801,5955
11,서울특별시,200802,5168
11,서울특별시,200803,6102
11,서울특별시,200804,5850
11,서울특별시,200805,6743
11,서울특별시,200806,5892
11,서울특별시,200807,5902
11,서울특별시,200808,5595
11,서울특별시,200809,4609
11,서울특별시,200810,5547
11,서울특별시,200811,5845
11,서울특별시,200812,8545
11,서울특별시,200901,6168
11,서울특별시,200902,4993
11,서울특별시,200903,5591
11,서울특별시,200904,5267
11,서울특별시,200905,6282
11,서울특별시,200906,5849
11,서울특별시,200907,5306
11,서울특별시,200908,5192
11,서울특별시,200909,4935
11,서울특별시,200910,5505
11,서울특별시,200911,5736
11,서울특별시,200912,8017
21,부산광역시,200501,1604
21,부산광역시,200502,1432
21,부산광역시,200503,1618
21,부산광역시,200504,1329
21,부산광역시,200505,1762
21,부산광역시,200506,1658
21,부산광역시,200507,1285
21,부산광역시,200508,1502
21,부산광역시,200509,1084
21,부산광역시,200510,1362
21,부산광역시,200511,1862
21,부산광역시,200512,2475
21,부산광역시,200601,1705
21,부산광역시,200602,1414
21,부산광역시,200603,1614
21,부산광역시,200604,1388
21,부산광역시,200605,1948
21,부산광역시,200606,1787
21,부산광역시,200607,1303
21,부산광역시,200608,1568
21,부산광역시,200609,1093
21,부산광역시,200610,1298
21,부산광역시,200611,2035
21,부산광역시,200612,2864
21,부산광역시,200701,2195
21,부산광역시,200702,1894
21,부산광역시,200703,1762
21,부산광역시,200704,1509
21,부산광역시,200705,1891
21,부산광역시,200706,1776
21,부산광역시,200707,1510
21,부산광역시,200708,1727
21,부산광역시,200709,1019
21,부산광역시,200710,1544
21,부산광역시,200711,2138
21,부산광역시,200712,2519
21,부산광역시,200801,1929
21,부산광역시,200802,1648
21,부산광역시,200803,1665
21,부산광역시,200804,1532
21,부산광역시,200805,1923
21,부산광역시,200806,1732
21,부산광역시,200807,1528
21,부산광역시,200808,1443
21,부산광역시,200809,1162
21,부산광역시,200810,1580
21,부산광역시,200811,1608
21,부산광역시,200812,2399
21,부산광역시,200901,1907
21,부산광역시,200902,1440
21,부산광역시,200903,1486
21,부산광역시,200904,1416
21,부산광역시,200905,1769
21,부산광역시,200906,1574
21,부산광역시,200907,1258
21,부산광역시,200908,1512
21,부산광역시,200909,1129
21,부산광역시,200910,1324
21,부산광역시,200911,1526
21,부산광역시,200912,2273
22,대구광역시,200501,1116
22,대구광역시,200502,963
22,대구광역시,200503,1180
22,대구광역시,200504,928
22,대구광역시,200505,1208
22,대구광역시,200506,1140
22,대구광역시,200507,893
22,대구광역시,200508,973
22,대구광역시,200509,728
22,대구광역시,200510,967
22,대구광역시,200511,1306
22,대구광역시,200512,1750
22,대구광역시,200601,1199
22,대구광역시,200602,942
22,대구광역시,200603,1178
22,대구광역시,200604,1012
22,대구광역시,200605,1300
22,대구광역시,200606,1204
22,대구광역시,200607,875
22,대구광역시,200608,1069
22,대구광역시,200609,756
22,대구광역시,200610,922
22,대구광역시,200611,1452
22,대구광역시,200612,1983
22,대구광역시,200701,1497
22,대구광역시,200702,1322
22,대구광역시,200703,1209
22,대구광역시,200704,1041
22,대구광역시,200705,1356
22,대구광역시,200706,1162
22,대구광역시,200707,983
22,대구광역시,200708,1121
22,대구광역시,200709,686
22,대구광역시,200710,1177
22,대구광역시,200711,1353
22,대구광역시,200712,1748
22,대구광역시,200801,1215
22,대구광역시,200802,1118
22,대구광역시,200803,1257
22,대구광역시,200804,1008
22,대구광역시,200805,1229
22,대구광역시,200806,1116
22,대구광역시,200807,1126
22,대구광역시,200808,963
22,대구광역시,200809,799
22,대구광역시,200810,1050
22,대구광역시,200811,1150
22,대구광역시,200812,1712
22,대구광역시,200901,1280
22,대구광역시,200902,1037
22,대구광역시,200903,1059
22,대구광역시,200904,1001
22,대구광역시,200905,1208
22,대구광역시,200906,1084
22,대구광역시,200907,930
22,대구광역시,200908,996
22,대구광역시,200909,754
22,대구광역시,200910,867
22,대구광역시,200911,1113
22,대구광역시,200912,1515
23,인천광역시,200501,1211
23,인천광역시,200502,1018
23,인천광역시,200503,1378
23,인천광역시,200504,1399
23,인천광역시,200505,1542
23,인천광역시,200506,1414
23,인천광역시,200507,1147
23,인천광역시,200508,1313
23,인천광역시,200509,1002
23,인천광역시,200510,1363
23,인천광역시,200511,1645
23,인천광역시,200512,2083
23,인천광역시,200601,1350
23,인천광역시,200602,1116
23,인천광역시,200603,1385
23,인천광역시,200604,1218
23,인천광역시,200605,1616
23,인천광역시,200606,1481
23,인천광역시,200607,1156
23,인천광역시,200608,1411
23,인천광역시,200609,988
23,인천광역시,200610,1317
23,인천광역시,200611,1781
23,인천광역시,200612,2442
23,인천광역시,200701,1672
23,인천광역시,200702,1357
23,인천광역시,200703,1443
23,인천광역시,200704,1420
23,인천광역시,200705,1626
23,인천광역시,200706,1493
23,인천광역시,200707,1295
23,인천광역시,200708,1419
23,인천광역시,200709,1046
23,인천광역시,200710,1550
23,인천광역시,200711,1809
23,인천광역시,200712,2097
23,인천광역시,200801,1514
23,인천광역시,200802,1352
23,인천광역시,200803,1598
23,인천광역시,200804,1547
23,인천광역시,200805,1680
23,인천광역시,200806,1548
23,인천광역시,200807,1475
23,인천광역시,200808,1329
23,인천광역시,200809,1175
23,인천광역시,200810,1393
23,인천광역시,200811,1490
23,인천광역시,200812,2007
23,인천광역시,200901,1492
23,인천광역시,200902,1290
23,인천광역시,200903,1401
23,인천광역시,200904,1332
23,인천광역시,200905,1462
23,인천광역시,200906,1381
23,인천광역시,200907,1225
23,인천광역시,200908,1313
23,인천광역시,200909,1155
23,인천광역시,200910,1267
23,인천광역시,200911,1494
23,인천광역시,200912,1831
24,광주광역시,200501,641
24,광주광역시,200502,546
24,광주광역시,200503,633
24,광주광역시,200504,677
24,광주광역시,200505,788
24,광주광역시,200506,636
24,광주광역시,200507,517
24,광주광역시,200508,528
24,광주광역시,200509,423
24,광주광역시,200510,601
24,광주광역시,200511,817
24,광주광역시,200512,1020
24,광주광역시,200601,670
24,광주광역시,200602,635
24,광주광역시,200603,703
24,광주광역시,200604,634
24,광주광역시,200605,820
24,광주광역시,200606,741
24,광주광역시,200607,543
24,광주광역시,200608,609
24,광주광역시,200609,445
24,광주광역시,200610,590
24,광주광역시,200611,885
24,광주광역시,200612,1212
24,광주광역시,200701,928
24,광주광역시,200702,707
24,광주광역시,200703,724
24,광주광역시,200704,736
24,광주광역시,200705,859
24,광주광역시,200706,687
24,광주광역시,200707,648
24,광주광역시,200708,655
24,광주광역시,200709,436
24,광주광역시,200710,639
24,광주광역시,200711,803
24,광주광역시,200712,1036
24,광주광역시,200801,751
24,광주광역시,200802,658
24,광주광역시,200803,763
24,광주광역시,200804,680
24,광주광역시,200805,843
24,광주광역시,200806,716
24,광주광역시,200807,633
24,광주광역시,200808,593
24,광주광역시,200809,467
24,광주광역시,200810,673
24,광주광역시,200811,692
24,광주광역시,200812,1003
24,광주광역시,200901,763
24,광주광역시,200902,625
24,광주광역시,200903,751
24,광주광역시,200904,665
24,광주광역시,200905,755
24,광주광역시,200906,665
24,광주광역시,200907,568
24,광주광역시,200908,584
24,광주광역시,200909,510
24,광주광역시,200910,569
24,광주광역시,200911,692
24,광주광역시,200912,941
25,대전광역시,200501,686
25,대전광역시,200502,580
25,대전광역시,200503,823
25,대전광역시,200504,730
25,대전광역시,200505,891
25,대전광역시,200506,766
25,대전광역시,200507,628
25,대전광역시,200508,555
25,대전광역시,200509,495
25,대전광역시,200510,745
25,대전광역시,200511,955
25,대전광역시,200512,1181
25,대전광역시,200601,773
25,대전광역시,200602,648
25,대전광역시,200603,782
25,대전광역시,200604,742
25,대전광역시,200605,916
25,대전광역시,200606,824
25,대전광역시,200607,624
25,대전광역시,200608,678
25,대전광역시,200609,540
25,대전광역시,200610,630
25,대전광역시,200611,939
25,대전광역시,200612,1406
25,대전광역시,200701,887
25,대전광역시,200702,785
25,대전광역시,200703,754
25,대전광역시,200704,754
25,대전광역시,200705,951
25,대전광역시,200706,791
25,대전광역시,200707,732
25,대전광역시,200708,717
25,대전광역시,200709,501
25,대전광역시,200710,736
25,대전광역시,200711,1023
25,대전광역시,200712,1053
25,대전광역시,200801,860
25,대전광역시,200802,695
25,대전광역시,200803,786
25,대전광역시,200804,785
25,대전광역시,200805,919
25,대전광역시,200806,809
25,대전광역시,200807,681
25,대전광역시,200808,626
25,대전광역시,200809,575
25,대전광역시,200810,799
25,대전광역시,200811,810
25,대전광역시,200812,1154
25,대전광역시,200901,820
25,대전광역시,200902,673
25,대전광역시,200903,756
25,대전광역시,200904,741
25,대전광역시,200905,812
25,대전광역시,200906,711
25,대전광역시,200907,642
25,대전광역시,200908,649
25,대전광역시,200909,551
25,대전광역시,200910,652
25,대전광역시,200911,814
25,대전광역시,200912,1064
26,울산광역시,200501,538
26,울산광역시,200502,470
26,울산광역시,200503,577
26,울산광역시,200504,468
26,울산광역시,200505,693
26,울산광역시,200506,597
26,울산광역시,200507,469
26,울산광역시,200508,473
26,울산광역시,200509,376
26,울산광역시,200510,499
26,울산광역시,200511,738
26,울산광역시,200512,1041
26,울산광역시,200601,588
26,울산광역시,200602,490
26,울산광역시,200603,605
26,울산광역시,200604,536
26,울산광역시,200605,752
26,울산광역시,200606,730
26,울산광역시,200607,504
26,울산광역시,200608,503
26,울산광역시,200609,367
26,울산광역시,200610,479
26,울산광역시,200611,831
26,울산광역시,200612,1108
26,울산광역시,200701,766
26,울산광역시,200702,645
26,울산광역시,200703,604
26,울산광역시,200704,529
26,울산광역시,200705,683
26,울산광역시,200706,642
26,울산광역시,200707,532
26,울산광역시,200708,525
26,울산광역시,200709,387
26,울산광역시,200710,579
26,울산광역시,200711,794
26,울산광역시,200712,877
26,울산광역시,200801,801
26,울산광역시,200802,614
26,울산광역시,200803,671
26,울산광역시,200804,548
26,울산광역시,200805,797
26,울산광역시,200806,667
26,울산광역시,200807,593
26,울산광역시,200808,540
26,울산광역시,200809,363
26,울산광역시,200810,623
26,울산광역시,200811,664
26,울산광역시,200812,956
26,울산광역시,200901,769
26,울산광역시,200902,527
26,울산광역시,200903,592
26,울산광역시,200904,559
26,울산광역시,200905,669
26,울산광역시,200906,620
26,울산광역시,200907,536
26,울산광역시,200908,523
26,울산광역시,200909,413
26,울산광역시,200910,473
26,울산광역시,200911,672
26,울산광역시,200912,914
31,경기도,200501,5137
31,경기도,200502,4469
31,경기도,200503,5879
31,경기도,200504,6044
31,경기도,200505,6877
31,경기도,200506,6297
31,경기도,200507,4975
31,경기도,200508,5490
31,경기도,200509,4604
31,경기도,200510,5555
31,경기도,200511,7575
31,경기도,200512,9529
31,경기도,200601,5925
31,경기도,200602,4954
31,경기도,200603,6310
31,경기도,200604,5626
31,경기도,200605,7341
31,경기도,200606,6781
31,경기도,200607,5236
31,경기도,200608,5945
31,경기도,200609,4549
31,경기도,200610,5657
31,경기도,200611,8067
31,경기도,200612,10840
31,경기도,200701,7466
31,경기도,200702,6417
31,경기도,200703,6279
31,경기도,200704,6297
31,경기도,200705,7514
31,경기도,200706,6590
31,경기도,200707,5893
31,경기도,200708,6246
31,경기도,200709,4459
31,경기도,200710,6574
31,경기도,200711,8060
31,경기도,200712,9453
31,경기도,200801,6932
31,경기도,200802,5672
31,경기도,200803,6666
31,경기도,200804,6374
31,경기도,200805,7318
31,경기도,200806,6421
31,경기도,200807,6241
31,경기도,200808,5739
31,경기도,200809,4849
31,경기도,200810,6141
31,경기도,200811,6419
31,경기도,200812,9232
31,경기도,200901,6586
31,경기도,200902,5370
31,경기도,200903,6047
31,경기도,200904,5795
31,경기도,200905,6834
31,경기도,200906,5929
31,경기도,200907,5500
31,경기도,200908,5629
31,경기도,200909,5072
31,경기도,200910,5587
31,경기도,200911,6406
31,경기도,200912,8648
32,강원특별자치도,200501,665
32,강원특별자치도,200502,513
32,강원특별자치도,200503,722
32,강원특별자치도,200504,726
32,강원특별자치도,200505,826
32,강원특별자치도,200506,781
32,강원특별자치도,200507,600
32,강원특별자치도,200508,599
32,강원특별자치도,200509,552
32,강원특별자치도,200510,657
32,강원특별자치도,200511,815
32,강원특별자치도,200512,1040
32,강원특별자치도,200601,663
32,강원특별자치도,200602,616
32,강원특별자치도,200603,759
32,강원특별자치도,200604,687
32,강원특별자치도,200605,818
32,강원특별자치도,200606,849
32,강원특별자치도,200607,597
32,강원특별자치도,200608,522
32,강원특별자치도,200609,531
32,강원특별자치도,200610,610
32,강원특별자치도,200611,869
32,강원특별자치도,200612,1210
32,강원특별자치도,200701,911
32,강원특별자치도,200702,640
32,강원특별자치도,200703,679
32,강원특별자치도,200704,740
32,강원특별자치도,200705,888
32,강원특별자치도,200706,700
32,강원특별자치도,200707,659
32,강원특별자치도,200708,618
32,강원특별자치도,200709,470
32,강원특별자치도,200710,710
32,강원특별자치도,200711,879
32,강원특별자치도,200712,1036
32,강원특별자치도,200801,802
32,강원특별자치도,200802,586
32,강원특별자치도,200803,731
32,강원특별자치도,200804,706
32,강원특별자치도,200805,815
32,강원특별자치도,200806,751
32,강원특별자치도,200807,716
32,강원특별자치도,200808,525
32,강원특별자치도,200809,533
32,강원특별자치도,200810,649
32,강원특별자치도,200811,720
32,강원특별자치도,200812,983
32,강원특별자치도,200901,725
32,강원특별자치도,200902,605
32,강원특별자치도,200903,642
32,강원특별자치도,200904,691
32,강원특별자치도,200905,727
32,강원특별자치도,200906,705
32,강원특별자치도,200907,564
32,강원특별자치도,200908,521
32,강원특별자치도,200909,531
32,강원특별자치도,200910,659
32,강원특별자치도,200911,740
32,강원특별자치도,200912,971
33,충청북도,200501,662
33,충청북도,200502,501
33,충청북도,200503,759
33,충청북도,200504,679
33,충청북도,200505,832
33,충청북도,200506,712
33,충청북도,200507,531
33,충청북도,200508,559
33,충청북도,200509,484
33,충청북도,200510,717
33,충청북도,200511,836
33,충청북도,200512,1118
33,충청북도,200601,740
33,충청북도,200602,632
33,충청북도,200603,768
33,충청북도,200604,707
33,충청북도,200605,873
33,충청북도,200606,824
33,충청북도,200607,658
33,충청북도,200608,635
33,충청북도,200609,523
33,충청북도,200610,628
33,충청북도,200611,981
33,충청북도,200612,1322
33,충청북도,200701,915
33,충청북도,200702,758
33,충청북도,200703,788
33,충청북도,200704,831
33,충청북도,200705,884
33,충청북도,200706,754
33,충청북도,200707,715
33,충청북도,200708,692
33,충청북도,200709,489
33,충청북도,200710,874
33,충청북도,200711,993
33,충청북도,200712,1141
33,충청북도,200801,860
33,충청북도,200802,667
33,충청북도,200803,871
33,충청북도,200804,779
33,충청북도,200805,873
33,충청북도,200806,798
33,충청북도,200807,731
33,충청북도,200808,626
33,충청북도,200809,566
33,충청북도,200810,736
33,충청북도,200811,850
33,충청북도,200812,1155
33,충청북도,200901,766
33,충청북도,200902,645
33,충청북도,200903,773
33,충청북도,200904,670
33,충청북도,200905,816
33,충청북도,200906,736
33,충청북도,200907,631
33,충청북도,200908,595
33,충청북도,200909,605
33,충청북도,200910,638
33,충청북도,200911,762
33,충청북도,200912,1029
34,충청남도,200501,909
34,충청남도,200502,801
34,충청남도,200503,1084
34,충청남도,200504,1017
34,충청남도,200505,1144
34,충청남도,200506,1021
34,충청남도,200507,810
34,충청남도,200508,818
34,충청남도,200509,750
34,충청남도,200510,914
34,충청남도,200511,1273
34,충청남도,200512,1566
34,충청남도,200601,1077
34,충청남도,200602,867
34,충청남도,200603,1133
34,충청남도,200604,1072
34,충청남도,200605,1350
34,충청남도,200606,1084
34,충청남도,200607,880
34,충청남도,200608,918
34,충청남도,200609,761
34,충청남도,200610,878
34,충청남도,200611,1435
34,충청남도,200612,1918
34,충청남도,200701,1291
34,충청남도,200702,1071
34,충청남도,200703,1109
34,충청남도,200704,1176
34,충청남도,200705,1328
34,충청남도,200706,1093
34,충청남도,200707,950
34,충청남도,200708,961
34,충청남도,200709,700
34,충청남도,200710,1134
34,충청남도,200711,1369
34,충청남도,200712,1584
34,충청남도,200801,1241
34,충청남도,200802,927
34,충청남도,200803,1163
34,충청남도,200804,1181
34,충청남도,200805,1279
34,충청남도,200806,1098
34,충청남도,200807,1022
34,충청남도,200808,846
34,충청남도,200809,847
34,충청남도,200810,1056
34,충청남도,200811,1086
34,충청남도,200812,1608
34,충청남도,200901,1121
34,충청남도,200902,927
34,충청남도,200903,1090
34,충청남도,200904,1074
34,충청남도,200905,1166
34,충청남도,200906,1060
34,충청남도,200907,895
34,충청남도,200908,853
34,충청남도,200909,829
34,충청남도,200910,973
34,충청남도,200911,1149
34,충청남도,200912,1571
35,전북특별자치도,200501,854
35,전북특별자치도,200502,705
35,전북특별자치도,200503,1023
35,전북특별자치도,200504,889
35,전북특별자치도,200505,961
35,전북특별자치도,200506,836
35,전북특별자치도,200507,702
35,전북특별자치도,200508,674
35,전북특별자치도,200509,561
35,전북특별자치도,200510,786
35,전북특별자치도,200511,958
35,전북특별자치도,200512,1247
35,전북특별자치도,200601,887
35,전북특별자치도,200602,762
35,전북특별자치도,200603,951
35,전북특별자치도,200604,837
35,전북특별자치도,200605,982
35,전북특별자치도,200606,863
35,전북특별자치도,200607,770
35,전북특별자치도,200608,688
35,전북특별자치도,200609,639
35,전북특별자치도,200610,685
35,전북특별자치도,200611,947
35,전북특별자치도,200612,1418
35,전북특별자치도,200701,1085
35,전북특별자치도,200702,914
35,전북특별자치도,200703,960
35,전북특별자치도,200704,868
35,전북특별자치도,200705,1016
35,전북특별자치도,200706,847
35,전북특별자치도,200707,741
35,전북특별자치도,200708,766
35,전북특별자치도,200709,562
35,전북특별자치도,200710,826
35,전북특별자치도,200711,1061
35,전북특별자치도,200712,1218
35,전북특별자치도,200801,1072
35,전북특별자치도,200802,787
35,전북특별자치도,200803,897
35,전북특별자치도,200804,852
35,전북특별자치도,200805,992
35,전북특별자치도,200806,871
35,전북특별자치도,200807,782
35,전북특별자치도,200808,707
35,전북특별자치도,200809,586
35,전북특별자치도,200810,788
35,전북특별자치도,200811,862
35,전북특별자치도,200812,1203
35,전북특별자치도,200901,869
35,전북특별자치도,200902,729
35,전북특별자치도,200903,870
35,전북특별자치도,200904,816
35,전북특별자치도,200905,853
35,전북특별자치도,200906,818
35,전북특별자치도,200907,662
35,전북특별자치도,200908,646
35,전북특별자치도,200909,586
35,전북특별자치도,200910,702
35,전북특별자치도,200911,867
35,전북특별자치도,200912,1187
36,전라남도,200501,905
36,전라남도,200502,663
36,전라남도,200503,911
36,전라남도,200504,878
36,전라남도,200505,991
36,전라남도,200506,803
36,전라남도,200507,717
36,전라남도,200508,696
36,전라남도,200509,553
36,전라남도,200510,726
36,전라남도,200511,943
36,전라남도,200512,1198
36,전라남도,200601,892
36,전라남도,200602,798
36,전라남도,200603,926
36,전라남도,200604,849
36,전라남도,200605,965
36,전라남도,200606,870
36,전라남도,200607,759
36,전라남도,200608,757
36,전라남도,200609,621
36,전라남도,200610,731
36,전라남도,200611,989
36,전라남도,200612,1350
36,전라남도,200701,1129
36,전라남도,200702,938
36,전라남도,200703,916
36,전라남도,200704,884
36,전라남도,200705,1000
36,전라남도,200706,875
36,전라남도,200707,746
36,전라남도,200708,781
36,전라남도,200709,546
36,전라남도,200710,882
36,전라남도,200711,985
36,전라남도,200712,1172
36,전라남도,200801,1098
36,전라남도,200802,839
36,전라남도,200803,960
36,전라남도,200804,838
36,전라남도,200805,957
36,전라남도,200806,818
36,전라남도,200807,794
36,전라남도,200808,732
36,전라남도,200809,603
36,전라남도,200810,823
36,전라남도,200811,851
36,전라남도,200812,1167
36,전라남도,200901,968
36,전라남도,200902,820
36,전라남도,200903,909
36,전라남도,200904,859
36,전라남도,200905,905
36,전라남도,200906,814
36,전라남도,200907,771
36,전라남도,200908,721
36,전라남도,200909,691
36,전라남도,200910,675
36,전라남도,200911,813
36,전라남도,200912,1105
37,경상북도,200501,1219
37,경상북도,200502,1001
37,경상북도,200503,1309
37,경상북도,200504,1130
37,경상북도,200505,1376
37,경상북도,200506,1175
37,경상북도,200507,919
37,경상북도,200508,1029
37,경상북도,200509,820
37,경상북도,200510,1068
37,경상북도,200511,1589
37,경상북도,200512,2004
37,경상북도,200601,1311
37,경상북도,200602,1172
37,경상북도,200603,1387
37,경상북도,200604,1233
37,경상북도,200605,1578
37,경상북도,200606,1435
37,경상북도,200607,1097
37,경상북도,200608,1076
37,경상북도,200609,873
37,경상북도,200610,1058
37,경상북도,200611,1627
37,경상북도,200612,2331
37,경상북도,200701,1761
37,경상북도,200702,1366
37,경상북도,200703,1398
37,경상북도,200704,1237
37,경상북도,200705,1587
37,경상북도,200706,1350
37,경상북도,200707,1188
37,경상북도,200708,1169
37,경상북도,200709,818
37,경상북도,200710,1291
37,경상북도,200711,1665
37,경상북도,200712,1793
37,경상북도,200801,1552
37,경상북도,200802,1223
37,경상북도,200803,1346
37,경상북도,200804,1243
37,경상북도,200805,1446
37,경상북도,200806,1284
37,경상북도,200807,1264
37,경상북도,200808,1069
37,경상북도,200809,921
37,경상북도,200810,1125
37,경상북도,200811,1308
37,경상북도,200812,1853
37,경상북도,200901,1368
37,경상북도,200902,1113
37,경상북도,200903,1197
37,경상북도,200904,1190
37,경상북도,200905,1323
37,경상북도,200906,1172
37,경상북도,200907,1033
37,경상북도,200908,976
37,경상북도,200909,932
37,경상북도,200910,1074
37,경상북도,200911,1290
37,경상북도,200912,1831
38,경상남도,200501,1603
38,경상남도,200502,1369
38,경상남도,200503,1584
38,경상남도,200504,1355
38,경상남도,200505,1812
38,경상남도,200506,1663
38,경상남도,200507,1245
38,경상남도,200508,1354
38,경상남도,200509,1035
38,경상남도,200510,1319
38,경상남도,200511,1829
38,경상남도,200512,2496
38,경상남도,200601,1789
38,경상남도,200602,1503
38,경상남도,200603,1616
38,경상남도,200604,1440
38,경상남도,200605,2000
38,경상남도,200606,1801
38,경상남도,200607,1380
38,경상남도,200608,1553
38,경상남도,200609,1155
38,경상남도,200610,1382
38,경상남도,200611,2200
38,경상남도,200612,2970
38,경상남도,200701,2277
38,경상남도,200702,1914
38,경상남도,200703,1760
38,경상남도,200704,1614
38,경상남도,200705,1938
38,경상남도,200706,1718
38,경상남도,200707,1501
38,경상남도,200708,1503
38,경상남도,200709,1053
38,경상남도,200710,1558
38,경상남도,200711,2161
38,경상남도,200712,2558
38,경상남도,200801,2022
38,경상남도,200802,1642
38,경상남도,200803,1777
38,경상남도,200804,1544
38,경상남도,200805,2006
38,경상남도,200806,1732
38,경상남도,200807,1565
38,경상남도,200808,1337
38,경상남도,200809,1191
38,경상남도,200810,1594
38,경상남도,200811,1642
38,경상남도,200812,2445
38,경상남도,200901,1934
38,경상남도,200902,1439
38,경상남도,200903,1542
38,경상남도,200904,1567
38,경상남도,200905,1806
38,경상남도,200906,1654
38,경상남도,200907,1347
38,경상남도,200908,1478
38,경상남도,200909,1222
38,경상남도,200910,1443
38,경상남도,200911,1761
38,경상남도,200912,2301
39,제주특별자치도,200501,297
39,제주특별자치도,200502,260
39,제주특별자치도,200503,334
39,제주특별자치도,200504,270
39,제주특별자치도,200505,329
39,제주특별자치도,200506,296
39,제주특별자치도,200507,227
39,제주특별자치도,200508,232
39,제주특별자치도,200509,209
39,제주특별자치도,200510,233
39,제주특별자치도,200511,309
39,제주특별자치도,200512,386
39,제주특별자치도,200601,301
39,제주특별자치도,200602,274
39,제주특별자치도,200603,331
39,제주특별자치도,200604,265
39,제주특별자치도,200605,315
39,제주특별자치도,200606,322
39,제주특별자치도,200607,261
39,제주특별자치도,200608,231
39,제주특별자치도,200609,220
39,제주특별자치도,200610,255
39,제주특별자치도,200611,364
39,제주특별자치도,200612,437
39,제주특별자치도,200701,393
39,제주특별자치도,200702,346
39,제주특별자치도,200703,297
39,제주특별자치도,200704,261
39,제주특별자치도,200705,340
39,제주특별자치도,200706,268
39,제주특별자치도,200707,225
39,제주특별자치도,200708,248
39,제주특별자치도,200709,149
39,제주특별자치도,200710,272
39,제주특별자치도,200711,335
39,제주특별자치도,200712,361
39,제주특별자치도,200801,315
39,제주특별자치도,200802,295
39,제주특별자치도,200803,324
39,제주특별자치도,200804,309
39,제주특별자치도,200805,322
39,제주특별자치도,200806,273
39,제주특별자치도,200807,285
39,제주특별자치도,200808,239
39,제주특별자치도,200809,200
39,제주특별자치도,200810,265
39,제주특별자치도,200811,261
39,제주특별자치도,200812,357
39,제주특별자치도,200901,283
39,제주특별자치도,200902,289
39,제주특별자치도,200903,293
39,제주특별자치도,200904,300
39,제주특별자치도,200905,310
39,제주특별자치도,200906,278
39,제주특별자치도,200907,231
39,제주특별자치도,200908,218
39,제주특별자치도,200909,209
39,제주특별자치도,200910,230
39,제주특별자치도,200911,306
39,제주특별자치도,200912,332
00,전국,201001,26325
00,전국,201002,24218
00,전국,201003,27514
00,전국,201004,27195
00,전국,201005,28341
00,전국,201006,28370
00,전국,201007,24643
00,전국,201008,26157
00,전국,201009,21179
00,전국,201010,24224
00,전국,201011,30189
00,전국,201012,37749
00,전국,201101,26786
00,전국,201102,23606
00,전국,201103,27701
00,전국,201104,25682
00,전국,201105,30084
00,전국,201106,27882
00,전국,201107,23475
00,전국,201108,26885
00,전국,201109,21070
00,전국,201110,25892
00,전국,201111,31468
00,전국,201112,38556
00,전국,201201,29197
00,전국,201202,25611
00,전국,201203,28134
00,전국,201204,27792
00,전국,201205,27632
00,전국,201206,26009
00,전국,201207,24417
00,전국,201208,24358
00,전국,201209,18974
00,전국,201210,27120
00,전국,201211,30499
00,전국,201212,37330
00,전국,201301,28811
00,전국,201302,24060
00,전국,201303,23574
00,전국,201304,24381
00,전국,201305,30836
00,전국,201306,26215
00,전국,201307,27256
00,전국,201308,25646
00,전국,201309,19236
00,전국,201310,27081
00,전국,201311,28426
00,전국,201312,37285
00,전국,201401,26940
00,전국,201402,25043
00,전국,201403,24988
00,전국,201404,23841
00,전국,201405,28324
00,전국,201406,24789
00,전국,201407,24967
00,전국,201408,22294
00,전국,201409,19326
00,전국,201410,27118
00,전국,201411,23602
00,전국,201412,34275
11,서울특별시,201001,5376
11,서울특별시,201002,5242
11,서울특별시,201003,5819
11,서울특별시,201004,5851
11,서울특별시,201005,5844
11,서울특별시,201006,6064
11,서울특별시,201007,5603
11,서울특별시,201008,5794
11,서울특별시,201009,4964
11,서울특별시,201010,5064
11,서울특별시,201011,6480
11,서울특별시,201012,8365
11,서울특별시,201101,5515
11,서울특별시,201102,5050
11,서울특별시,201103,5872
11,서울특별시,201104,5296
11,서울특별시,201105,6460
11,서울특별시,201106,6039
11,서울특별시,201107,5250
11,서울특별시,201108,6187
11,서울특별시,201109,4792
11,서울특별시,201110,5636
11,서울특별시,201111,6894
11,서울특별시,201112,8528
11,서울특별시,201201,5967
11,서울특별시,201202,5371
11,서울특별시,201203,6053
11,서울특별시,201204,6013
11,서울특별시,201205,6215
11,서울특별시,201206,5600
11,서울특별시,201207,5278
11,서울특별시,201208,5395
11,서울특별시,201209,4252
11,서울특별시,201210,6211
11,서울특별시,201211,6686
11,서울특별시,201212,8654
11,서울특별시,201301,5909
11,서울특별시,201302,5225
11,서울특별시,201303,4870
11,서울특별시,201304,5080
11,서울특별시,201305,6580
11,서울특별시,201306,5498
11,서울특별시,201307,5846
11,서울특별시,201308,5710
11,서울특별시,201309,4188
11,서울특별시,201310,5805
11,서울특별시,201311,6002
11,서울특별시,201312,8106
11,서울특별시,201401,5478
11,서울특별시,201402,5138
11,서울특별시,201403,5313
11,서울특별시,201404,4840
11,서울특별시,201405,6288
11,서울특별시,201406,5299
11,서울특별시,201407,5330
11,서울특별시,201408,4951
11,서울특별시,201409,4106
11,서울특별시,201410,5554
11,서울특별시,201411,4995
11,서울특별시,201412,7531
21,부산광역시,201001,1753
21,부산광역시,201002,1619
21,부산광역시,201003,1615
21,부산광역시,201004,1626
21,부산광역시,201005,1757
21,부산광역시,201006,1759
21,부산광역시,201007,1481
21,부산광역시,201008,1613
21,부산광역시,201009,1208
21,부산광역시,201010,1453
21,부산광역시,201011,1898
21,부산광역시,201012,2413
21,부산광역시,201101,1718
21,부산광역시,201102,1491
21,부산광역시,201103,1706
21,부산광역시,201104,1481
21,부산광역시,201105,1878
21,부산광역시,201106,1826
21,부산광역시,201107,1442
21,부산광역시,201108,1626
21,부산광역시,201109,1193
21,부산광역시,201110,1550
21,부산광역시,201111,1922
21,부산광역시,201112,2391
21,부산광역시,201201,1985
21,부산광역시,201202,1588
21,부산광역시,201203,1600
21,부산광역시,201204,1757
21,부산광역시,201205,1738
21,부산광역시,201206,1678
21,부산광역시,201207,1591
21,부산광역시,201208,1496
21,부산광역시,201209,1081
21,부산광역시,201210,1615
21,부산광역시,201211,1930
21,부산광역시,201212,2303
21,부산광역시,201301,1961
21,부산광역시,201302,1579
21,부산광역시,201303,1481
21,부산광역시,201304,1481
21,부산광역시,201305,1931
21,부산광역시,201306,1708
21,부산광역시,201307,1780
21,부산광역시,201308,1697
21,부산광역시,201309,1151
21,부산광역시,201310,1669
21,부산광역시,201311,1853
21,부산광역시,201312,2443
21,부산광역시,201401,1777
21,부산광역시,201402,1523
21,부산광역시,201403,1409
21,부산광역시,201404,1431
21,부산광역시,201405,1767
21,부산광역시,201406,1603
21,부산광역시,201407,1631
21,부산광역시,201408,1331
21,부산광역시,201409,1198
21,부산광역시,201410,1700
21,부산광역시,201411,1480
21,부산광역시,201412,2077
22,대구광역시,201001,1192
22,대구광역시,201002,1044
22,대구광역시,201003,1151
22,대구광역시,201004,1015
22,대구광역시,201005,1197
22,대구광역시,201006,1159
22,대구광역시,201007,925
22,대구광역시,201008,1128
22,대구광역시,201009,801
22,대구광역시,201010,1004
22,대구광역시,201011,1285
22,대구광역시,201012,1578
22,대구광역시,201101,1181
22,대구광역시,201102,1009
22,대구광역시,201103,1131
22,대구광역시,201104,1046
22,대구광역시,201105,1258
22,대구광역시,201106,1226
22,대구광역시,201107,984
22,대구광역시,201108,1185
22,대구광역시,201109,801
22,대구광역시,201110,1051
22,대구광역시,201111,1309
22,대구광역시,201112,1632
22,대구광역시,201201,1409
22,대구광역시,201202,1140
22,대구광역시,201203,1104
22,대구광역시,201204,1160
22,대구광역시,201205,1167
22,대구광역시,201206,1072
22,대구광역시,201207,976
22,대구광역시,201208,1093
22,대구광역시,201209,710
22,대구광역시,201210,1091
22,대구광역시,201211,1233
22,대구광역시,201212,1487
22,대구광역시,201301,1308
22,대구광역시,201302,1062
22,대구광역시,201303,936
22,대구광역시,201304,939
22,대구광역시,201305,1303
22,대구광역시,201306,1123
22,대구광역시,201307,1270
22,대구광역시,201308,1016
22,대구광역시,201309,763
22,대구광역시,201310,1121
22,대구광역시,201311,1221
22,대구광역시,201312,1539
22,대구광역시,201401,1188
22,대구광역시,201402,1087
22,대구광역시,201403,1001
22,대구광역시,201404,961
22,대구광역시,201405,1110
22,대구광역시,201406,1005
22,대구광역시,201407,980
22,대구광역시,201408,940
22,대구광역시,201409,701
22,대구광역시,201410,1185
22,대구광역시,201411,968
22,대구광역시,201412,1426
23,인천광역시,201001,1363
23,인천광역시,201002,1264
23,인천광역시,201003,1508
23,인천광역시,201004,1429
23,인천광역시,201005,1508
23,인천광역시,201006,1471
23,인천광역시,201007,1316
23,인천광역시,201008,1481
23,인천광역시,201009,1174
23,인천광역시,201010,1344
23,인천광역시,201011,1602
23,인천광역시,201012,1947
23,인천광역시,201101,1448
23,인천광역시,201102,1220
23,인천광역시,201103,1510
23,인천광역시,201104,1477
23,인천광역시,201105,1526
23,인천광역시,201106,1508
23,인천광역시,201107,1252
23,인천광역시,201108,1565
23,인천광역시,201109,1153
23,인천광역시,201110,1488
23,인천광역시,201111,1794
23,인천광역시,201112,2072
23,인천광역시,201201,1540
23,인천광역시,201202,1399
23,인천광역시,201203,1557
23,인천광역시,201204,1464
23,인천광역시,201205,1540
23,인천광역시,201206,1419
23,인천광역시,201207,1440
23,인천광역시,201208,1364
23,인천광역시,201209,1103
23,인천광역시,201210,1548
23,인천광역시,201211,1674
23,인천광역시,201212,2031
23,인천광역시,201301,1586
23,인천광역시,201302,1309
23,인천광역시,201303,1355
23,인천광역시,201304,1329
23,인천광역시,201305,1666
23,인천광역시,201306,1424
23,인천광역시,201307,1577
23,인천광역시,201308,1466
23,인천광역시,201309,1095
23,인천광역시,201310,1561
23,인천광역시,201311,1623
23,인천광역시,201312,2019
23,인천광역시,201401,1522
23,인천광역시,201402,1363
23,인천광역시,201403,1425
23,인천광역시,201404,1356
23,인천광역시,201405,1607
23,인천광역시,201406,1388
23,인천광역시,201407,1498
23,인천광역시,201408,1287
23,인천광역시,201409,1065
23,인천광역시,201410,1499
23,인천광역시,201411,1319
23,인천광역시,201412,1922
24,광주광역시,201001,749
24,광주광역시,201002,582
24,광주광역시,201003,799
24,광주광역시,201004,717
24,광주광역시,201005,780
24,광주광역시,201006,731
24,광주광역시,201007,655
24,광주광역시,201008,681
24,광주광역시,201009,519
24,광주광역시,201010,585
24,광주광역시,201011,770
24,광주광역시,201012,998
24,광주광역시,201101,770
24,광주광역시,201102,648
24,광주광역시,201103,774
24,광주광역시,201104,716
24,광주광역시,201105,838
24,광주광역시,201106,726
24,광주광역시,201107,601
24,광주광역시,201108,736
24,광주광역시,201109,529
24,광주광역시,201110,710
24,광주광역시,201111,869
24,광주광역시,201112,1029
24,광주광역시,201201,810
24,광주광역시,201202,721
24,광주광역시,201203,751
24,광주광역시,201204,741
24,광주광역시,201205,684
24,광주광역시,201206,697
24,광주광역시,201207,604
24,광주광역시,201208,672
24,광주광역시,201209,489
24,광주광역시,201210,658
24,광주광역시,201211,766
24,광주광역시,201212,1003
24,광주광역시,201301,870
24,광주광역시,201302,596
24,광주광역시,201303,669
24,광주광역시,201304,644
24,광주광역시,201305,895
24,광주광역시,201306,687
24,광주광역시,201307,739
24,광주광역시,201308,698
24,광주광역시,201309,508
24,광주광역시,201310,738
24,광주광역시,201311,796
24,광주광역시,201312,980
24,광주광역시,201401,762
24,광주광역시,201402,723
24,광주광역시,201403,641
24,광주광역시,201404,653
24,광주광역시,201405,708
24,광주광역시,201406,682
24,광주광역시,201407,680
24,광주광역시,201408,624
24,광주광역시,201409,503
24,광주광역시,201410,723
24,광주광역시,201411,633
24,광주광역시,201412,881
25,대전광역시,201001,734
25,대전광역시,201002,687
25,대전광역시,201003,743
25,대전광역시,201004,777
25,대전광역시,201005,799
25,대전광역시,201006,782
25,대전광역시,201007,697
25,대전광역시,201008,695
25,대전광역시,201009,629
25,대전광역시,201010,781
25,대전광역시,201011,890
25,대전광역시,201012,1137
25,대전광역시,201101,777
25,대전광역시,201102,697
25,대전광역시,201103,780
25,대전광역시,201104,830
25,대전광역시,201105,851
25,대전광역시,201106,816
25,대전광역시,201107,702
25,대전광역시,201108,767
25,대전광역시,201109,613
25,대전광역시,201110,791
25,대전광역시,201111,914
25,대전광역시,201112,1188
25,대전광역시,201201,891
25,대전광역시,201202,757
25,대전광역시,201203,869
25,대전광역시,201204,873
25,대전광역시,201205,808
25,대전광역시,201206,755
25,대전광역시,201207,706
25,대전광역시,201208,715
25,대전광역시,201209,522
25,대전광역시,201210,809
25,대전광역시,201211,904
25,대전광역시,201212,1136
25,대전광역시,201301,900
25,대전광역시,201302,651
25,대전광역시,201303,735
25,대전광역시,201304,764
25,대전광역시,201305,862
25,대전광역시,201306,768
25,대전광역시,201307,808
25,대전광역시,201308,753
25,대전광역시,201309,555
25,대전광역시,201310,799
25,대전광역시,201311,911
25,대전광역시,201312,1115
25,대전광역시,201401,800
25,대전광역시,201402,739
25,대전광역시,201403,739
25,대전광역시,201404,769
25,대전광역시,201405,842
25,대전광역시,201406,715
25,대전광역시,201407,673
25,대전광역시,201408,615
25,대전광역시,201409,580
25,대전광역시,201410,866
25,대전광역시,201411,746
25,대전광역시,201412,1034
26,울산광역시,201001,616
26,울산광역시,201002,590
26,울산광역시,201003,590
26,울산광역시,201004,579
26,울산광역시,201005,721
26,울산광역시,201006,673
26,울산광역시,201007,570
26,울산광역시,201008,603
26,울산광역시,201009,455
26,울산광역시,201010,552
26,울산광역시,201011,725
26,울산광역시,201012,986
26,울산광역시,201101,669
26,울산광역시,201102,499
26,울산광역시,201103,660
26,울산광역시,201104,543
26,울산광역시,201105,717
26,울산광역시,201106,714
26,울산광역시,201107,546
26,울산광역시,201108,594
26,울산광역시,201109,460
26,울산광역시,201110,600
26,울산광역시,201111,811
26,울산광역시,201112,955
26,울산광역시,201201,789
26,울산광역시,201202,604
26,울산광역시,201203,649
26,울산광역시,201204,694
26,울산광역시,201205,670
26,울산광역시,201206,592
26,울산광역시,201207,616
26,울산광역시,201208,568
26,울산광역시,201209,393
26,울산광역시,201210,617
26,울산광역시,201211,821
26,울산광역시,201212,874
26,울산광역시,201301,720
26,울산광역시,201302,597
26,울산광역시,201303,576
26,울산광역시,201304,578
26,울산광역시,201305,762
26,울산광역시,201306,625
26,울산광역시,201307,641
26,울산광역시,201308,643
26,울산광역시,201309,455
26,울산광역시,201310,644
26,울산광역시,201311,805
26,울산광역시,201312,952
26,울산광역시,201401,749
26,울산광역시,201402,547
26,울산광역시,201403,598
26,울산광역시,201404,529
26,울산광역시,201405,757
26,울산광역시,201406,652
26,울산광역시,201407,575
26,울산광역시,201408,552
26,울산광역시,201409,475
26,울산광역시,201410,716
26,울산광역시,201411,632
26,울산광역시,201412,892
29,세종특별자치시,201201,58
29,세종특별자치시,201202,46
29,세종특별자치시,201203,55
29,세종특별자치시,201204,44
29,세종특별자치시,201205,58
29,세종특별자치시,201206,51
29,세종특별자치시,201207,37
29,세종특별자치시,201208,58
29,세종특별자치시,201209,39
29,세종특별자치시,201210,49
29,세종특별자치시,201211,55
29,세종특별자치시,201212,84
29,세종특별자치시,201301,64
29,세종특별자치시,201302,53
29,세종특별자치시,201303,60
29,세종특별자치시,201304,55
29,세종특별자치시,201305,66
29,세종특별자치시,201306,68
29,세종특별자치시,201307,60
29,세종특별자치시,201308,60
29,세종특별자치시,201309,41
29,세종특별자치시,201310,65
29,세종특별자치시,201311,63
29,세종특별자치시,201312,88
29,세종특별자치시,201401,58
29,세종특별자치시,201402,58
29,세종특별자치시,201403,66
29,세종특별자치시,201404,65
29,세종특별자치시,201405,74
29,세종특별자치시,201406,62
29,세종특별자치시,201407,75
29,세종특별자치시,201408,65
29,세종특별자치시,201409,58
29,세종특별자치시,201410,112
29,세종특별자치시,201411,82
29,세종특별자치시,201412,145
31,경기도,201001,6041
31,경기도,201002,5791
31,경기도,201003,6692
31,경기도,201004,6580
31,경기도,201005,6642
31,경기도,201006,6710
31,경기도,201007,5883
31,경기도,201008,6601
31,경기도,201009,5250
31,경기도,201010,5983
31,경기도,201011,7178
31,경기도,201012,9120
31,경기도,201101,6149
31,경기도,201102,5527
31,경기도,201103,6681
31,경기도,201104,6218
31,경기도,201105,7177
31,경기도,201106,6639
31,경기도,201107,5736
31,경기도,201108,6663
31,경기도,201109,5247
31,경기도,201110,6174
31,경기도,201111,7657
31,경기도,201112,9269
31,경기도,201201,6913
31,경기도,201202,5947
31,경기도,201203,6877
31,경기도,201204,6566
31,경기도,201205,6692
31,경기도,201206,6266
31,경기도,201207,5915
31,경기도,201208,5960
31,경기도,201209,4755
31,경기도,201210,6801
31,경기도,201211,7464
31,경기도,201212,9293
31,경기도,201301,6578
31,경기도,201302,5803
31,경기도,201303,5618
31,경기도,201304,5924
31,경기도,201305,7427
31,경기도,201306,6398
31,경기도,201307,6402
31,경기도,201308,6183
31,경기도,201309,4830
31,경기도,201310,6538
31,경기도,201311,6795
31,경기도,201312,9153
31,경기도,201401,6427
31,경기도,201402,5985
31,경기도,201403,6093
31,경기도,201404,5857
31,경기도,201405,6831
31,경기도,201406,6096
31,경기도,201407,6202
31,경기도,201408,5367
31,경기도,201409,4628
31,경기도,201410,6559
31,경기도,201411,5828
31,경기도,201412,8433
32,강원특별자치도,201001,690
32,강원특별자치도,201002,559
32,강원특별자치도,201003,749
32,강원특별자치도,201004,689
32,강원특별자치도,201005,773
32,강원특별자치도,201006,774
32,강원특별자치도,201007,580
32,강원특별자치도,201008,600
32,강원특별자치도,201009,535
32,강원특별자치도,201010,677
32,강원특별자치도,201011,827
32,강원특별자치도,201012,912
32,강원특별자치도,201101,677
32,강원특별자치도,201102,585
32,강원특별자치도,201103,709
32,강원특별자치도,201104,661
32,강원특별자치도,201105,792
32,강원특별자치도,201106,723
32,강원특별자치도,201107,690
32,강원특별자치도,201108,564
32,강원특별자치도,201109,532
32,강원특별자치도,201110,672
32,강원특별자치도,201111,824
32,강원특별자치도,201112,909
32,강원특별자치도,201201,717
32,강원특별자치도,201202,649
32,강원특별자치도,201203,717
32,강원특별자치도,201204,733
32,강원특별자치도,201205,663
32,강원특별자치도,201206,677
32,강원특별자치도,201207,642
32,강원특별자치도,201208,561
32,강원특별자치도,201209,465
32,강원특별자치도,201210,734
32,강원특별자치도,201211,758
32,강원특별자치도,201212,909
32,강원특별자치도,201301,701
32,강원특별자치도,201302,539
32,강원특별자치도,201303,606
32,강원특별자치도,201304,650
32,강원특별자치도,201305,766
32,강원특별자치도,201306,673
32,강원특별자치도,201307,662
32,강원특별자치도,201308,574
32,강원특별자치도,201309,487
32,강원특별자치도,201310,684
32,강원특별자치도,201311,748
32,강원특별자치도,201312,856
32,강원특별자치도,201401,634
32,강원특별자치도,201402,593
32,강원특별자치도,201403,707
32,강원특별자치도,201404,625
32,강원특별자치도,201405,732
32,강원특별자치도,201406,662
32,강원특별자치도,201407,639
32,강원특별자치도,201408,528
32,강원특별자치도,201409,532
32,강원특별자치도,201410,714
32,강원특별자치도,201411,579
32,강원특별자치도,201412,840
33,충청북도,201001,715
33,충청북도,201002,643
33,충청북도,201003,774
33,충청북도,201004,822
33,충청북도,201005,849
33,충청북도,201006,814
33,충청북도,201007,640
33,충청북도,201008,668
33,충청북도,201009,579
33,충청북도,201010,705
33,충청북도,201011,884
33,충청북도,201012,1078
33,충청북도,201101,769
33,충청북도,201102,690
33,충청북도,201103,828
33,충청북도,201104,782
33,충청북도,201105,924
33,충청북도,201106,782
33,충청북도,201107,611
33,충청북도,201108,714
33,충청북도,201109,569
33,충청북도,201110,817
33,충청북도,201111,916
33,충청북도,201112,1140
33,충청북도,201201,823
33,충청북도,201202,785
33,충청북도,201203,782
33,충청북도,201204,791
33,충청북도,201205,740
33,충청북도,201206,721
33,충청북도,201207,681
33,충청북도,201208,683
33,충청북도,201209,564
33,충청북도,201210,728
33,충청북도,201211,889
33,충청북도,201212,1088
33,충청북도,201301,854
33,충청북도,201302,718
33,충청북도,201303,687
33,충청북도,201304,677
33,충청북도,201305,876
33,충청북도,201306,786
33,충청북도,201307,819
33,충청북도,201308,705
33,충청북도,201309,568
33,충청북도,201310,758
33,충청북도,201311,773
33,충청북도,201312,1086
33,충청북도,201401,740
33,충청북도,201402,733
33,충청북도,201403,736
33,충청북도,201404,730
33,충청북도,201405,854
33,충청북도,201406,699
33,충청북도,201407,689
33,충청북도,201408,590
33,충청북도,201409,568
33,충청북도,201410,763
33,충청북도,201411,709
33,충청북도,201412,963
34,충청남도,201001,1119
34,충청남도,201002,909
34,충청남도,201003,1105
34,충청남도,201004,1147
34,충청남도,201005,1174
34,충청남도,201006,1130
34,충청남도,201007,1036
34,충청남도,201008,1016
34,충청남도,201009,821
34,충청남도,201010,972
34,충청남도,201011,1235
34,충청남도,201012,1521
34,충청남도,201101,1087
34,충청남도,201102,937
34,충청남도,201103,1130
34,충청남도,201104,1068
34,충청남도,201105,1307
34,충청남도,201106,1069
34,충청남도,201107,892
34,충청남도,201108,1023
34,충청남도,201109,816
34,충청남도,201110,1050
34,충청남도,201111,1283
34,충청남도,201112,1554
34,충청남도,201201,1157
34,충청남도,201202,993
34,충청남도,201203,1154
34,충청남도,201204,1137
34,충청남도,201205,1051
34,충청남도,201206,1014
34,충청남도,201207,956
34,충청남도,201208,922
34,충청남도,201209,749
34,충청남도,201210,1082
34,충청남도,201211,1251
34,충청남도,201212,1383
34,충청남도,201301,1113
34,충청남도,201302,867
34,충청남도,201303,878
34,충청남도,201304,1059
34,충청남도,201305,1281
34,충청남도,201306,1034
34,충청남도,201307,1033
34,충청남도,201308,967
34,충청남도,201309,698
34,충청남도,201310,1047
34,충청남도,201311,1061
34,충청남도,201312,1444
34,충청남도,201401,1052
34,충청남도,201402,1014
34,충청남도,201403,946
34,충청남도,201404,948
34,충청남도,201405,1032
34,충청남도,201406,960
34,충청남도,201407,975
34,충청남도,201408,889
34,충청남도,201409,760
34,충청남도,201410,1159
34,충청남도,201411,937
34,충청남도,201412,1368
35,전북특별자치도,201001,895
35,전북특별자치도,201002,814
35,전북특별자치도,201003,890
35,전북특별자치도,201004,922
35,전북특별자치도,201005,980
35,전북특별자치도,201006,889
35,전북특별자치도,201007,754
35,전북특별자치도,201008,793
35,전북특별자치도,201009,603
35,전북특별자치도,201010,781
35,전북특별자치도,201011,1040
35,전북특별자치도,201012,1164
35,전북특별자치도,201101,909
35,전북특별자치도,201102,776
35,전북특별자치도,201103,866
35,전북특별자치도,201104,864
35,전북특별자치도,201105,935
35,전북특별자치도,201106,845
35,전북특별자치도,201107,702
35,전북특별자치도,201108,786
35,전북특별자치도,201109,654
35,전북특별자치도,201110,834
35,전북특별자치도,201111,997
35,전북특별자치도,201112,1185
35,전북특별자치도,201201,943
35,전북특별자치도,201202,836
35,전북특별자치도,201203,951
35,전북특별자치도,201204,871
35,전북특별자치도,201205,826
35,전북특별자치도,201206,836
35,전북특별자치도,201207,731
35,전북특별자치도,201208,720
35,전북특별자치도,201209,524
35,전북특별자치도,201210,756
35,전북특별자치도,201211,925
35,전북특별자치도,201212,1103
35,전북특별자치도,201301,946
35,전북특별자치도,201302,758
35,전북특별자치도,201303,665
35,전북특별자치도,201304,777
35,전북특별자치도,201305,938
35,전북특별자치도,201306,805
35,전북특별자치도,201307,816
35,전북특별자치도,201308,732
35,전북특별자치도,201309,545
35,전북특별자치도,201310,807
35,전북특별자치도,201311,887
35,전북특별자치도,201312,1147
35,전북특별자치도,201401,836
35,전북특별자치도,201402,811
35,전북특별자치도,201403,812
35,전북특별자치도,201404,719
35,전북특별자치도,201405,841
35,전북특별자치도,201406,708
35,전북특별자치도,201407,718
35,전북특별자치도,201408,632
35,전북특별자치도,201409,591
35,전북특별자치도,201410,808
35,전북특별자치도,201411,706
35,전북특별자치도,201412,1029
36,전라남도,201001,930
36,전라남도,201002,768
36,전라남도,201003,926
36,전라남도,201004,919
36,전라남도,201005,891
36,전라남도,201006,968
36,전라남도,201007,787
36,전라남도,201008,798
36,전라남도,201009,624
36,전라남도,201010,723
36,전라남도,201011,930
36,전라남도,201012,1197
36,전라남도,201101,920
36,전라남도,201102,792
36,전라남도,201103,871
36,전라남도,201104,880
36,전라남도,201105,983
36,전라남도,201106,854
36,전라남도,201107,712
36,전라남도,201108,775
36,전라남도,201109,637
36,전라남도,201110,757
36,전라남도,201111,905
36,전라남도,201112,1180
36,전라남도,201201,954
36,전라남도,201202,837
36,전라남도,201203,929
36,전라남도,201204,850
36,전라남도,201205,773
36,전라남도,201206,824
36,전라남도,201207,682
36,전라남도,201208,679
36,전라남도,201209,563
36,전라남도,201210,762
36,전라남도,201211,887
36,전라남도,201212,1087
36,전라남도,201301,967
36,전라남도,201302,768
36,전라남도,201303,737
36,전라남도,201304,808
36,전라남도,201305,965
36,전라남도,201306,840
36,전라남도,201307,818
36,전라남도,201308,787
36,전라남도,201309,592
36,전라남도,201310,819
36,전라남도,201311,862
36,전라남도,201312,1032
36,전라남도,201401,933
36,전라남도,201402,835
36,전라남도,201403,816
36,전라남도,201404,783
36,전라남도,201405,831
36,전라남도,201406,776
36,전라남도,201407,723
36,전라남도,201408,668
36,전라남도,201409,597
36,전라남도,201410,764
36,전라남도,201411,660
36,전라남도,201412,971
37,경상북도,201001,1357
37,경상북도,201002,1109
37,경상북도,201003,1337
37,경상북도,201004,1293
37,경상북도,201005,1410
37,경상북도,201006,1350
37,경상북도,201007,1197
37,경상북도,201008,1134
37,경상북도,201009,952
37,경상북도,201010,1167
37,경상북도,201011,1439
37,경상북도,201012,1847
37,경상북도,201101,1354
37,경상북도,201102,1160
37,경상북도,201103,1307
37,경상북도,201104,1282
37,경상북도,201105,1478
37,경상북도,201106,1359
37,경상북도,201107,1091
37,경상북도,201108,1223
37,경상북도,201109,975
37,경상북도,201110,1229
37,경상북도,201111,1541
37,경상북도,201112,1943
37,경상북도,201201,1348
37,경상북도,201202,1311
37,경상북도,201203,1356
37,경상북도,201204,1390
37,경상북도,201205,1344
37,경상북도,201206,1241
37,경상북도,201207,1161
37,경상북도,201208,1113
37,경상북도,201209,798
37,경상북도,201210,1187
37,경상북도,201211,1447
37,경상북도,201212,1687
37,경상북도,201301,1458
37,경상북도,201302,1145
37,경상북도,201303,1224
37,경상북도,201304,1159
37,경상북도,201305,1479
37,경상북도,201306,1309
37,경상북도,201307,1309
37,경상북도,201308,1188
37,경상북도,201309,831
37,경상북도,201310,1263
37,경상북도,201311,1330
37,경상북도,201312,1726
37,경상북도,201401,1318
37,경상북도,201402,1211
37,경상북도,201403,1215
37,경상북도,201404,1094
37,경상북도,201405,1285
37,경상북도,201406,1106
37,경상북도,201407,1109
37,경상북도,201408,993
37,경상북도,201409,904
37,경상북도,201410,1333
37,경상북도,201411,1019
37,경상북도,201412,1596
38,경상남도,201001,1873
38,경상남도,201002,1682
38,경상남도,201003,1733
38,경상남도,201004,1698
38,경상남도,201005,2013
38,경상남도,201006,1977
38,경상남도,201007,1535
38,경상남도,201008,1557
38,경상남도,201009,1232
38,경상남도,201010,1505
38,경상남도,201011,1957
38,경상남도,201012,2408
38,경상남도,201101,1874
38,경상남도,201102,1601
38,경상남도,201103,1715
38,경상남도,201104,1606
38,경상남도,201105,1941
38,경상남도,201106,1756
38,경상남도,201107,1376
38,경상남도,201108,1644
38,경상남도,201109,1228
38,경상남도,201110,1588
38,경상남도,201111,1925
38,경상남도,201112,2515
38,경상남도,201201,2036
38,경상남도,201202,1639
38,경상남도,201203,1644
38,경상남도,201204,1702
38,경상남도,201205,1703
38,경상남도,201206,1637
38,경상남도,201207,1530
38,경상남도,201208,1490
38,경상남도,201209,1022
38,경상남도,201210,1578
38,경상남도,201211,1838
38,경상남도,201212,2321
38,경상남도,201301,1921
38,경상남도,201302,1600
38,경상남도,201303,1485
38,경상남도,201304,1428
38,경상남도,201305,1988
38,경상남도,201306,1537
38,경상남도,201307,1639
38,경상남도,201308,1593
38,경상남도,201309,1114
38,경상남도,201310,1695
38,경상남도,201311,1792
38,경상남도,201312,2499
38,경상남도,201401,1788
38,경상남도,201402,1681
38,경상남도,201403,1485
38,경상남도,201404,1459
38,경상남도,201405,1768
38,경상남도,201406,1503
38,경상남도,201407,1509
38,경상남도,201408,1405
38,경상남도,201409,1105
38,경상남도,201410,1694
38,경상남도,201411,1475
38,경상남도,201412,2184
39,제주특별자치도,201001,317
39,제주특별자치도,201002,293
39,제주특별자치도,201003,278
39,제주특별자치도,201004,319
39,제주특별자치도,201005,334
39,제주특별자치도,201006,330
39,제주특별자치도,201007,280
39,제주특별자치도,201008,249
39,제주특별자치도,201009,197
39,제주특별자치도,201010,240
39,제주특별자치도,201011,328
39,제주특별자치도,201012,350
39,제주특별자치도,201101,341
39,제주특별자치도,201102,303
39,제주특별자치도,201103,354
39,제주특별자치도,201104,274
39,제주특별자치도,201105,304
39,제주특별자치도,201106,341
39,제주특별자치도,201107,223
39,제주특별자치도,201108,274
39,제주특별자치도,201109,202
39,제주특별자치도,201110,261
39,제주특별자치도,201111,320
39,제주특별자치도,201112,385
39,제주특별자치도,201201,327
39,제주특별자치도,201202,321
39,제주특별자치도,201203,392
39,제주특별자치도,201204,327
39,제주특별자치도,201205,298
39,제주특별자치도,201206,262
39,제주특별자치도,201207,248
39,제주특별자치도,201208,228
39,제주특별자치도,201209,189
39,제주특별자치도,201210,244
39,제주특별자치도,201211,325
39,제주특별자치도,201212,321
39,제주특별자치도,201301,344
39,제주특별자치도,201302,295
39,제주특별자치도,201303,303
39,제주특별자치도,201304,308
39,제주특별자치도,201305,369
39,제주특별자치도,201306,259
39,제주특별자치도,201307,318
39,제주특별자치도,201308,219
39,제주특별자치도,201309,205
39,제주특별자치도,201310,348
39,제주특별자치도,201311,295
39,제주특별자치도,201312,375
39,제주특별자치도,201401,326
39,제주특별자치도,201402,332
39,제주특별자치도,201403,326
39,제주특별자치도,201404,272
39,제주특별자치도,201405,335
39,제주특별자치도,201406,302
39,제주특별자치도,201407,285
39,제주특별자치도,201408,253
39,제주특별자치도,201409,242
39,제주특별자치도,201410,326
39,제주특별자치도,201411,261
39,제주특별자치도,201412,333
00,전국,201501,28396
00,전국,201502,20912
00,전국,201503,27197
00,전국,201504,24669
00,전국,201505,27946
00,전국,201506,26737
00,전국,201507,23571
00,전국,201508,21821
00,전국,201509,19001
00,전국,201510,23237
00,전국,201511,26047
00,전국,201512,33294
00,전국,201601,23869
00,전국,201602,22474
00,전국,201603,24991
00,전국,201604,22844
00,전국,201605,25489
00,전국,201606,24285
00,전국,201607,21154
00,전국,201608,23017
00,전국,201609,17763
00,전국,201610,21951
00,전국,201611,25385
00,전국,201612,28413
00,전국,201701,23845
00,전국,201702,21501
00,전국,201703,23290
00,전국,201704,20076
00,전국,201705,26924
00,전국,201706,22292
00,전국,201707,18964
00,전국,201708,20068
00,전국,201709,17933
00,전국,201710,17348
00,전국,201711,24629
00,전국,201712,27585
00,전국,201801,24370
00,전국,201802,19008
00,전국,201803,22773
00,전국,201804,20610
00,전국,201805,24996
00,전국,201806,20610
00,전국,201807,20091
00,전국,201808,19345
00,전국,201809,14344
00,전국,201810,21856
00,전국,201811,22801
00,전국,201812,26818
00,전국,201901,21326
00,전국,201902,18199
00,전국,201903,19549
00,전국,201904,20026
00,전국,201905,23045
00,전국,201906,17942
00,전국,201907,19178
00,전국,201908,18336
00,전국,201909,15798
00,전국,201910,20327
00,전국,201911,20488
00,전국,201912,24945
11,서울특별시,201501,5901
11,서울특별시,201502,4488
11,서울특별시,201503,5665
11,서울특별시,201504,5313
11,서울특별시,201505,6000
11,서울특별시,201506,5564
11,서울특별시,201507,5101
11,서울특별시,201508,4617
11,서울특별시,201509,4080
11,서울특별시,201510,4858
11,서울특별시,201511,5454
11,서울특별시,201512,7152
11,서울특별시,201601,4764
11,서울특별시,201602,4659
11,서울특별시,201603,4991
11,서울특별시,201604,4584
11,서울특별시,201605,5181
11,서울특별시,201606,5003
11,서울특별시,201607,4556
11,서울특별시,201608,4569
11,서울특별시,201609,3683
11,서울특별시,201610,4499
11,서울특별시,201611,5294
11,서울특별시,201612,5860
11,서울특별시,201701,4679
11,서울특별시,201702,4275
11,서울특별시,201703,4700
11,서울특별시,201704,4098
11,서울특별시,201705,5583
11,서울특별시,201706,4588
11,서울특별시,201707,3921
11,서울특별시,201708,4000
11,서울특별시,201709,3684
11,서울특별시,201710,3553
11,서울특별시,201711,5021
11,서울특별시,201712,5674
11,서울특별시,201801,4688
11,서울특별시,201802,3912
11,서울특별시,201803,4588
11,서울특별시,201804,4170
11,서울특별시,201805,5049
11,서울특별시,201806,4143
11,서울특별시,201807,4033
11,서울특별시,201808,3871
11,서울특별시,201809,2988
11,서울특별시,201810,4416
11,서울특별시,201811,4583
11,서울특별시,201812,5564
11,서울특별시,201901,4053
11,서울특별시,201902,3687
11,서울특별시,201903,3870
11,서울특별시,201904,3977
11,서울특별시,201905,4696
11,서울특별시,201906,3683
11,서울특별시,201907,3969
11,서울특별시,201908,3859
11,서울특별시,201909,3212
11,서울특별시,201910,4088
11,서울특별시,201911,4150
11,서울특별시,201912,5017
21,부산광역시,201501,1765
21,부산광역시,201502,1368
21,부산광역시,201503,1573
21,부산광역시,201504,1404
21,부산광역시,201505,1625
21,부산광역시,201506,1704
21,부산광역시,201507,1576
21,부산광역시,201508,1426
21,부산광역시,201509,1111
21,부산광역시,201510,1322
21,부산광역시,201511,1578
21,부산광역시,201512,2101
21,부산광역시,201601,1548
21,부산광역시,201602,1334
21,부산광역시,201603,1568
21,부산광역시,201604,1416
21,부산광역시,201605,1522
21,부산광역시,201606,1401
21,부산광역시,201607,1252
21,부산광역시,201608,1508
21,부산광역시,201609,1004
21,부산광역시,201610,1276
21,부산광역시,201611,1575
21,부산광역시,201612,1709
21,부산광역시,201701,1547
21,부산광역시,201702,1387
21,부산광역시,201703,1328
21,부산광역시,201704,1163
21,부산광역시,201705,1642
21,부산광역시,201706,1311
21,부산광역시,201707,1134
21,부산광역시,201708,1248
21,부산광역시,201709,1020
21,부산광역시,201710,940
21,부산광역시,201711,1417
21,부산광역시,201712,1540
21,부산광역시,201801,1471
21,부산광역시,201802,1105
21,부산광역시,201803,1245
21,부산광역시,201804,1159
21,부산광역시,201805,1416
21,부산광역시,201806,1219
21,부산광역시,201807,1145
21,부산광역시,201808,1191
21,부산광역시,201809,805
21,부산광역시,201810,1253
21,부산광역시,201811,1253
21,부산광역시,201812,1519
21,부산광역시,201901,1300
21,부산광역시,201902,1051
21,부산광역시,201903,1113
21,부산광역시,201904,1164
21,부산광역시,201905,1316
21,부산광역시,201906,1103
21,부산광역시,201907,1041
21,부산광역시,201908,1067
21,부산광역시,201909,861
21,부산광역시,201910,1133
21,부산광역시,201911,1181
21,부산광역시,201912,1450
22,대구광역시,201501,1199
22,대구광역시,201502,890
22,대구광역시,201503,1151
22,대구광역시,201504,939
22,대구광역시,201505,1228
22,대구광역시,201506,1118
22,대구광역시,201507,980
22,대구광역시,201508,935
22,대구광역시,201509,738
22,대구광역시,201510,948
22,대구광역시,201511,1075
22,대구광역시,201512,1344
22,대구광역시,201601,1064
22,대구광역시,201602,984
22,대구광역시,201603,1055
22,대구광역시,201604,959
22,대구광역시,201605,1106
22,대구광역시,201606,1077
22,대구광역시,201607,899
22,대구광역시,201608,1026
22,대구광역시,201609,682
22,대구광역시,201610,974
22,대구광역시,201611,1083
22,대구광역시,201612,1307
22,대구광역시,201701,1140
22,대구광역시,201702,987
22,대구광역시,201703,916
22,대구광역시,201704,777
22,대구광역시,201705,1179
22,대구광역시,201706,963
22,대구광역시,201707,811
22,대구광역시,201708,853
22,대구광역시,201709,746
22,대구광역시,201710,783
22,대구광역시,201711,1066
22,대구광역시,201712,1171
22,대구광역시,201801,1041
22,대구광역시,201802,798
22,대구광역시,201803,924
22,대구광역시,201804,862
22,대구광역시,201805,1130
22,대구광역시,201806,890
22,대구광역시,201807,896
22,대구광역시,201808,835
22,대구광역시,201809,575
22,대구광역시,201810,916
22,대구광역시,201811,958
22,대구광역시,201812,1142
22,대구광역시,201901,981
22,대구광역시,201902,774
22,대구광역시,201903,778
22,대구광역시,201904,806
22,대구광역시,201905,965
22,대구광역시,201906,737
22,대구광역시,201907,818
22,대구광역시,201908,751
22,대구광역시,201909,616
22,대구광역시,201910,779
22,대구광역시,201911,836
22,대구광역시,201912,1039
23,인천광역시,201501,1545
23,인천광역시,201502,1103
23,인천광역시,201503,1438
23,인천광역시,201504,1428
23,인천광역시,201505,1578
23,인천광역시,201506,1438
23,인천광역시,201507,1377
23,인천광역시,201508,1267
23,인천광역시,201509,1174
23,인천광역시,201510,1381
23,인천광역시,201511,1507
23,인천광역시,201512,1882
23,인천광역시,201601,1324
23,인천광역시,201602,1251
23,인천광역시,201603,1438
23,인천광역시,201604,1299
23,인천광역시,201605,1432
23,인천광역시,201606,1390
23,인천광역시,201607,1236
23,인천광역시,201608,1341
23,인천광역시,201609,1066
23,인천광역시,201610,1227
23,인천광역시,201611,1482
23,인천광역시,201612,1606
23,인천광역시,201701,1349
23,인천광역시,201702,1211
23,인천광역시,201703,1363
23,인천광역시,201704,1182
23,인천광역시,201705,1454
23,인천광역시,201706,1216
23,인천광역시,201707,1131
23,인천광역시,201708,1197
23,인천광역시,201709,1058
23,인천광역시,201710,1034
23,인천광역시,201711,1473
23,인천광역시,201712,1567
23,인천광역시,201801,1435
23,인천광역시,201802,1051
23,인천광역시,201803,1312
23,인천광역시,201804,1222
23,인천광역시,201805,1388
23,인천광역시,201806,1179
23,인천광역시,201807,1117
23,인천광역시,201808,1144
23,인천광역시,201809,859
23,인천광역시,201810,1273
23,인천광역시,201811,1366
23,인천광역시,201812,1504
23,인천광역시,201901,1226
23,인천광역시,201902,1010
23,인천광역시,201903,1115
23,인천광역시,201904,1106
23,인천광역시,201905,1283
23,인천광역시,201906,968
23,인천광역시,201907,1095
23,인천광역시,201908,1069
23,인천광역시,201909,920
23,인천광역시,201910,1209
23,인천광역시,201911,1126
23,인천광역시,201912,1274
24,광주광역시,201501,777
24,광주광역시,201502,587
24,광주광역시,201503,759
24,광주광역시,201504,696
24,광주광역시,201505,744
24,광주광역시,201506,662
24,광주광역시,201507,568
24,광주광역시,201508,559
24,광주광역시,201509,441
24,광주광역시,201510,634
24,광주광역시,201511,645
24,광주광역시,201512,873
24,광주광역시,201601,633
24,광주광역시,201602,623
24,광주광역시,201603,680
24,광주광역시,201604,606
24,광주광역시,201605,665
24,광주광역시,201606,691
24,광주광역시,201607,590
24,광주광역시,201608,624
24,광주광역시,201609,426
24,광주광역시,201610,542
24,광주광역시,201611,615
24,광주광역시,201612,773
24,광주광역시,201701,649
24,광주광역시,201702,608
24,광주광역시,201703,643
24,광주광역시,201704,553
24,광주광역시,201705,741
24,광주광역시,201706,616
24,광주광역시,201707,513
24,광주광역시,201708,527
24,광주광역시,201709,467
24,광주광역시,201710,457
24,광주광역시,201711,644
24,광주광역시,201712,723
24,광주광역시,201801,614
24,광주광역시,201802,533
24,광주광역시,201803,544
24,광주광역시,201804,570
24,광주광역시,201805,655
24,광주광역시,201806,528
24,광주광역시,201807,522
24,광주광역시,201808,550
24,광주광역시,201809,371
24,광주광역시,201810,535
24,광주광역시,201811,575
24,광주광역시,201812,635
24,광주광역시,201901,583
24,광주광역시,201902,461
24,광주광역시,201903,485
24,광주광역시,201904,533
24,광주광역시,201905,635
24,광주광역시,201906,443
24,광주광역시,201907,535
24,광주광역시,201908,514
24,광주광역시,201909,407
24,광주광역시,201910,551
24,광주광역시,201911,521
24,광주광역시,201912,629
25,대전광역시,201501,842
25,대전광역시,201502,577
25,대전광역시,201503,805
25,대전광역시,201504,744
25,대전광역시,201505,828
25,대전광역시,201506,801
25,대전광역시,201507,727
25,대전광역시,201508,604
25,대전광역시,201509,558
25,대전광역시,201510,675
25,대전광역시,201511,711
25,대전광역시,201512,933
25,대전광역시,201601,724
25,대전광역시,201602,675
25,대전광역시,201603,682
25,대전광역시,201604,637
25,대전광역시,201605,800
25,대전광역시,201606,707
25,대전광역시,201607,575
25,대전광역시,201608,671
25,대전광역시,201609,525
25,대전광역시,201610,705
25,대전광역시,201611,766
25,대전광역시,201612,858
25,대전광역시,201701,695
25,대전광역시,201702,628
25,대전광역시,201703,717
25,대전광역시,201704,604
25,대전광역시,201705,787
25,대전광역시,201706,662
25,대전광역시,201707,539
25,대전광역시,201708,611
25,대전광역시,201709,535
25,대전광역시,201710,469
25,대전광역시,201711,653
25,대전광역시,201712,797
25,대전광역시,201801,660
25,대전광역시,201802,527
25,대전광역시,201803,622
25,대전광역시,201804,567
25,대전광역시,201805,760
25,대전광역시,201806,739
25,대전광역시,201807,746
25,대전광역시,201808,481
25,대전광역시,201809,389
25,대전광역시,201810,559
25,대전광역시,201811,607
25,대전광역시,201812,720
25,대전광역시,201901,596
25,대전광역시,201902,574
25,대전광역시,201903,565
25,대전광역시,201904,545
25,대전광역시,201905,640
25,대전광역시,201906,452
25,대전광역시,201907,503
25,대전광역시,201908,514
25,대전광역시,201909,394
25,대전광역시,201910,606
25,대전광역시,201911,551
25,대전광역시,201912,662
26,울산광역시,201501,752
26,울산광역시,201502,476
26,울산광역시,201503,675
26,울산광역시,201504,536
26,울산광역시,201505,703
26,울산광역시,201506,706
26,울산광역시,201507,540
26,울산광역시,201508,585
26,울산광역시,201509,465
26,울산광역시,201510,529
26,울산광역시,201511,682
26,울산광역시,201512,834
26,울산광역시,201601,601
26,울산광역시,201602,559
26,울산광역시,201603,652
26,울산광역시,201604,558
26,울산광역시,201605,644
26,울산광역시,201606,634
26,울산광역시,201607,536
26,울산광역시,201608,542
26,울산광역시,201609,407
26,울산광역시,201610,535
26,울산광역시,201611,654
26,울산광역시,201612,684
26,울산광역시,201701,602
26,울산광역시,201702,531
26,울산광역시,201703,569
26,울산광역시,201704,483
26,울산광역시,201705,657
26,울산광역시,201706,559
26,울산광역시,201707,414
26,울산광역시,201708,481
26,울산광역시,201709,405
26,울산광역시,201710,395
26,울산광역시,201711,597
26,울산광역시,201712,638
26,울산광역시,201801,632
26,울산광역시,201802,409
26,울산광역시,201803,459
26,울산광역시,201804,462
26,울산광역시,201805,584
26,울산광역시,201806,479
26,울산광역시,201807,489
26,울산광역시,201808,422
26,울산광역시,201809,297
26,울산광역시,201810,500
26,울산광역시,201811,514
26,울산광역시,201812,647
26,울산광역시,201901,542
26,울산광역시,201902,434
26,울산광역시,201903,451
26,울산광역시,201904,464
26,울산광역시,201905,520
26,울산광역시,201906,394
26,울산광역시,201907,408
26,울산광역시,201908,419
26,울산광역시,201909,320
26,울산광역시,201910,443
26,울산광역시,201911,466
26,울산광역시,201912,581
29,세종특별자치시,201501,136
29,세종특별자치시,201502,95
29,세종특별자치시,201503,112
29,세종특별자치시,201504,122
29,세종특별자치시,201505,137
29,세종특별자치시,201506,99
29,세종특별자치시,201507,122
29,세종특별자치시,201508,111
29,세종특별자치시,201509,90
29,세종특별자치시,201510,123
29,세종특별자치시,201511,132
29,세종특별자치시,201512,219
29,세종특별자치시,201601,161
29,세종특별자치시,201602,111
29,세종특별자치시,201603,116
29,세종특별자치시,201604,140
29,세종특별자치시,201605,161
29,세종특별자치시,201606,137
29,세종특별자치시,201607,107
29,세종특별자치시,201608,128
29,세종특별자치시,201609,111
29,세종특별자치시,201610,130
29,세종특별자치시,201611,124
29,세종특별자치시,201612,186
29,세종특별자치시,201701,136
29,세종특별자치시,201702,134
29,세종특별자치시,201703,137
29,세종특별자치시,201704,103
29,세종특별자치시,201705,180
29,세종특별자치시,201706,153
29,세종특별자치시,201707,117
29,세종특별자치시,201708,134
29,세종특별자치시,201709,119
29,세종특별자치시,201710,100
29,세종특별자치시,201711,210
29,세종특별자치시,201712,205
29,세종특별자치시,201801,190
29,세종특별자치시,201802,133
29,세종특별자치시,201803,187
29,세종특별자치시,201804,140
29,세종특별자치시,201805,222
29,세종특별자치시,201806,161
29,세종특별자치시,201807,134
29,세종특별자치시,201808,159
29,세종특별자치시,201809,115
29,세종특별자치시,201810,185
29,세종특별자치시,201811,177
29,세종특별자치시,201812,235
29,세종특별자치시,201901,172
29,세종특별자치시,201902,165
29,세종특별자치시,201903,159
29,세종특별자치시,201904,173
29,세종특별자치시,201905,208
29,세종특별자치시,201906,160
29,세종특별자치시,201907,142
29,세종특별자치시,201908,144
29,세종특별자치시,201909,125
29,세종특별자치시,201910,196
29,세종특별자치시,201911,165
29,세종특별자치시,201912,230
31,경기도,201501,6797
31,경기도,201502,4987
31,경기도,201503,6628
31,경기도,201504,5942
31,경기도,201505,6930
31,경기도,201506,6481
31,경기도,201507,5708
31,경기도,201508,5333
31,경기도,201509,4780
31,경기도,201510,5682
31,경기도,201511,6482
31,경기도,201512,8200
31,경기도,201601,5967
31,경기도,201602,5556
31,경기도,201603,6163
31,경기도,201604,5645
31,경기도,201605,6248
31,경기도,201606,6012
31,경기도,201607,5346
31,경기도,201608,5761
31,경기도,201609,4502
31,경기도,201610,5560
31,경기도,201611,6321
31,경기도,201612,6971
31,경기도,201701,5885
31,경기도,201702,5309
31,경기도,201703,5741
31,경기도,201704,4965
31,경기도,201705,6751
31,경기도,201706,5566
31,경기도,201707,4780
31,경기도,201708,5105
31,경기도,201709,4627
31,경기도,201710,4413
31,경기도,201711,6284
31,경기도,201712,7003
31,경기도,201801,6266
31,경기도,201802,4903
31,경기도,201803,6027
31,경기도,201804,5327
31,경기도,201805,6448
31,경기도,201806,5174
31,경기도,201807,5117
31,경기도,201808,5031
31,경기도,201809,3802
31,경기도,201810,5838
31,경기도,201811,5947
31,경기도,201812,6997
31,경기도,201901,5312
31,경기도,201902,4591
31,경기도,201903,5068
31,경기도,201904,5204
31,경기도,201905,5952
31,경기도,201906,4728
31,경기도,201907,5130
31,경기도,201908,4836
31,경기도,201909,4350
31,경기도,201910,5207
31,경기도,201911,5387
31,경기도,201912,6591
32,강원특별자치도,201501,756
32,강원특별자치도,201502,507
32,강원특별자치도,201503,703
32,강원특별자치도,201504,602
32,강원특별자치도,201505,687
32,강원특별자치도,201506,723
32,강원특별자치도,201507,599
32,강원특별자치도,201508,537
32,강원특별자치도,201509,527
32,강원특별자치도,201510,676
32,강원특별자치도,201511,676
32,강원특별자치도,201512,883
32,강원특별자치도,201601,622
32,강원특별자치도,201602,568
32,강원특별자치도,201603,657
32,강원특별자치도,201604,612
32,강원특별자치도,201605,657
32,강원특별자치도,201606,600
32,강원특별자치도,201607,551
32,강원특별자치도,201608,574
32,강원특별자치도,201609,541
32,강원특별자치도,201610,622
32,강원특별자치도,201611,680
32,강원특별자치도,201612,784
32,강원특별자치도,201701,626
32,강원특별자치도,201702,592
32,강원특별자치도,201703,686
32,강원특별자치도,201704,550
32,강원특별자치도,201705,653
32,강원특별자치도,201706,636
32,강원특별자치도,201707,535
32,강원특별자치도,201708,517
32,강원특별자치도,201709,490
32,강원특별자치도,201710,485
32,강원특별자치도,201711,683
32,강원특별자치도,201712,842
32,강원특별자치도,201801,669
32,강원특별자치도,201802,495
32,강원특별자치도,201803,634
32,강원특별자치도,201804,497
32,강원특별자치도,201805,688
32,강원특별자치도,201806,579
32,강원특별자치도,201807,531
32,강원특별자치도,201808,464
32,강원특별자치도,201809,421
32,강원특별자치도,201810,620
32,강원특별자치도,201811,649
32,강원특별자치도,201812,747
32,강원특별자치도,201901,577
32,강원특별자치도,201902,503
32,강원특별자치도,201903,529
32,강원특별자치도,201904,534
32,강원특별자치도,201905,701
32,강원특별자치도,201906,534
32,강원특별자치도,201907,500
32,강원특별자치도,201908,468
32,강원특별자치도,201909,454
32,강원특별자치도,201910,602
32,강원특별자치도,201911,616
32,강원특별자치도,201912,744
33,충청북도,201501,858
33,충청북도,201502,617
33,충청북도,201503,779
33,충청북도,201504,708
33,충청북도,201505,797
33,충청북도,201506,778
33,충청북도,201507,688
33,충청북도,201508,598
33,충청북도,201509,575
33,충청북도,201510,702
33,충청북도,201511,787
33,충청북도,201512,985
33,충청북도,201601,703
33,충청북도,201602,596
33,충청북도,201603,806
33,충청북도,201604,652
33,충청북도,201605,781
33,충청북도,201606,690
33,충청북도,201607,566
33,충청북도,201608,701
33,충청북도,201609,539
33,충청북도,201610,690
33,충청북도,201611,769
33,충청북도,201612,841
33,충청북도,201701,685
33,충청북도,201702,657
33,충청북도,201703,692
33,충청북도,201704,636
33,충청북도,201705,866
33,충청북도,201706,671
33,충청북도,201707,559
33,충청북도,201708,602
33,충청북도,201709,498
33,충청북도,201710,488
33,충청북도,201711,751
33,충청북도,201712,885
33,충청북도,201801,764
33,충청북도,201802,602
33,충청북도,201803,690
33,충청북도,201804,632
33,충청북도,201805,685
33,충청북도,201806,620
33,충청북도,201807,589
33,충청북도,201808,614
33,충청북도,201809,415
33,충청북도,201810,694
33,충청북도,201811,687
33,충청북도,201812,835
33,충청북도,201901,644
33,충청북도,201902,579
33,충청북도,201903,603
33,충청북도,201904,614
33,충청북도,201905,669
33,충청북도,201906,544
33,충청북도,201907,531
33,충청북도,201908,529
33,충청북도,201909,459
33,충청북도,201910,640
33,충청북도,201911,666
33,충청북도,201912,761
34,충청남도,201501,1201
34,충청남도,201502,840
34,충청남도,201503,1115
34,충청남도,201504,1027
34,충청남도,201505,1125
34,충청남도,201506,1066
34,충청남도,201507,943
34,충청남도,201508,852
34,충청남도,201509,738
34,충청남도,201510,964
34,충청남도,201511,1042
34,충청남도,201512,1418
34,충청남도,201601,965
34,충청남도,201602,929
34,충청남도,201603,1089
34,충청남도,201604,970
34,충청남도,201605,1094
34,충청남도,201606,974
34,충청남도,201607,882
34,충청남도,201608,956
34,충청남도,201609,736
34,충청남도,201610,976
34,충청남도,201611,1006
34,충청남도,201612,1215
34,충청남도,201701,1010
34,충청남도,201702,863
34,충청남도,201703,1033
34,충청남도,201704,823
34,충청남도,201705,1089
34,충청남도,201706,895
34,충청남도,201707,712
34,충청남도,201708,827
34,충청남도,201709,751
34,충청남도,201710,716
34,충청남도,201711,1040
34,충청남도,201712,1202
34,충청남도,201801,1026
34,충청남도,201802,819
34,충청남도,201803,984
34,충청남도,201804,921
34,충청남도,201805,1087
34,충청남도,201806,872
34,충청남도,201807,838
34,충청남도,201808,828
34,충청남도,201809,613
34,충청남도,201810,893
34,충청남도,201811,966
34,충청남도,201812,1123
34,충청남도,201901,885
34,충청남도,201902,742
34,충청남도,201903,836
34,충청남도,201904,819
34,충청남도,201905,946
34,충청남도,201906,740
34,충청남도,201907,816
34,충청남도,201908,725
34,충청남도,201909,633
34,충청남도,201910,814
34,충청남도,201911,847
34,충청남도,201912,1023
35,전북특별자치도,201501,857
35,전북특별자치도,201502,600
35,전북특별자치도,201503,837
35,전북특별자치도,201504,765
35,전북특별자치도,201505,803
35,전북특별자치도,201506,814
35,전북특별자치도,201507,680
35,전북특별자치도,201508,625
35,전북특별자치도,201509,561
35,전북특별자치도,201510,722
35,전북특별자치도,201511,754
35,전북특별자치도,201512,1042
35,전북특별자치도,201601,712
35,전북특별자치도,201602,647
35,전북특별자치도,201603,788
35,전북특별자치도,201604,711
35,전북특별자치도,201605,755
35,전북특별자치도,201606,717
35,전북특별자치도,201607,578
35,전북특별자치도,201608,657
35,전북특별자치도,201609,492
35,전북특별자치도,201610,575
35,전북특별자치도,201611,759
35,전북특별자치도,201612,825
35,전북특별자치도,201701,743
35,전북특별자치도,201702,677
35,전북특별자치도,201703,739
35,전북특별자치도,201704,585
35,전북특별자치도,201705,790
35,전북특별자치도,201706,647
35,전북특별자치도,201707,538
35,전북특별자치도,201708,566
35,전북특별자치도,201709,526
35,전북특별자치도,201710,502
35,전북특별자치도,201711,717
35,전북특별자치도,201712,787
35,전북특별자치도,201801,695
35,전북특별자치도,201802,511
35,전북특별자치도,201803,686
35,전북특별자치도,201804,617
35,전북특별자치도,201805,714
35,전북특별자치도,201806,594
35,전북특별자치도,201807,546
35,전북특별자치도,201808,530
35,전북특별자치도,201809,368
35,전북특별자치도,201810,592
35,전북특별자치도,201811,628
35,전북특별자치도,201812,738
35,전북특별자치도,201901,672
35,전북특별자치도,201902,522
35,전북특별자치도,201903,632
35,전북특별자치도,201904,615
35,전북특별자치도,201905,680
35,전북특별자치도,201906,496
35,전북특별자치도,201907,514
35,전북특별자치도,201908,479
35,전북특별자치도,201909,477
35,전북특별자치도,201910,621
35,전북특별자치도,201911,631
35,전북특별자치도,201912,666
36,전라남도,201501,916
36,전라남도,201502,630
36,전라남도,201503,804
36,전라남도,201504,779
36,전라남도,201505,796
36,전라남도,201506,837
36,전라남도,201507,697
36,전라남도,201508,671
36,전라남도,201509,591
36,전라남도,201510,745
36,전라남도,201511,819
36,전라남도,201512,990
36,전라남도,201601,765
36,전라남도,201602,709
36,전라남도,201603,710
36,전라남도,201604,750
36,전라남도,201605,778
36,전라남도,201606,765
36,전라남도,201607,624
36,전라남도,201608,661
36,전라남도,201609,517
36,전라남도,201610,663
36,전라남도,201611,773
36,전라남도,201612,839
36,전라남도,201701,772
36,전라남도,201702,718
36,전라남도,201703,755
36,전라남도,201704,607
36,전라남도,201705,775
36,전라남도,201706,670
36,전라남도,201707,590
36,전라남도,201708,601
36,전라남도,201709,512
36,전라남도,201710,508
36,전라남도,201711,698
36,전라남도,201712,843
36,전라남도,201801,709
36,전라남도,201802,558
36,전라남도,201803,717
36,전라남도,201804,629
36,전라남도,201805,720
36,전라남도,201806,629
36,전라남도,201807,627
36,전라남도,201808,565
36,전라남도,201809,405
36,전라남도,201810,652
36,전라남도,201811,632
36,전라남도,201812,744
36,전라남도,201901,745
36,전라남도,201902,611
36,전라남도,201903,654
36,전라남도,201904,624
36,전라남도,201905,673
36,전라남도,201906,539
36,전라남도,201907,608
36,전라남도,201908,509
36,전라남도,201909,474
36,전라남도,201910,629
36,전라남도,201911,621
36,전라남도,201912,726
37,경상북도,201501,1313
37,경상북도,201502,989
37,경상북도,201503,1357
37,경상북도,201504,1171
37,경상북도,201505,1235
37,경상북도,201506,1272
37,경상북도,201507,1051
37,경상북도,201508,991
37,경상북도,201509,818
37,경상북도,201510,1101
37,경상북도,201511,1347
37,경상북도,201512,1628
37,경상북도,201601,1113
37,경상북도,201602,1103
37,경상북도,201603,1216
37,경상북도,201604,1118
37,경상북도,201605,1220
37,경상북도,201606,1149
37,경상북도,201607,950
37,경상북도,201608,1074
37,경상북도,201609,821
37,경상북도,201610,1047
37,경상북도,201611,1178
37,경상북도,201612,1374
37,경상북도,201701,1138
37,경상북도,201702,980
37,경상북도,201703,1064
37,경상북도,201704,945
37,경상북도,201705,1216
37,경상북도,201706,1036
37,경상북도,201707,896
37,경상북도,201708,903
37,경상북도,201709,806
37,경상북도,201710,796
37,경상북도,201711,1111
37,경상북도,201712,1299
37,경상북도,201801,1234
37,경상북도,201802,860
37,경상북도,201803,1039
37,경상북도,201804,923
37,경상북도,201805,1147
37,경상북도,201806,953
37,경상북도,201807,885
37,경상북도,201808,788
37,경상북도,201809,606
37,경상북도,201810,984
37,경상북도,201811,1070
37,경상북도,201812,1198
37,경상북도,201901,1028
37,경상북도,201902,822
37,경상북도,201903,932
37,경상북도,201904,906
37,경상북도,201905,1020
37,경상북도,201906,767
37,경상북도,201907,816
37,경상북도,201908,741
37,경상북도,201909,680
37,경상북도,201910,872
37,경상북도,201911,897
37,경상북도,201912,1156
38,경상남도,201501,1848
38,경상남도,201502,1316
38,경상남도,201503,1692
38,경상남도,201504,1450
38,경상남도,201505,1739
38,경상남도,201506,1685
38,경상남도,201507,1374
38,경상남도,201508,1426
38,경상남도,201509,1078
38,경상남도,201510,1419
38,경상남도,201511,1587
38,경상남도,201512,2057
38,경상남도,201601,1599
38,경상남도,201602,1516
38,경상남도,201603,1561
38,경상남도,201604,1427
38,경상남도,201605,1564
38,경상남도,201606,1560
38,경상남도,201607,1232
38,경상남도,201608,1477
38,경상남도,201609,1057
38,경상남도,201610,1263
38,경상남도,201611,1548
38,경상남도,201612,1776
38,경상남도,201701,1536
38,경상남도,201702,1273
38,경상남도,201703,1410
38,경상남도,201704,1295
38,경상남도,201705,1681
38,경상남도,201706,1355
38,경상남도,201707,1116
38,경상남도,201708,1218
38,경상남도,201709,990
38,경상남도,201710,1004
38,경상남도,201711,1498
38,경상남도,201712,1602
38,경상남도,201801,1478
38,경상남도,201802,1156
38,경상남도,201803,1329
38,경상남도,201804,1157
38,경상남도,201805,1409
38,경상남도,201806,1161
38,경상남도,201807,1165
38,경상남도,201808,1161
38,경상남도,201809,745
38,경상남도,201810,1171
38,경상남도,201811,1389
38,경상남도,201812,1675
38,경상남도,201901,1253
38,경상남도,201902,1055
38,경상남도,201903,1079
38,경상남도,201904,1112
38,경상남도,201905,1279
38,경상남도,201906,1015
38,경상남도,201907,1035
38,경상남도,201908,1071
38,경상남도,201909,799
38,경상남도,201910,1182
38,경상남도,201911,1177
38,경상남도,201912,1556
39,제주특별자치도,201501,368
39,제주특별자치도,201502,244
39,제주특별자치도,201503,359
39,제주특별자치도,201504,303
39,제주특별자치도,201505,311
39,제주특별자치도,201506,362
39,제주특별자치도,201507,278
39,제주특별자치도,201508,267
39,제주특별자치도,201509,235
39,제주특별자치도,201510,287
39,제주특별자치도,201511,322
39,제주특별자치도,201512,340
39,제주특별자치도,201601,292
39,제주특별자치도,201602,300
39,제주특별자치도,201603,362
39,제주특별자치도,201604,363
39,제주특별자치도,201605,387
39,제주특별자치도,201606,318
39,제주특별자치도,201607,255
39,제주특별자치도,201608,281
39,제주특별자치도,201609,215
39,제주특별자치도,201610,246
39,제주특별자치도,201611,325
39,제주특별자치도,201612,361
39,제주특별자치도,201701,316
39,제주특별자치도,201702,315
39,제주특별자치도,201703,314
39,제주특별자치도,201704,261
39,제주특별자치도,201705,389
39,제주특별자치도,201706,318
39,제주특별자치도,201707,260
39,제주특별자치도,201708,243
39,제주특별자치도,201709,240
39,제주특별자치도,201710,278
39,제주특별자치도,201711,342
39,제주특별자치도,201712,378
39,제주특별자치도,201801,347
39,제주특별자치도,201802,261
39,제주특별자치도,201803,350
39,제주특별자치도,201804,276
39,제주특별자치도,201805,381
39,제주특별자치도,201806,284
39,제주특별자치도,201807,290
39,제주특별자치도,201808,260
39,제주특별자치도,201809,194
39,제주특별자치도,201810,301
39,제주특별자치도,201811,342
39,제주특별자치도,201812,352
39,제주특별자치도,201901,309
39,제주특별자치도,201902,263
39,제주특별자치도,201903,244
39,제주특별자치도,201904,334
39,제주특별자치도,201905,319
39,제주특별자치도,201906,234
39,제주특별자치도,201907,270
39,제주특별자치도,201908,226
39,제주특별자치도,201909,208
39,제주특별자치도,201910,272
39,제주특별자치도,201911,295
39,제주특별자치도,201912,384
00,전국,202001,19819
00,전국,202002,19103
00,전국,202003,19358
00,전국,202004,15669
00,전국,202005,18144
00,전국,202006,17184
00,전국,202007,17080
00,전국,202008,15032
00,전국,202009,15324
00,전국,202010,16473
00,전국,202011,18177
00,전국,202012,22139
00,전국,202101,16280
00,전국,202102,14972
00,전국,202103,16762
00,전국,202104,15861
00,전국,202105,16153
00,전국,202106,16235
00,전국,202107,15739
00,전국,202108,14720
00,전국,202109,13733
00,전국,202110,15203
00,전국,202111,17088
00,전국,202112,19761
00,전국,202201,14753
00,전국,202202,15305
00,전국,202203,15316
00,전국,202204,15795
00,전국,202205,17041
00,전국,202206,14897
00,전국,202207,14947
00,전국,202208,15718
00,전국,202209,14748
00,전국,202210,15832
00,전국,202211,17455
00,전국,202212,19883
00,전국,202301,17923
00,전국,202302,17845
00,전국,202303,18190
00,전국,202304,14474
00,전국,202305,17211
00,전국,202306,16052
00,전국,202307,14153
00,전국,202308,14610
00,전국,202309,12940
00,전국,202310,15983
00,전국,202311,16694
00,전국,202312,17582
00,전국,202401,20004
00,전국,202402,16948
00,전국,202403,17198
00,전국,202404,18037
00,전국,202405,20921
00,전국,202406,16948
00,전국,202407,18811
00,전국,202408,17527
00,전국,202409,15367
00,전국,202410,19551
00,전국,202411,18581
00,전국,202412,22519
11,서울특별시,202001,3863
11,서울특별시,202002,3906
11,서울특별시,202003,3974
11,서울특별시,202004,3199
11,서울특별시,202005,3859
11,서울특별시,202006,3665
11,서울특별시,202007,3709
11,서울특별시,202008,3238
11,서울특별시,202009,3272
11,서울특별시,202010,3537
11,서울특별시,202011,3802
11,서울특별시,202012,4722
11,서울특별시,202101,3167
11,서울특별시,202102,3016
11,서울특별시,202103,3331
11,서울특별시,202104,2998
11,서울특별시,202105,3092
11,서울특별시,202106,3034
11,서울특별시,202107,3106
11,서울특별시,202108,2851
11,서울특별시,202109,2698
11,서울특별시,202110,2858
11,서울특별시,202111,3107
11,서울특별시,202112,3754
11,서울특별시,202201,2708
11,서울특별시,202202,2977
11,서울특별시,202203,2774
11,서울특별시,202204,2844
11,서울특별시,202205,3259
11,서울특별시,202206,2630
11,서울특별시,202207,2829
11,서울특별시,202208,2902
11,서울특별시,202209,2825
11,서울특별시,202210,2823
11,서울특별시,202211,3319
11,서울특별시,202212,3862
11,서울특별시,202301,3392
11,서울특별시,202302,3418
11,서울특별시,202303,3489
11,서울특별시,202304,2660
11,서울특별시,202305,3261
11,서울특별시,202306,3086
11,서울특별시,202307,2770
11,서울특별시,202308,2739
11,서울특별시,202309,2462
11,서울특별시,202310,2914
11,서울특별시,202311,2931
11,서울특별시,202312,3202
11,서울특별시,202401,3542
11,서울특별시,202402,3237
11,서울특별시,202403,3179
11,서울특별시,202404,3400
11,서울특별시,202405,4123
11,서울특별시,202406,3178
11,서울특별시,202407,3709
11,서울특별시,202408,3516
11,서울특별시,202409,3107
11,서울특별시,202410,3657
11,서울특별시,202411,3422
11,서울특별시,202412,4401
21,부산광역시,202001,1125
21,부산광역시,202002,1086
21,부산광역시,202003,1128
21,부산광역시,202004,868
21,부산광역시,202005,1051
21,부산광역시,202006,1044
21,부산광역시,202007,1094
21,부산광역시,202008,808
21,부산광역시,202009,872
21,부산광역시,202010,838
21,부산광역시,202011,1038
21,부산광역시,202012,1176
21,부산광역시,202101,987
21,부산광역시,202102,910
21,부산광역시,202103,985
21,부산광역시,202104,877
21,부산광역시,202105,908
21,부산광역시,202106,979
21,부산광역시,202107,757
21,부산광역시,202108,825
21,부산광역시,202109,778
21,부산광역시,202110,854
21,부산광역시,202111,1027
21,부산광역시,202112,1194
21,부산광역시,202201,853
21,부산광역시,202202,838
21,부산광역시,202203,848
21,부산광역시,202204,936
21,부산광역시,202205,1025
21,부산광역시,202206,922
21,부산광역시,202207,776
21,부산광역시,202208,830
21,부산광역시,202209,799
21,부산광역시,202210,834
21,부산광역시,202211,888
21,부산광역시,202212,1069
21,부산광역시,202301,955
21,부산광역시,202302,978
21,부산광역시,202303,950
21,부산광역시,202304,798
21,부산광역시,202305,920
21,부산광역시,202306,849
21,부산광역시,202307,737
21,부산광역시,202308,776
21,부산광역시,202309,692
21,부산광역시,202310,871
21,부산광역시,202311,884
21,부산광역시,202312,893
21,부산광역시,202401,1137
21,부산광역시,202402,883
21,부산광역시,202403,872
21,부산광역시,202404,869
21,부산광역시,202405,1073
21,부산광역시,202406,856
21,부산광역시,202407,988
21,부산광역시,202408,941
21,부산광역시,202409,775
21,부산광역시,202410,936
21,부산광역시,202411,969
21,부산광역시,202412,1200
22,대구광역시,202001,841
22,대구광역시,202002,735
22,대구광역시,202003,753
22,대구광역시,202004,601
22,대구광역시,202005,690
22,대구광역시,202006,606
22,대구광역시,202007,645
22,대구광역시,202008,594
22,대구광역시,202009,554
22,대구광역시,202010,670
22,대구광역시,202011,739
22,대구광역시,202012,912
22,대구광역시,202101,673
22,대구광역시,202102,603
22,대구광역시,202103,676
22,대구광역시,202104,610
22,대구광역시,202105,610
22,대구광역시,202106,644
22,대구광역시,202107,543
22,대구광역시,202108,522
22,대구광역시,202109,479
22,대구광역시,202110,544
22,대구광역시,202111,619
22,대구광역시,202112,764
22,대구광역시,202201,602
22,대구광역시,202202,576
22,대구광역시,202203,590
22,대구광역시,202204,634
22,대구광역시,202205,642
22,대구광역시,202206,603
22,대구광역시,202207,601
22,대구광역시,202208,614
22,대구광역시,202209,506
22,대구광역시,202210,630
22,대구광역시,202211,719
22,대구광역시,202212,780
22,대구광역시,202301,687
22,대구광역시,202302,741
22,대구광역시,202303,700
22,대구광역시,202304,591
22,대구광역시,202305,701
22,대구광역시,202306,675
22,대구광역시,202307,626
22,대구광역시,202308,649
22,대구광역시,202309,546
22,대구광역시,202310,689
22,대구광역시,202311,765
22,대구광역시,202312,780
22,대구광역시,202401,886
22,대구광역시,202402,761
22,대구광역시,202403,763
22,대구광역시,202404,813
22,대구광역시,202405,869
22,대구광역시,202406,694
22,대구광역시,202407,777
22,대구광역시,202408,697
22,대구광역시,202409,618
22,대구광역시,202410,761
22,대구광역시,202411,762
22,대구광역시,202412,888
23,인천광역시,202001,1113
23,인천광역시,202002,1086
23,인천광역시,202003,1073
23,인천광역시,202004,870
23,인천광역시,202005,998
23,인천광역시,202006,914
23,인천광역시,202007,886
23,인천광역시,202008,837
23,인천광역시,202009,780
23,인천광역시,202010,858
23,인천광역시,202011,975
23,인천광역시,202012,1184
23,인천광역시,202101,964
23,인천광역시,202102,791
23,인천광역시,202103,917
23,인천광역시,202104,917
23,인천광역시,202105,900
23,인천광역시,202106,987
23,인천광역시,202107,1031
23,인천광역시,202108,818
23,인천광역시,202109,757
23,인천광역시,202110,848
23,인천광역시,202111,868
23,인천광역시,202112,1083
23,인천광역시,202201,820
23,인천광역시,202202,800
23,인천광역시,202203,896
23,인천광역시,202204,888
23,인천광역시,202205,935
23,인천광역시,202206,837
23,인천광역시,202207,917
23,인천광역시,202208,915
23,인천광역시,202209,839
23,인천광역시,202210,865
23,인천광역시,202211,998
23,인천광역시,202212,1139
23,인천광역시,202301,1071
23,인천광역시,202302,1077
23,인천광역시,202303,1085
23,인천광역시,202304,843
23,인천광역시,202305,1032
23,인천광역시,202306,940
23,인천광역시,202307,835
23,인천광역시,202308,908
23,인천광역시,202309,806
23,인천광역시,202310,952
23,인천광역시,202311,964
23,인천광역시,202312,1108
23,인천광역시,202401,1200
23,인천광역시,202402,1003
23,인천광역시,202403,1038
23,인천광역시,202404,1054
23,인천광역시,202405,1233
23,인천광역시,202406,1023
23,인천광역시,202407,1120
23,인천광역시,202408,1069
23,인천광역시,202409,919
23,인천광역시,202410,1137
23,인천광역시,202411,1103
23,인천광역시,202412,1324
24,광주광역시,202001,529
24,광주광역시,202002,502
24,광주광역시,202003,522
24,광주광역시,202004,391
24,광주광역시,202005,500
24,광주광역시,202006,470
24,광주광역시,202007,404
24,광주광역시,202008,405
24,광주광역시,202009,388
24,광주광역시,202010,376
24,광주광역시,202011,474
24,광주광역시,202012,599
24,광주광역시,202101,390
24,광주광역시,202102,390
24,광주광역시,202103,470
24,광주광역시,202104,401
24,광주광역시,202105,422
24,광주광역시,202106,414
24,광주광역시,202107,375
24,광주광역시,202108,427
24,광주광역시,202109,350
24,광주광역시,202110,341
24,광주광역시,202111,442
24,광주광역시,202112,479
24,광주광역시,202201,368
24,광주광역시,202202,431
24,광주광역시,202203,375
24,광주광역시,202204,412
24,광주광역시,202205,426
24,광주광역시,202206,413
24,광주광역시,202207,380
24,광주광역시,202208,432
24,광주광역시,202209,357
24,광주광역시,202210,358
24,광주광역시,202211,477
24,광주광역시,202212,473
24,광주광역시,202301,497
24,광주광역시,202302,540
24,광주광역시,202303,489
24,광주광역시,202304,410
24,광주광역시,202305,457
24,광주광역시,202306,432
24,광주광역시,202307,351
24,광주광역시,202308,380
24,광주광역시,202309,308
24,광주광역시,202310,436
24,광주광역시,202311,420
24,광주광역시,202312,449
24,광주광역시,202401,563
24,광주광역시,202402,448
24,광주광역시,202403,432
24,광주광역시,202404,448
24,광주광역시,202405,512
24,광주광역시,202406,459
24,광주광역시,202407,500
24,광주광역시,202408,444
24,광주광역시,202409,376
24,광주광역시,202410,478
24,광주광역시,202411,446
24,광주광역시,202412,582
25,대전광역시,202001,547
25,대전광역시,202002,507
25,대전광역시,202003,548
25,대전광역시,202004,402
25,대전광역시,202005,500
25,대전광역시,202006,462
25,대전광역시,202007,468
25,대전광역시,202008,454
25,대전광역시,202009,530
25,대전광역시,202010,515
25,대전광역시,202011,490
25,대전광역시,202012,553
25,대전광역시,202101,462
25,대전광역시,202102,383
25,대전광역시,202103,488
25,대전광역시,202104,463
25,대전광역시,202105,481
25,대전광역시,202106,466
25,대전광역시,202107,436
25,대전광역시,202108,365
25,대전광역시,202109,368
25,대전광역시,202110,496
25,대전광역시,202111,471
25,대전광역시,202112,540
25,대전광역시,202201,448
25,대전광역시,202202,502
25,대전광역시,202203,460
25,대전광역시,202204,489
25,대전광역시,202205,501
25,대전광역시,202206,404
25,대전광역시,202207,426
25,대전광역시,202208,458
25,대전광역시,202209,399
25,대전광역시,202210,502
25,대전광역시,202211,546
25,대전광역시,202212,527
25,대전광역시,202301,529
25,대전광역시,202302,510
25,대전광역시,202303,520
25,대전광역시,202304,381
25,대전광역시,202305,438
25,대전광역시,202306,447
25,대전광역시,202307,395
25,대전광역시,202308,365
25,대전광역시,202309,345
25,대전광역시,202310,408
25,대전광역시,202311,450
25,대전광역시,202312,424
25,대전광역시,202401,519
25,대전광역시,202402,503
25,대전광역시,202403,546
25,대전광역시,202404,549
25,대전광역시,202405,669
25,대전광역시,202406,469
25,대전광역시,202407,593
25,대전광역시,202408,499
25,대전광역시,202409,679
25,대전광역시,202410,1133
25,대전광역시,202411,844
25,대전광역시,202412,983
26,울산광역시,202001,489
26,울산광역시,202002,454
26,울산광역시,202003,474
26,울산광역시,202004,363
26,울산광역시,202005,407
26,울산광역시,202006,369
26,울산광역시,202007,327
26,울산광역시,202008,322
26,울산광역시,202009,330
26,울산광역시,202010,325
26,울산광역시,202011,360
26,울산광역시,202012,517
26,울산광역시,202101,341
26,울산광역시,202102,308
26,울산광역시,202103,375
26,울산광역시,202104,370
26,울산광역시,202105,353
26,울산광역시,202106,348
26,울산광역시,202107,285
26,울산광역시,202108,299
26,울산광역시,202109,275
26,울산광역시,202110,311
26,울산광역시,202111,382
26,울산광역시,202112,430
26,울산광역시,202201,356
26,울산광역시,202202,314
26,울산광역시,202203,352
26,울산광역시,202204,344
26,울산광역시,202205,339
26,울산광역시,202206,316
26,울산광역시,202207,283
26,울산광역시,202208,326
26,울산광역시,202209,271
26,울산광역시,202210,307
26,울산광역시,202211,352
26,울산광역시,202212,453
26,울산광역시,202301,427
26,울산광역시,202302,380
26,울산광역시,202303,372
26,울산광역시,202304,303
26,울산광역시,202305,378
26,울산광역시,202306,338
26,울산광역시,202307,339
26,울산광역시,202308,304
26,울산광역시,202309,252
26,울산광역시,202310,373
26,울산광역시,202311,410
26,울산광역시,202312,398
26,울산광역시,202401,451
26,울산광역시,202402,354
26,울산광역시,202403,371
26,울산광역시,202404,407
26,울산광역시,202405,487
26,울산광역시,202406,389
26,울산광역시,202407,380
26,울산광역시,202408,324
26,울산광역시,202409,272
26,울산광역시,202410,431
26,울산광역시,202411,413
26,울산광역시,202412,447
29,세종특별자치시,202001,155
29,세종특별자치시,202002,160
29,세종특별자치시,202003,142
29,세종특별자치시,202004,148
29,세종특별자치시,202005,160
29,세종특별자치시,202006,142
29,세종특별자치시,202007,153
29,세종특별자치시,202008,125
29,세종특별자치시,202009,146
29,세종특별자치시,202010,146
29,세종특별자치시,202011,175
29,세종특별자치시,202012,202
29,세종특별자치시,202101,223
29,세종특별자치시,202102,110
29,세종특별자치시,202103,104
29,세종특별자치시,202104,126
29,세종특별자치시,202105,126
29,세종특별자치시,202106,142
29,세종특별자치시,202107,153
29,세종특별자치시,202108,127
29,세종특별자치시,202109,105
29,세종특별자치시,202110,109
29,세종특별자치시,202111,147
29,세종특별자치시,202112,155
29,세종특별자치시,202201,136
29,세종특별자치시,202202,171
29,세종특별자치시,202203,117
29,세종특별자치시,202204,128
29,세종특별자치시,202205,150
29,세종특별자치시,202206,123
29,세종특별자치시,202207,132
29,세종특별자치시,202208,128
29,세종특별자치시,202209,109
29,세종특별자치시,202210,149
29,세종특별자치시,202211,138
29,세종특별자치시,202212,183
29,세종특별자치시,202301,187
29,세종특별자치시,202302,163
29,세종특별자치시,202303,149
29,세종특별자치시,202304,126
29,세종특별자치시,202305,158
29,세종특별자치시,202306,151
29,세종특별자치시,202307,120
29,세종특별자치시,202308,133
29,세종특별자치시,202309,97
29,세종특별자치시,202310,132
29,세종특별자치시,202311,143
29,세종특별자치시,202312,146
29,세종특별자치시,202401,184
29,세종특별자치시,202402,134
29,세종특별자치시,202403,151
29,세종특별자치시,202404,136
29,세종특별자치시,202405,157
29,세종특별자치시,202406,140
29,세종특별자치시,202407,143
29,세종특별자치시,202408,153
29,세종특별자치시,202409,116
29,세종특별자치시,202410,166
29,세종특별자치시,202411,144
29,세종특별자치시,202412,218
31,경기도,202001,5201
31,경기도,202002,5069
31,경기도,202003,5230
31,경기도,202004,4385
31,경기도,202005,4915
31,경기도,202006,4612
31,경기도,202007,4725
31,경기도,202008,4099
31,경기도,202009,4196
31,경기도,202010,4473
31,경기도,202011,4979
31,경기도,202012,5930
31,경기도,202101,4226
31,경기도,202102,4176
31,경기도,202103,4669
31,경기도,202104,4454
31,경기도,202105,4624
31,경기도,202106,4645
31,경기도,202107,4640
31,경기도,202108,4291
31,경기도,202109,4031
31,경기도,202110,4450
31,경기도,202111,4892
31,경기도,202112,5560
31,경기도,202201,3933
31,경기도,202202,4123
31,경기도,202203,4251
31,경기도,202204,4393
31,경기도,202205,4689
31,경기도,202206,4128
31,경기도,202207,4279
31,경기도,202208,4552
31,경기도,202209,4407
31,경기도,202210,4745
31,경기도,202211,4943
31,경기도,202212,5735
31,경기도,202301,4837
31,경기도,202302,4920
31,경기도,202303,5121
31,경기도,202304,4027
31,경기도,202305,4902
31,경기도,202306,4461
31,경기도,202307,3943
31,경기도,202308,4067
31,경기도,202309,3747
31,경기도,202310,4515
31,경기도,202311,4632
31,경기도,202312,5049
31,경기도,202401,5483
31,경기도,202402,4694
31,경기도,202403,4867
31,경기도,202404,5126
31,경기도,202405,5798
31,경기도,202406,4993
31,경기도,202407,5324
31,경기도,202408,5100
31,경기도,202409,4367
31,경기도,202410,5433
31,경기도,202411,5186
31,경기도,202412,6258
32,강원특별자치도,202001,538
32,강원특별자치도,202002,514
32,강원특별자치도,202003,518
32,강원특별자치도,202004,418
32,강원특별자치도,202005,512
32,강원특별자치도,202006,501
32,강원특별자치도,202007,465
32,강원특별자치도,202008,369
32,강원특별자치도,202009,406
32,강원특별자치도,202010,468
32,강원특별자치도,202011,536
32,강원특별자치도,202012,623
32,강원특별자치도,202101,422
32,강원특별자치도,202102,427
32,강원특별자치도,202103,473
32,강원특별자치도,202104,456
32,강원특별자치도,202105,518
32,강원특별자치도,202106,476
32,강원특별자치도,202107,436
32,강원특별자치도,202108,362
32,강원특별자치도,202109,422
32,강원특별자치도,202110,503
32,강원특별자치도,202111,569
32,강원특별자치도,202112,558
32,강원특별자치도,202201,447
32,강원특별자치도,202202,420
32,강원특별자치도,202203,476
32,강원특별자치도,202204,457
32,강원특별자치도,202205,493
32,강원특별자치도,202206,424
32,강원특별자치도,202207,391
32,강원특별자치도,202208,452
32,강원특별자치도,202209,440
32,강원특별자치도,202210,516
32,강원특별자치도,202211,523
32,강원특별자치도,202212,533
32,강원특별자치도,202301,495
32,강원특별자치도,202302,478
32,강원특별자치도,202303,496
32,강원특별자치도,202304,409
32,강원특별자치도,202305,503
32,강원특별자치도,202306,443
32,강원특별자치도,202307,415
32,강원특별자치도,202308,406
32,강원특별자치도,202309,367
32,강원특별자치도,202310,464
32,강원특별자치도,202311,499
32,강원특별자치도,202312,519
32,강원특별자치도,202401,612
32,강원특별자치도,202402,458
32,강원특별자치도,202403,472
32,강원특별자치도,202404,498
32,강원특별자치도,202405,564
32,강원특별자치도,202406,478
32,강원특별자치도,202407,538
32,강원특별자치도,202408,444
32,강원특별자치도,202409,412
32,강원특별자치도,202410,541
32,강원특별자치도,202411,500
32,강원특별자치도,202412,626
33,충청북도,202001,586
33,충청북도,202002,603
33,충청북도,202003,627
33,충청북도,202004,453
33,충청북도,202005,577
33,충청북도,202006,533
33,충청북도,202007,491
33,충청북도,202008,477
33,충청북도,202009,489
33,충청북도,202010,489
33,충청북도,202011,602
33,충청북도,202012,755
33,충청북도,202101,493
33,충청북도,202102,432
33,충청북도,202103,510
33,충청북도,202104,474
33,충청북도,202105,497
33,충청북도,202106,535
33,충청북도,202107,485
33,충청북도,202108,432
33,충청북도,202109,397
33,충청북도,202110,493
33,충청북도,202111,513
33,충청북도,202112,621
33,충청북도,202201,496
33,충청북도,202202,489
33,충청북도,202203,502
33,충청북도,202204,514
33,충청북도,202205,549
33,충청북도,202206,528
33,충청북도,202207,437
33,충청북도,202208,495
33,충청북도,202209,474
33,충청북도,202210,505
33,충청북도,202211,526
33,충청북도,202212,670
33,충청북도,202301,570
33,충청북도,202302,600
33,충청북도,202303,554
33,충청북도,202304,509
33,충청북도,202305,527
33,충청북도,202306,549
33,충청북도,202307,385
33,충청북도,202308,459
33,충청북도,202309,430
33,충청북도,202310,509
33,충청북도,202311,576
33,충청북도,202312,544
33,충청북도,202401,653
33,충청북도,202402,491
33,충청북도,202403,551
33,충청북도,202404,589
33,충청북도,202405,687
33,충청북도,202406,526
33,충청북도,202407,550
33,충청북도,202408,522
33,충청북도,202409,400
33,충청북도,202410,566
33,충청북도,202411,604
33,충청북도,202412,645
34,충청남도,202001,825
34,충청남도,202002,830
34,충청남도,202003,761
34,충청남도,202004,599
34,충청남도,202005,712
34,충청남도,202006,720
34,충청남도,202007,665
34,충청남도,202008,605
34,충청남도,202009,592
34,충청남도,202010,632
34,충청남도,202011,691
34,충청남도,202012,861
34,충청남도,202101,649
34,충청남도,202102,605
34,충청남도,202103,692
34,충청남도,202104,671
34,충청남도,202105,680
34,충청남도,202106,666
34,충청남도,202107,633
34,충청남도,202108,629
34,충청남도,202109,554
34,충청남도,202110,632
34,충청남도,202111,762
34,충청남도,202112,843
34,충청남도,202201,598
34,충청남도,202202,647
34,충청남도,202203,609
34,충청남도,202204,647
34,충청남도,202205,764
34,충청남도,202206,662
34,충청남도,202207,674
34,충청남도,202208,636
34,충청남도,202209,584
34,충청남도,202210,597
34,충청남도,202211,760
34,충청남도,202212,839
34,충청남도,202301,797
34,충청남도,202302,786
34,충청남도,202303,776
34,충청남도,202304,603
34,충청남도,202305,694
34,충청남도,202306,649
34,충청남도,202307,568
34,충청남도,202308,592
34,충청남도,202309,558
34,충청남도,202310,717
34,충청남도,202311,761
34,충청남도,202312,763
34,충청남도,202401,881
34,충청남도,202402,737
34,충청남도,202403,673
34,충청남도,202404,748
34,충청남도,202405,833
34,충청남도,202406,674
34,충청남도,202407,772
34,충청남도,202408,718
34,충청남도,202409,623
34,충청남도,202410,795
34,충청남도,202411,791
34,충청남도,202412,931
35,전북특별자치도,202001,576
35,전북특별자치도,202002,537
35,전북특별자치도,202003,517
35,전북특별자치도,202004,467
35,전북특별자치도,202005,543
35,전북특별자치도,202006,465
35,전북특별자치도,202007,465
35,전북특별자치도,202008,379
35,전북특별자치도,202009,436
35,전북특별자치도,202010,451
35,전북특별자치도,202011,532
35,전북특별자치도,202012,685
35,전북특별자치도,202101,457
35,전북특별자치도,202102,419
35,전북특별자치도,202103,436
35,전북특별자치도,202104,434
35,전북특별자치도,202105,434
35,전북특별자치도,202106,422
35,전북특별자치도,202107,433
35,전북특별자치도,202108,430
35,전북특별자치도,202109,407
35,전북특별자치도,202110,426
35,전북특별자치도,202111,488
35,전북특별자치도,202112,539
35,전북특별자치도,202201,390
35,전북특별자치도,202202,402
35,전북특별자치도,202203,438
35,전북특별자치도,202204,414
35,전북특별자치도,202205,483
35,전북특별자치도,202206,411
35,전북특별자치도,202207,460
35,전북특별자치도,202208,412
35,전북특별자치도,202209,427
35,전북특별자치도,202210,473
35,전북특별자치도,202211,519
35,전북특별자치도,202212,565
35,전북특별자치도,202301,503
35,전북특별자치도,202302,466
35,전북특별자치도,202303,499
35,전북특별자치도,202304,418
35,전북특별자치도,202305,487
35,전북특별자치도,202306,442
35,전북특별자치도,202307,415
35,전북특별자치도,202308,411
35,전북특별자치도,202309,338
35,전북특별자치도,202310,454
35,전북특별자치도,202311,521
35,전북특별자치도,202312,529
35,전북특별자치도,202401,637
35,전북특별자치도,202402,475
35,전북특별자치도,202403,470
35,전북특별자치도,202404,491
35,전북특별자치도,202405,697
35,전북특별자치도,202406,426
35,전북특별자치도,202407,515
35,전북특별자치도,202408,533
35,전북특별자치도,202409,421
35,전북특별자치도,202410,553
35,전북특별자치도,202411,533
35,전북특별자치도,202412,637
36,전라남도,202001,647
36,전라남도,202002,659
36,전라남도,202003,613
36,전라남도,202004,500
36,전라남도,202005,528
36,전라남도,202006,545
36,전라남도,202007,492
36,전라남도,202008,432
36,전라남도,202009,411
36,전라남도,202010,479
36,전라남도,202011,505
36,전라남도,202012,554
36,전라남도,202101,799
36,전라남도,202102,510
36,전라남도,202103,575
36,전라남도,202104,499
36,전라남도,202105,503
36,전라남도,202106,473
36,전라남도,202107,455
36,전라남도,202108,483
36,전라남도,202109,382
36,전라남도,202110,404
36,전라남도,202111,522
36,전라남도,202112,596
36,전라남도,202201,624
36,전라남도,202202,539
36,전라남도,202203,520
36,전라남도,202204,505
36,전라남도,202205,511
36,전라남도,202206,479
36,전라남도,202207,480
36,전라남도,202208,510
36,전라남도,202209,454
36,전라남도,202210,473
36,전라남도,202211,525
36,전라남도,202212,561
36,전라남도,202301,633
36,전라남도,202302,606
36,전라남도,202303,626
36,전라남도,202304,511
36,전라남도,202305,536
36,전라남도,202306,472
36,전라남도,202307,429
36,전라남도,202308,462
36,전라남도,202309,376
36,전라남도,202310,460
36,전라남도,202311,516
36,전라남도,202312,530
36,전라남도,202401,701
36,전라남도,202402,585
36,전라남도,202403,605
36,전라남도,202404,597
36,전라남도,202405,656
36,전라남도,202406,580
36,전라남도,202407,575
36,전라남도,202408,513
36,전라남도,202409,474
36,전라남도,202410,549
36,전라남도,202411,526
36,전라남도,202412,688
37,경상북도,202001,924
37,경상북도,202002,754
37,경상북도,202003,830
37,경상북도,202004,664
37,경상북도,202005,657
37,경상북도,202006,710
37,경상북도,202007,707
37,경상북도,202008,585
37,경상북도,202009,617
37,경상북도,202010,774
37,경상북도,202011,811
37,경상북도,202012,1013
37,경상북도,202101,687
37,경상북도,202102,633
37,경상북도,202103,715
37,경상북도,202104,723
37,경상북도,202105,676
37,경상북도,202106,644
37,경상북도,202107,619
37,경상북도,202108,549
37,경상북도,202109,579
37,경상북도,202110,590
37,경상북도,202111,798
37,경상북도,202112,950
37,경상북도,202201,671
37,경상북도,202202,706
37,경상북도,202203,668
37,경상북도,202204,687
37,경상북도,202205,730
37,경상북도,202206,641
37,경상북도,202207,568
37,경상북도,202208,689
37,경상북도,202209,577
37,경상북도,202210,653
37,경상북도,202211,735
37,경상북도,202212,855
37,경상북도,202301,817
37,경상북도,202302,713
37,경상북도,202303,774
37,경상북도,202304,583
37,경상북도,202305,695
37,경상북도,202306,657
37,경상북도,202307,598
37,경상북도,202308,614
37,경상북도,202309,496
37,경상북도,202310,681
37,경상북도,202311,741
37,경상북도,202312,759
37,경상북도,202401,875
37,경상북도,202402,754
37,경상북도,202403,773
37,경상북도,202404,749
37,경상북도,202405,839
37,경상북도,202406,689
37,경상북도,202407,805
37,경상북도,202408,672
37,경상북도,202409,576
37,경상북도,202410,747
37,경상북도,202411,735
37,경상북도,202412,853
38,경상남도,202001,1197
38,경상남도,202002,1115
38,경상남도,202003,1062
38,경상남도,202004,877
38,경상남도,202005,1016
38,경상남도,202006,912
38,경상남도,202007,891
38,경상남도,202008,808
38,경상남도,202009,815
38,경상남도,202010,985
38,경상남도,202011,972
38,경상남도,202012,1250
38,경상남도,202101,881
38,경상남도,202102,841
38,경상남도,202103,847
38,경상남도,202104,904
38,경상남도,202105,851
38,경상남도,202106,889
38,경상남도,202107,837
38,경상남도,202108,848
38,경상남도,202109,738
38,경상남도,202110,862
38,경상남도,202111,943
38,경상남도,202112,1090
38,경상남도,202201,871
38,경상남도,202202,906
38,경상남도,202203,930
38,경상남도,202204,954
38,경상남도,202205,961
38,경상남도,202206,784
38,경상남도,202207,781
38,경상남도,202208,823
38,경상남도,202209,705
38,경상남도,202210,810
38,경상남도,202211,901
38,경상남도,202212,1078
38,경상남도,202301,995
38,경상남도,202302,922
38,경상남도,202303,957
38,경상남도,202304,754
38,경상남도,202305,904
38,경상남도,202306,853
38,경상남도,202307,741
38,경상남도,202308,834
38,경상남도,202309,665
38,경상남도,202310,828
38,경상남도,202311,882
38,경상남도,202312,897
38,경상남도,202401,1113
38,경상남도,202402,917
38,경상남도,202403,865
38,경상남도,202404,961
38,경상남도,202405,1063
38,경상남도,202406,837
38,경상남도,202407,972
38,경상남도,202408,829
38,경상남도,202409,702
38,경상남도,202410,1009
38,경상남도,202411,988
38,경상남도,202412,1173
39,제주특별자치도,202001,282
39,제주특별자치도,202002,276
39,제주특별자치도,202003,296
39,제주특별자치도,202004,245
39,제주특별자치도,202005,283
39,제주특별자치도,202006,222
39,제주특별자치도,202007,206
39,제주특별자치도,202008,220
39,제주특별자치도,202009,216
39,제주특별자치도,202010,205
39,제주특별자치도,202011,226
39,제주특별자치도,202012,304
39,제주특별자치도,202101,233
39,제주특별자치도,202102,203
39,제주특별자치도,202103,216
39,제주특별자치도,202104,217
39,제주특별자치도,202105,240
39,제주특별자치도,202106,230
39,제주특별자치도,202107,213
39,제주특별자치도,202108,194
39,제주특별자치도,202109,190
39,제주특별자치도,202110,202
39,제주특별자치도,202111,223
39,제주특별자치도,202112,300
39,제주특별자치도,202201,201
39,제주특별자치도,202202,212
39,제주특별자치도,202203,243
39,제주특별자치도,202204,247
39,제주특별자치도,202205,261
39,제주특별자치도,202206,232
39,제주특별자치도,202207,194
39,제주특별자치도,202208,216
39,제주특별자치도,202209,210
39,제주특별자치도,202210,229
39,제주특별자치도,202211,238
39,제주특별자치도,202212,235
39,제주특별자치도,202301,227
39,제주특별자치도,202302,251
39,제주특별자치도,202303,256
39,제주특별자치도,202304,194
39,제주특별자치도,202305,220
39,제주특별자치도,202306,230
39,제주특별자치도,202307,182
39,제주특별자치도,202308,179
39,제주특별자치도,202309,178
39,제주특별자치도,202310,208
39,제주특별자치도,202311,238
39,제주특별자치도,202312,251
39,제주특별자치도,202401,238
39,제주특별자치도,202402,220
39,제주특별자치도,202403,234
39,제주특별자치도,202404,236
39,제주특별자치도,202405,255
39,제주특별자치도,202406,193
39,제주특별자치도,202407,186
39,제주특별자치도,202408,205
39,제주특별자치도,202409,196
39,제주특별자치도,202410,259
39,제주특별자치도,202411,238
39,제주특별자치도,202412,284
00,전국,202501,20151
00,전국,202502,19368
00,전국,202503,19181
00,전국,202504,18919
00,전국,202505,21760
00,전국,202506,18482
00,전국,202507,20392
00,전국,202508,19442
00,전국,202509,18455
00,전국,202510,19575
00,전국,202511,19074
00,전국,202512,25527
00,전국,202601,22640
00,전국,202602,18557
00,전국,202603,21112
00,전국,202604,20622
00,전국,202605,20368
00,전국,202606,21075
00,전국,202607,22282
11,서울특별시,202501,4072
11,서울특별시,202502,3829
11,서울특별시,202503,3815
11,서울특별시,202504,3765
11,서울특별시,202505,4682
11,서울특별시,202506,4043
11,서울특별시,202507,4070
11,서울특별시,202508,3687
11,서울특별시,202509,4012
11,서울특별시,202510,4315
11,서울특별시,202511,3820
11,서울특별시,202512,5264
11,서울특별시,202601,4910
11,서울특별시,202602,3957
11,서울특별시,202603,4611
11,서울특별시,202604,4448
11,서울특별시,202605,4470
11,서울특별시,202606,4444
11,서울특별시,202607,4929
12,전남광주통합특별시,202501,1192
12,전남광주통합특별시,202502,1121
12,전남광주통합특별시,202503,1146
12,전남광주통합특별시,202504,1189
12,전남광주통합특별시,202505,1217
12,전남광주통합특별시,202506,1027
12,전남광주통합특별시,202507,1058
12,전남광주통합특별시,202508,986
12,전남광주통합특별시,202509,1039
12,전남광주통합특별시,202510,1000
12,전남광주통합특별시,202511,1013
12,전남광주통합특별시,202512,1302
12,전남광주통합특별시,202601,1320
12,전남광주통합특별시,202602,1068
12,전남광주통합특별시,202603,1161
12,전남광주통합특별시,202604,1120
12,전남광주통합특별시,202605,1083
12,전남광주통합특별시,202606,1169
12,전남광주통합특별시,202607,1205
21,부산광역시,202501,1095
21,부산광역시,202502,1069
21,부산광역시,202503,1053
21,부산광역시,202504,1016
21,부산광역시,202505,1061
21,부산광역시,202506,961
21,부산광역시,202507,1092
21,부산광역시,202508,1023
21,부산광역시,202509,1091
21,부산광역시,202510,1020
21,부산광역시,202511,966
21,부산광역시,202512,1355
21,부산광역시,202601,1336
21,부산광역시,202602,991
21,부산광역시,202603,1148
21,부산광역시,202604,1101
21,부산광역시,202605,1008
21,부산광역시,202606,1131
21,부산광역시,202607,1237
22,대구광역시,202501,826
22,대구광역시,202502,791
22,대구광역시,202503,763
22,대구광역시,202504,741
22,대구광역시,202505,849
22,대구광역시,202506,717
22,대구광역시,202507,760
22,대구광역시,202508,711
22,대구광역시,202509,678
22,대구광역시,202510,767
22,대구광역시,202511,766
22,대구광역시,202512,1047
22,대구광역시,202601,905
22,대구광역시,202602,695
22,대구광역시,202603,873
22,대구광역시,202604,809
22,대구광역시,202605,816
22,대구광역시,202606,879
22,대구광역시,202607,841
23,인천광역시,202501,1102
23,인천광역시,202502,1175
23,인천광역시,202503,1108
23,인천광역시,202504,1077
23,인천광역시,202505,1197
23,인천광역시,202506,1057
23,인천광역시,202507,1233
23,인천광역시,202508,1132
23,인천광역시,202509,1166
23,인천광역시,202510,1153
23,인천광역시,202511,1086
23,인천광역시,202512,1505
23,인천광역시,202601,1254
23,인천광역시,202602,1097
23,인천광역시,202603,1274
23,인천광역시,202604,1205
23,인천광역시,202605,1218
23,인천광역시,202606,1238
23,인천광역시,202607,1332
24,광주광역시,202501,514
24,광주광역시,202502,519
24,광주광역시,202503,528
24,광주광역시,202504,552
24,광주광역시,202505,570
24,광주광역시,202506,477
24,광주광역시,202507,494
24,광주광역시,202508,462
24,광주광역시,202509,423
24,광주광역시,202510,427
24,광주광역시,202511,454
24,광주광역시,202512,563
24,광주광역시,202601,548
24,광주광역시,202602,451
24,광주광역시,202603,502
24,광주광역시,202604,513
24,광주광역시,202605,507
24,광주광역시,202606,534
24,광주광역시,202607,580
25,대전광역시,202501,739
25,대전광역시,202502,665
25,대전광역시,202503,702
25,대전광역시,202504,655
25,대전광역시,202505,759
25,대전광역시,202506,643
25,대전광역시,202507,676
25,대전광역시,202508,589
25,대전광역시,202509,730
25,대전광역시,202510,758
25,대전광역시,202511,771
25,대전광역시,202512,1048
25,대전광역시,202601,540
25,대전광역시,202602,547
25,대전광역시,202603,610
25,대전광역시,202604,617
25,대전광역시,202605,644
25,대전광역시,202606,720
25,대전광역시,202607,781
26,울산광역시,202501,451
26,울산광역시,202502,416
26,울산광역시,202503,404
26,울산광역시,202504,451
26,울산광역시,202505,447
26,울산광역시,202506,383
26,울산광역시,202507,421
26,울산광역시,202508,360
26,울산광역시,202509,382
26,울산광역시,202510,454
26,울산광역시,202511,445
26,울산광역시,202512,554
26,울산광역시,202601,514
26,울산광역시,202602,436
26,울산광역시,202603,404
26,울산광역시,202604,436
26,울산광역시,202605,407
26,울산광역시,202606,436
26,울산광역시,202607,454
29,세종특별자치시,202501,198
29,세종특별자치시,202502,167
29,세종특별자치시,202503,147
29,세종특별자치시,202504,148
29,세종특별자치시,202505,170
29,세종특별자치시,202506,135
29,세종특별자치시,202507,157
29,세종특별자치시,202508,173
29,세종특별자치시,202509,157
29,세종특별자치시,202510,130
29,세종특별자치시,202511,174
29,세종특별자치시,202512,247
29,세종특별자치시,202601,193
29,세종특별자치시,202602,139
29,세종특별자치시,202603,166
29,세종특별자치시,202604,148
29,세종특별자치시,202605,141
29,세종특별자치시,202606,147
29,세종특별자치시,202607,188
31,경기도,202501,5403
31,경기도,202502,5271
31,경기도,202503,5350
31,경기도,202504,5278
31,경기도,202505,6207
31,경기도,202506,5117
31,경기도,202507,6207
31,경기도,202508,6578
31,경기도,202509,4744
31,경기도,202510,5403
31,경기도,202511,5362
31,경기도,202512,7168
31,경기도,202601,6135
31,경기도,202602,5226
31,경기도,202603,5916
31,경기도,202604,5992
31,경기도,202605,5763
31,경기도,202606,5940
31,경기도,202607,6266
32,강원특별자치도,202501,567
32,강원특별자치도,202502,523
32,강원특별자치도,202503,542
32,강원특별자치도,202504,501
32,강원특별자치도,202505,528
32,강원특별자치도,202506,451
32,강원특별자치도,202507,514
32,강원특별자치도,202508,448
32,강원특별자치도,202509,506
32,강원특별자치도,202510,502
32,강원특별자치도,202511,528
32,강원특별자치도,202512,682
32,강원특별자치도,202601,566
32,강원특별자치도,202602,466
32,강원특별자치도,202603,553
32,강원특별자치도,202604,506
32,강원특별자치도,202605,523
32,강원특별자치도,202606,550
32,강원특별자치도,202607,566
33,충청북도,202501,606
33,충청북도,202502,583
33,충청북도,202503,598
33,충청북도,202504,561
33,충청북도,202505,714
33,충청북도,202506,564
33,충청북도,202507,591
33,충청북도,202508,520
33,충청북도,202509,547
33,충청북도,202510,630
33,충청북도,202511,607
33,충청북도,202512,789
33,충청북도,202601,784
33,충청북도,202602,568
33,충청북도,202603,583
33,충청북도,202604,608
33,충청북도,202605,567
33,충청북도,202606,627
33,충청북도,202607,700
34,충청남도,202501,835
34,충청남도,202502,806
34,충청남도,202503,799
34,충청남도,202504,736
34,충청남도,202505,811
34,충청남도,202506,672
34,충청남도,202507,809
34,충청남도,202508,675
34,충청남도,202509,712
34,충청남도,202510,749
34,충청남도,202511,763
34,충청남도,202512,1012
34,충청남도,202601,866
34,충청남도,202602,736
34,충청남도,202603,834
34,충청남도,202604,770
34,충청남도,202605,738
34,충청남도,202606,766
34,충청남도,202607,824
35,전북특별자치도,202501,603
35,전북특별자치도,202502,531
35,전북특별자치도,202503,537
35,전북특별자치도,202504,508
35,전북특별자치도,202505,555
35,전북특별자치도,202506,525
35,전북특별자치도,202507,464
35,전북특별자치도,202508,452
35,전북특별자치도,202509,470
35,전북특별자치도,202510,514
35,전북특별자치도,202511,505
35,전북특별자치도,202512,684
35,전북특별자치도,202601,583
35,전북특별자치도,202602,436
35,전북특별자치도,202603,540
35,전북특별자치도,202604,485
35,전북특별자치도,202605,539
35,전북특별자치도,202606,552
35,전북특별자치도,202607,545
36,전라남도,202501,678
36,전라남도,202502,602
36,전라남도,202503,618
36,전라남도,202504,637
36,전라남도,202505,647
36,전라남도,202506,550
36,전라남도,202507,564
36,전라남도,202508,524
36,전라남도,202509,616
36,전라남도,202510,573
36,전라남도,202511,559
36,전라남도,202512,739
36,전라남도,202601,772
36,전라남도,202602,617
36,전라남도,202603,659
36,전라남도,202604,607
36,전라남도,202605,576
36,전라남도,202606,635
36,전라남도,202607,625
37,경상북도,202501,849
37,경상북도,202502,834
37,경상북도,202503,708
37,경상북도,202504,721
37,경상북도,202505,830
37,경상북도,202506,721
37,경상북도,202507,726
37,경상북도,202508,667
37,경상북도,202509,761
37,경상북도,202510,702
37,경상북도,202511,760
37,경상북도,202512,881
37,경상북도,202601,892
37,경상북도,202602,748
37,경상북도,202603,793
37,경상북도,202604,720
37,경상북도,202605,757
37,경상북도,202606,816
37,경상북도,202607,795
38,경상남도,202501,1076
38,경상남도,202502,1035
38,경상남도,202503,975
38,경상남도,202504,948
38,경상남도,202505,1068
38,경상남도,202506,907
38,경상남도,202507,1010
38,경상남도,202508,898
38,경상남도,202509,898
38,경상남도,202510,920
38,경상남도,202511,949
38,경상남도,202512,1286
38,경상남도,202601,1278
38,경상남도,202602,968
38,경상남도,202603,1065
38,경상남도,202604,1045
38,경상남도,202605,1024
38,경상남도,202606,1022
38,경상남도,202607,1044
39,제주특별자치도,202501,248
39,제주특별자치도,202502,255
39,제주특별자치도,202503,195
39,제주특별자치도,202504,226
39,제주특별자치도,202505,233
39,제주특별자치도,202506,192
39,제주특별자치도,202507,250
39,제주특별자치도,202508,199
39,제주특별자치도,202509,201
39,제주특별자치도,202510,233
39,제주특별자치도,202511,236
39,제주특별자치도,202512,315
39,제주특별자치도,202601,257
39,제주특별자치도,202602,205
39,제주특별자치도,202603,227
39,제주특별자치도,202604,229
39,제주특별자치도,202605,231
39,제주특별자치도,202606,231
39,제주특별자치도,202607,233
