made_on,code,last_2025,pred_2026
2026-10-05,11010,615,682
2026-10-05,11020,827,917
2026-10-05,11030,1387,1538
2026-10-05,11040,1846,2047
2026-10-05,11050,1751,1942
2026-10-05,11060,1893,2099
2026-10-05,11070,1872,2076
2026-10-05,11080,1968,2182
2026-10-05,11090,1023,1134
2026-10-05,11100,1149,1274
2026-10-05,11110,2146,2380
2026-10-05,11120,2138,2371
2026-10-05,11130,1450,1608
2026-10-05,11140,2159,2394
2026-10-05,11150,1572,1743
2026-10-05,11160,3311,3671
2026-10-05,11170,2302,2552
2026-10-05,11180,1303,1445
2026-10-05,11190,2913,3230
2026-10-05,11200,2053,2276
2026-10-05,11210,2844,3153
2026-10-05,11220,1908,2116
2026-10-05,11230,2520,2794
2026-10-05,11240,3562,3950
2026-10-05,11250,2862,3173
2026-10-05,21010,157,169
2026-10-05,21020,353,379
2026-10-05,21030,393,422
2026-10-05,21040,301,323
2026-10-05,21050,1898,2038
2026-10-05,21060,1018,1093
2026-10-05,21070,892,958
2026-10-05,21080,968,1039
2026-10-05,21090,1268,1361
2026-10-05,21100,952,1022
2026-10-05,21110,674,724
2026-10-05,21120,781,838
2026-10-05,21130,956,1026
2026-10-05,21140,686,736
2026-10-05,21150,756,812
2026-10-05,21510,749,804
2026-10-05,22010,713,757
2026-10-05,22020,1635,1736
2026-10-05,22030,643,683
2026-10-05,22040,550,584
2026-10-05,22050,1566,1663
2026-10-05,22060,1268,1346
2026-10-05,22070,1944,2064
2026-10-05,22510,1058,1123
2026-10-05,23010,982,1065
2026-10-05,23020,226,245
2026-10-05,23040,1835,1991
2026-10-05,23050,1858,2016
2026-10-05,23060,2531,2746
2026-10-05,23070,1132,1228
2026-10-05,23080,3271,3549
2026-10-05,23510,184,200
2026-10-05,23520,95,103
2026-10-05,24010,544,526
2026-10-05,24020,1081,1045
2026-10-05,24030,801,774
2026-10-05,24040,1854,1792
2026-10-05,24050,1703,1646
2026-10-05,25010,1200,1060
2026-10-05,25020,1169,1033
2026-10-05,25030,2850,2518
2026-10-05,25040,2558,2260
2026-10-05,25050,958,846
2026-10-05,26010,894,922
2026-10-05,26020,1668,1721
2026-10-05,26030,671,692
2026-10-05,26040,1034,1067
2026-10-05,26510,901,930
2026-10-05,31010,7383,7914
2026-10-05,31011,1329,1425
2026-10-05,31012,2212,2371
2026-10-05,31013,1385,1485
2026-10-05,31014,2457,2634
2026-10-05,31020,4864,5214
2026-10-05,31021,1342,1438
2026-10-05,31022,1148,1231
2026-10-05,31023,2374,2545
2026-10-05,31030,1865,1999
2026-10-05,31040,3425,3671
2026-10-05,31041,1363,1461
2026-10-05,31042,2062,2210
2026-10-05,31050,3339,3579
2026-10-05,31060,1662,1782
2026-10-05,31070,3555,3811
2026-10-05,31080,300,322
2026-10-05,31090,2862,3068
2026-10-05,31091,1405,1506
2026-10-05,31092,1457,1562
2026-10-05,31100,4758,5100
2026-10-05,31101,2382,2553
2026-10-05,31103,1273,1365
2026-10-05,31104,1103,1182
2026-10-05,31110,387,415
2026-10-05,31120,901,966
2026-10-05,31130,2794,2995
2026-10-05,31140,1382,1481
2026-10-05,31150,2552,2736
2026-10-05,31160,1240,1329
2026-10-05,31170,740,793
2026-10-05,31180,1715,1838
2026-10-05,31190,5009,5369
2026-10-05,31191,1374,1473
2026-10-05,31192,1898,2034
2026-10-05,31193,1737,1862
2026-10-05,31200,2304,2470
2026-10-05,31210,1200,1286
2026-10-05,31220,957,1026
2026-10-05,31230,1937,2076
2026-10-05,31240,6086,6524
2026-10-05,31250,1705,1828
2026-10-05,31260,1369,1467
2026-10-05,31270,549,588
2026-10-05,31550,173,185
2026-10-05,31570,219,235
2026-10-05,31580,421,451
2026-10-05,32010,1244,1265
2026-10-05,32020,1750,1779
2026-10-05,32030,749,762
2026-10-05,32040,351,357
2026-10-05,32050,139,141
2026-10-05,32060,361,367
2026-10-05,32070,196,199
2026-10-05,32510,245,249
2026-10-05,32520,108,110
2026-10-05,32530,135,137
2026-10-05,32540,113,115
2026-10-05,32550,89,90
2026-10-05,32560,202,205
2026-10-05,32570,116,118
2026-10-05,32580,93,95
2026-10-05,32590,216,220
2026-10-05,32600,99,101
2026-10-05,32610,86,87
2026-10-05,33020,876,903
2026-10-05,33030,533,549
2026-10-05,33520,62,64
2026-10-05,33530,130,134
2026-10-05,33540,128,132
2026-10-05,33550,414,427
2026-10-05,33560,107,110
2026-10-05,33570,412,425
2026-10-05,33580,68,70
2026-10-05,33590,194,200
2026-10-05,34010,3428,3466
2026-10-05,34020,327,331
2026-10-05,34030,310,313
2026-10-05,34040,1768,1787
2026-10-05,34050,801,810
2026-10-05,34060,366,370
2026-10-05,34070,152,154
2026-10-05,34510,116,117
2026-10-05,34530,146,148
2026-10-05,34540,125,126
2026-10-05,34550,76,77
2026-10-05,34560,405,409
2026-10-05,34570,297,300
2026-10-05,34580,190,192
2026-10-05,35010,2419,2327
2026-10-05,35011,1109,1067
2026-10-05,35012,1310,1260
2026-10-05,35020,981,944
2026-10-05,35030,1029,990
2026-10-05,35040,307,295
2026-10-05,35050,196,189
2026-10-05,35060,325,313
2026-10-05,35510,515,495
2026-10-05,35520,63,61
2026-10-05,35530,85,82
2026-10-05,35540,51,49
2026-10-05,35550,59,57
2026-10-05,35560,76,73
2026-10-05,35570,129,124
2026-10-05,35580,113,109
2026-10-05,36010,755,782
2026-10-05,36020,1079,1118
2026-10-05,36030,1273,1319
2026-10-05,36040,559,579
2026-10-05,36060,929,962
2026-10-05,36510,135,140
2026-10-05,36520,72,75
2026-10-05,36530,47,49
2026-10-05,36550,146,151
2026-10-05,36560,99,103
2026-10-05,36570,252,261
2026-10-05,36580,123,127
2026-10-05,36590,104,108
2026-10-05,36600,207,214
2026-10-05,36610,178,184
2026-10-05,36620,521,540
2026-10-05,36630,92,95
2026-10-05,36640,220,228
2026-10-05,36650,183,190
2026-10-05,36660,124,128
2026-10-05,36670,90,93
2026-10-05,36680,119,123
2026-10-05,37010,2126,2155
2026-10-05,37011,909,921
2026-10-05,37012,1217,1233
2026-10-05,37020,858,870
2026-10-05,37030,460,466
2026-10-05,37040,534,541
2026-10-05,37050,1875,1900
2026-10-05,37060,313,317
2026-10-05,37070,327,331
2026-10-05,37080,237,240
2026-10-05,37090,167,169
2026-10-05,37100,975,988
2026-10-05,37520,111,112
2026-10-05,37530,56,57
2026-10-05,37540,40,41
2026-10-05,37550,102,103
2026-10-05,37560,73,74
2026-10-05,37570,66,67
2026-10-05,37580,101,102
2026-10-05,37590,306,310
2026-10-05,37600,167,169
2026-10-05,37610,61,62
2026-10-05,37620,173,175
2026-10-05,37630,32,32
2026-10-05,38030,1328,1415
2026-10-05,38050,310,330
2026-10-05,38060,458,488
2026-10-05,38070,2163,2304
2026-10-05,38080,310,330
2026-10-05,38090,744,793
2026-10-05,38100,1365,1454
2026-10-05,38510,56,60
2026-10-05,38520,141,150
2026-10-05,38530,137,146
2026-10-05,38540,118,126
2026-10-05,38550,107,114
2026-10-05,38560,82,87
2026-10-05,38570,72,77
2026-10-05,38580,68,72
2026-10-05,38590,199,212
2026-10-05,38600,84,89
2026-10-05,39010,2153,2202
2026-10-05,39020,630,644
