code,pred_2026,lo80,hi80,lo80_challenger,hi80_challenger
11010,682,615,752,587,771
11020,917,832,1006,793,1034
11030,1538,1404,1677,1337,1726
11040,2047,1874,2226,1783,2294
11050,1942,1777,2112,1691,2176
11060,2099,1922,2282,1829,2352
11070,2076,1901,2257,1808,2326
11080,2182,1999,2372,1901,2445
11090,1134,1032,1241,983,1276
11100,1274,1161,1392,1106,1432
11110,2380,2181,2585,2074,2665
11120,2371,2173,2575,2067,2655
11130,1608,1469,1752,1398,1804
11140,2394,2195,2600,2087,2681
11150,1743,1594,1898,1517,1955
11160,3671,3374,3978,3206,4105
11170,2552,2341,2771,2226,2858
11180,1445,1318,1576,1255,1622
11190,3230,2967,3502,2820,3613
11200,2276,2086,2473,1984,2550
11210,3153,2896,3419,2753,3528
11220,2116,1938,2300,1843,2370
11230,2794,2564,3032,2438,3127
11240,3950,3631,4278,3450,4415
11250,3173,2914,3441,2770,3550
21010,169,145,195,139,197
21020,379,337,424,322,433
21030,422,376,471,360,481
21040,323,286,363,274,371
21050,2038,1866,2215,1775,2283
21060,1093,994,1196,947,1230
21070,958,869,1050,829,1079
21080,1039,945,1138,900,1170
21090,1361,1242,1485,1182,1529
21100,1022,929,1119,885,1150
21110,724,654,797,624,818
21120,838,760,921,725,946
21130,1026,933,1124,889,1155
21140,736,666,811,635,832
21150,812,735,892,701,916
21510,804,728,884,694,907
22010,757,685,833,653,855
22020,1736,1588,1890,1511,1947
22030,683,616,753,588,772
22040,584,525,646,502,662
22050,1663,1520,1811,1447,1865
22060,1346,1228,1469,1170,1512
22070,2064,1891,2244,1799,2313
22510,1123,1023,1229,974,1264
23010,1065,969,1166,923,1199
23020,245,214,279,206,283
23040,1991,1823,2165,1734,2231
23050,2016,1846,2192,1756,2259
23060,2746,2520,2979,2396,3073
23070,1228,1119,1342,1066,1380
23080,3549,3261,3845,3099,3968
23510,200,173,229,166,232
23520,103,86,123,83,124
24010,526,473,582,452,596
24020,1045,951,1143,907,1175
24030,774,702,850,669,873
24040,1792,1641,1949,1561,2009
24050,1646,1506,1791,1433,1846
25010,1060,967,1158,921,1191
25020,1033,941,1128,897,1161
25030,2518,2312,2730,2198,2817
25040,2260,2074,2452,1972,2529
25050,846,769,927,733,953
26010,922,837,1011,798,1039
26020,1721,1574,1873,1498,1930
26030,692,625,763,597,782
26040,1067,971,1167,925,1200
26510,930,844,1019,805,1047
31010,7914,7293,8553,6925,8835
31011,1425,1300,1554,1238,1599
31012,2371,2174,2575,2067,2655
31013,1485,1356,1619,1291,1666
31014,2634,2417,2858,2297,2948
31020,5214,4799,5641,4558,5825
31021,1438,1313,1569,1250,1615
31022,1231,1121,1344,1068,1383
31023,2545,2334,2762,2219,2849
31030,1999,1831,2174,1741,2240
31040,3671,3375,3977,3207,4105
31041,1461,1334,1593,1270,1640
31042,2210,2026,2401,1926,2476
31050,3579,3290,3878,3126,4002
31060,1782,1630,1939,1551,1997
31070,3811,3503,4128,3329,4260
31080,322,284,362,272,369
31090,3068,2817,3326,2678,3432
31091,1506,1375,1642,1309,1690
31092,1562,1427,1702,1358,1752
31100,5100,4694,5518,4459,5698
31101,2553,2342,2771,2227,2858
31103,1365,1245,1489,1185,1532
31104,1182,1077,1292,1026,1329
31110,415,370,463,354,473
31120,966,877,1059,836,1088
31130,2995,2750,3248,2614,3351
31140,1481,1353,1615,1288,1663
31150,2736,2511,2968,2387,3061
31160,1329,1212,1451,1154,1493
31170,793,718,872,685,895
31180,1838,1682,2000,1600,2061
31190,5369,4943,5808,4695,5998
31191,1473,1345,1606,1280,1653
31192,2034,1863,2212,1772,2280
31193,1862,1704,2026,1621,2087
31200,2470,2265,2681,2154,2765
31210,1286,1173,1405,1117,1445
31220,1026,932,1123,889,1155
31230,2076,1902,2257,1809,2326
31240,6524,6009,7053,5706,7285
31250,1828,1672,1989,1591,2049
31260,1467,1340,1600,1276,1647
31270,588,529,651,506,667
31550,185,160,213,154,216
31570,235,205,267,197,272
31580,451,403,502,386,514
32010,1265,1154,1380,1099,1421
32020,1779,1628,1936,1549,1994
32030,762,689,837,658,859
32040,357,317,399,304,408
32050,141,120,165,116,166
32060,367,326,410,313,419
32070,199,173,228,166,231
32510,249,218,282,210,287
32520,110,92,130,89,131
32530,137,117,160,112,162
32540,115,97,136,93,137
32550,90,75,109,72,109
32560,205,178,235,172,238
32570,118,99,139,96,140
32580,95,78,113,76,114
32590,220,191,250,184,254
32600,101,84,120,81,121
32610,87,72,105,69,106
33020,903,819,990,781,1017
33030,549,494,608,472,623
33520,64,51,79,49,79
33530,134,114,157,109,158
33540,132,112,154,108,156
33550,427,381,475,365,486
33560,110,92,131,89,132
33570,425,379,473,363,484
33580,70,57,86,55,86
33590,200,173,229,167,232
34010,3466,3186,3754,3027,3875
34020,331,293,371,281,378
34030,313,277,352,266,359
34040,1787,1636,1944,1556,2003
34050,810,734,889,700,913
34060,370,329,414,315,422
34070,154,132,178,127,180
34510,117,99,138,95,139
34530,148,126,171,121,173
34540,126,107,148,103,150
34550,77,63,93,60,94
34560,409,365,456,350,466
34570,300,265,338,254,344
34580,192,166,220,160,223
35010,2327,2135,2526,2030,2605
35011,1067,972,1166,926,1199
35012,1260,1150,1375,1095,1415
35020,944,858,1033,818,1062
35030,990,901,1083,858,1114
35040,295,261,332,250,338
35050,189,164,216,157,219
35060,313,277,351,265,358
35510,495,445,549,425,562
35520,61,49,75,47,75
35530,82,67,98,65,99
35540,49,38,62,37,62
35550,57,45,71,44,70
35560,73,60,89,58,89
35570,124,105,145,101,147
35580,109,91,128,88,129
36010,782,708,860,676,883
36020,1118,1018,1222,970,1257
36030,1319,1203,1439,1146,1481
36040,579,521,640,498,656
36060,962,874,1054,833,1084
36510,140,119,163,115,165
36520,75,60,91,58,91
36530,49,38,62,37,62
36550,151,129,176,124,178
36560,103,85,122,82,123
36570,261,229,296,220,301
36580,127,108,150,104,151
36590,108,90,128,87,129
36600,214,187,245,179,249
36610,184,159,212,153,215
36620,540,485,598,463,612
36630,95,79,114,76,115
36640,228,199,259,191,264
36650,190,164,218,158,221
36660,128,109,151,105,152
36670,93,77,112,74,112
36680,123,104,145,100,146
37010,2155,1975,2341,1878,2413
37011,921,837,1010,798,1038
37012,1233,1125,1347,1071,1386
37020,870,789,954,752,980
37030,466,417,518,399,530
37040,541,486,599,465,614
37050,1900,1740,2066,1655,2129
37060,317,281,356,269,363
37070,331,294,372,281,379
37080,240,210,273,202,277
37090,169,146,195,140,198
37100,988,898,1082,856,1112
37520,112,94,133,91,134
37530,57,45,71,43,71
37540,41,31,52,30,52
37550,103,86,123,83,124
37560,74,60,90,58,90
37570,67,54,82,52,82
37580,102,85,122,82,123
37590,310,274,349,263,355
37600,169,146,195,140,198
37610,62,49,77,48,77
37620,175,151,202,145,205
37630,32,24,43,23,43
38030,1415,1291,1543,1230,1589
38050,330,292,371,280,378
38060,488,437,542,418,555
38070,2304,2113,2503,2009,2581
38080,330,292,371,280,378
38090,793,717,871,685,895
38100,1454,1328,1586,1264,1633
38510,60,47,75,46,74
38520,150,128,175,123,177
38530,146,124,170,120,172
38540,126,106,148,102,149
38550,114,95,135,92,136
38560,87,72,105,69,106
38570,77,62,94,60,94
38580,72,58,89,56,89
38590,212,184,242,177,246
38600,89,74,108,71,108
39010,2202,2019,2392,1920,2466
39020,644,581,711,555,729
