unit,지역,ym,예측_순이동,올해_누적차이,올해_누적이탈률,B0,B1,AI,AI_근거
11110,서울 종로구,202609,-14.3,-383.1,-0.0293,0.5,0.3,0.3,
11110,서울 종로구,202610,-76.2,-383.1,-0.0293,0.5,0.3,0.3,
11110,서울 종로구,202611,-97.6,-383.1,-0.0293,0.5,0.3,0.3,
11110,서울 종로구,202612,-138.9,-383.1,-0.0293,0.5,0.3,0.3,
11140,서울 중구,202609,-219.3,1121.1,0.0924,0.5,0.8,0.8,
11140,서울 중구,202610,-274.4,1121.1,0.0924,0.5,0.8,0.8,
11140,서울 중구,202611,-222.9,1121.1,0.0924,0.5,0.8,0.8,
11140,서울 중구,202612,-285.2,1121.1,0.0924,0.5,0.8,0.8,
11170,서울 용산구,202609,-183.0,-1573.8,-0.0785,0.5,0.2,0.2,
11170,서울 용산구,202610,-184.5,-1573.8,-0.0785,0.5,0.2,0.2,
11170,서울 용산구,202611,-217.1,-1573.8,-0.0785,0.5,0.2,0.2,
11170,서울 용산구,202612,-301.2,-1573.8,-0.0785,0.5,0.2,0.2,
11200,서울 성동구,202609,97.9,-1578.0,-0.0549,0.5,0.2,0.2,
11200,서울 성동구,202610,-44.7,-1578.0,-0.0549,0.5,0.2,0.2,
11200,서울 성동구,202611,-45.4,-1578.0,-0.0549,0.5,0.2,0.2,
11200,서울 성동구,202612,-78.7,-1578.0,-0.0549,0.5,0.2,0.2,
11215,서울 광진구,202609,-125.7,-595.2,-0.0176,0.5,0.4,0.4,
11215,서울 광진구,202610,-149.6,-595.2,-0.0176,0.5,0.4,0.4,
11215,서울 광진구,202611,-186.8,-595.2,-0.0176,0.5,0.4,0.4,
11215,서울 광진구,202612,-211.0,-595.2,-0.0176,0.5,0.4,0.4,
11230,서울 동대문구,202609,882.4,1027.7,0.0247,0.5,0.5,0.5,
11230,서울 동대문구,202610,412.9,1027.7,0.0247,0.5,0.5,0.5,
11230,서울 동대문구,202611,244.1,1027.7,0.0247,0.5,0.5,0.5,
11230,서울 동대문구,202612,534.3,1027.7,0.0247,0.5,0.5,0.5,
11260,서울 중랑구,202609,-179.9,922.9,0.032,0.5,0.7,0.7,
11260,서울 중랑구,202610,-212.8,922.9,0.032,0.5,0.7,0.7,
11260,서울 중랑구,202611,-178.6,922.9,0.032,0.5,0.7,0.7,
11260,서울 중랑구,202612,1.1,922.9,0.032,0.5,0.7,0.7,
11290,서울 성북구,202609,-25.3,-3864.3,-0.0964,0.5,0.1,0.1,
11290,서울 성북구,202610,-212.7,-3864.3,-0.0964,0.5,0.1,0.1,
11290,서울 성북구,202611,-252.0,-3864.3,-0.0964,0.5,0.1,0.1,
11290,서울 성북구,202612,-388.3,-3864.3,-0.0964,0.5,0.1,0.1,
11305,서울 강북구,202609,-190.9,1685.7,0.0841,0.5,0.9,0.9,
11305,서울 강북구,202610,-262.7,1685.7,0.0841,0.5,0.9,0.9,
11305,서울 강북구,202611,-280.9,1685.7,0.0841,0.5,0.9,0.9,
11305,서울 강북구,202612,-266.8,1685.7,0.0841,0.5,0.9,0.9,
11320,서울 도봉구,202609,-148.6,282.5,0.0147,0.5,0.6,0.6,
11320,서울 도봉구,202610,-123.1,282.5,0.0147,0.5,0.6,0.6,
11320,서울 도봉구,202611,-171.3,282.5,0.0147,0.5,0.6,0.6,
11320,서울 도봉구,202612,-119.5,282.5,0.0147,0.5,0.6,0.6,
11350,서울 노원구,202609,-256.8,1544.6,0.0446,0.5,0.8,0.8,
11350,서울 노원구,202610,-560.4,1544.6,0.0446,0.5,0.8,0.8,
11350,서울 노원구,202611,-478.7,1544.6,0.0446,0.5,0.8,0.8,
11350,서울 노원구,202612,-735.5,1544.6,0.0446,0.5,0.8,0.8,
11380,서울 은평구,202609,-425.0,501.0,0.0147,0.5,0.7,0.7,
11380,서울 은평구,202610,-603.9,501.0,0.0147,0.5,0.7,0.7,
11380,서울 은평구,202611,-534.9,501.0,0.0147,0.5,0.7,0.7,
11380,서울 은평구,202612,-485.1,501.0,0.0147,0.5,0.7,0.7,
11410,서울 서대문구,202609,-189.4,725.0,0.0267,0.5,0.6,0.6,
11410,서울 서대문구,202610,-379.0,725.0,0.0267,0.5,0.6,0.6,
11410,서울 서대문구,202611,-223.8,725.0,0.0267,0.5,0.6,0.6,
11410,서울 서대문구,202612,-298.8,725.0,0.0267,0.5,0.6,0.6,
11440,서울 마포구,202609,-392.7,211.7,0.0061,0.5,0.6,0.6,
11440,서울 마포구,202610,-512.6,211.7,0.0061,0.5,0.6,0.6,
11440,서울 마포구,202611,-390.5,211.7,0.0061,0.5,0.6,0.6,
11440,서울 마포구,202612,-382.5,211.7,0.0061,0.5,0.6,0.6,
11470,서울 양천구,202609,-382.3,-1166.5,-0.0384,0.5,0.4,0.4,
11470,서울 양천구,202610,-336.8,-1166.5,-0.0384,0.5,0.4,0.4,
11470,서울 양천구,202611,-459.6,-1166.5,-0.0384,0.5,0.4,0.4,
11470,서울 양천구,202612,-615.8,-1166.5,-0.0384,0.5,0.4,0.4,
11500,서울 강서구,202609,-621.5,2144.6,0.0457,0.5,0.9,0.9,
11500,서울 강서구,202610,-453.8,2144.6,0.0457,0.5,0.9,0.9,
11500,서울 강서구,202611,-442.8,2144.6,0.0457,0.5,0.9,0.9,
11500,서울 강서구,202612,-505.3,2144.6,0.0457,0.5,0.9,0.9,
11530,서울 구로구,202609,-370.5,1373.0,0.0491,0.5,0.8,0.8,
11530,서울 구로구,202610,-149.8,1373.0,0.0491,0.5,0.8,0.8,
11530,서울 구로구,202611,-233.4,1373.0,0.0491,0.5,0.8,0.8,
11530,서울 구로구,202612,-323.3,1373.0,0.0491,0.5,0.8,0.8,
11545,서울 금천구,202609,-189.2,-146.1,-0.0076,0.5,0.5,0.5,
11545,서울 금천구,202610,-159.8,-146.1,-0.0076,0.5,0.5,0.5,
11545,서울 금천구,202611,-203.8,-146.1,-0.0076,0.5,0.5,0.5,
11545,서울 금천구,202612,-187.3,-146.1,-0.0076,0.5,0.5,0.5,
11560,서울 영등포구,202609,-230.1,952.9,0.0255,0.5,0.5,0.5,
11560,서울 영등포구,202610,-487.6,952.9,0.0255,0.5,0.5,0.5,
11560,서울 영등포구,202611,-308.3,952.9,0.0255,0.5,0.5,0.5,
11560,서울 영등포구,202612,-388.1,952.9,0.0255,0.5,0.5,0.5,
11590,서울 동작구,202609,-443.2,680.3,0.0183,0.5,0.7,0.7,
11590,서울 동작구,202610,-596.2,680.3,0.0183,0.5,0.7,0.7,
11590,서울 동작구,202611,-489.1,680.3,0.0183,0.5,0.7,0.7,
11590,서울 동작구,202612,-709.3,680.3,0.0183,0.5,0.7,0.7,
11620,서울 관악구,202609,-38.4,-1587.5,-0.0271,0.5,0.2,0.2,
11620,서울 관악구,202610,-310.0,-1587.5,-0.0271,0.5,0.2,0.2,
11620,서울 관악구,202611,-413.0,-1587.5,-0.0271,0.5,0.2,0.2,
11620,서울 관악구,202612,-182.1,-1587.5,-0.0271,0.5,0.2,0.2,
11650,서울 서초구,202609,1006.9,-1264.0,-0.0308,0.5,0.3,0.3,
11650,서울 서초구,202610,843.5,-1264.0,-0.0308,0.5,0.3,0.3,
11650,서울 서초구,202611,307.0,-1264.0,-0.0308,0.5,0.3,0.3,
11650,서울 서초구,202612,372.6,-1264.0,-0.0308,0.5,0.3,0.3,
11680,서울 강남구,202609,-312.5,-4332.5,-0.0768,0.5,0.1,0.1,
11680,서울 강남구,202610,-236.9,-4332.5,-0.0768,0.5,0.1,0.1,
11680,서울 강남구,202611,-684.7,-4332.5,-0.0768,0.5,0.1,0.1,
11680,서울 강남구,202612,-135.4,-4332.5,-0.0768,0.5,0.1,0.1,
11710,서울 송파구,202609,-408.1,9498.5,0.1592,0.5,0.7,0.7,
11710,서울 송파구,202610,-535.9,9498.5,0.1592,0.5,0.7,0.7,
11710,서울 송파구,202611,-773.3,9498.5,0.1592,0.5,0.7,0.7,
11710,서울 송파구,202612,-1094.2,9498.5,0.1592,0.5,0.7,0.7,
11740,서울 강동구,202609,935.6,-16825.1,-0.2896,0.5,0.1,0.05,"둔촌주공 재건축(올림픽파크 포레온, 약 1만 2천 세대) 입주가 2024년 말~2025년에 몰려 2025년 기준값이 부풀었음 → 예측보다 낮은 상태가 이어질 것"
11740,서울 강동구,202610,1051.7,-16825.1,-0.2896,0.5,0.1,0.05,"둔촌주공 재건축(올림픽파크 포레온, 약 1만 2천 세대) 입주가 2024년 말~2025년에 몰려 2025년 기준값이 부풀었음 → 예측보다 낮은 상태가 이어질 것"
11740,서울 강동구,202611,1651.5,-16825.1,-0.2896,0.5,0.1,0.05,"둔촌주공 재건축(올림픽파크 포레온, 약 1만 2천 세대) 입주가 2024년 말~2025년에 몰려 2025년 기준값이 부풀었음 → 예측보다 낮은 상태가 이어질 것"
11740,서울 강동구,202612,2889.1,-16825.1,-0.2896,0.5,0.1,0.05,"둔촌주공 재건축(올림픽파크 포레온, 약 1만 2천 세대) 입주가 2024년 말~2025년에 몰려 2025년 기준값이 부풀었음 → 예측보다 낮은 상태가 이어질 것"
26110,부산 중구,202609,-42.1,171.9,0.0507,0.5,0.7,0.7,
26110,부산 중구,202610,-94.1,171.9,0.0507,0.5,0.7,0.7,
26110,부산 중구,202611,-67.7,171.9,0.0507,0.5,0.7,0.7,
26110,부산 중구,202612,-63.3,171.9,0.0507,0.5,0.7,0.7,
26140,부산 서구,202609,53.1,-59.4,-0.0075,0.5,0.5,0.5,
26140,부산 서구,202610,-3.2,-59.4,-0.0075,0.5,0.5,0.5,
26140,부산 서구,202611,-39.1,-59.4,-0.0075,0.5,0.5,0.5,
26140,부산 서구,202612,-79.1,-59.4,-0.0075,0.5,0.5,0.5,
26170,부산 동구,202609,-128.1,484.5,0.0687,0.5,0.6,0.6,
26170,부산 동구,202610,-140.7,484.5,0.0687,0.5,0.6,0.6,
26170,부산 동구,202611,-118.9,484.5,0.0687,0.5,0.6,0.6,
26170,부산 동구,202612,-147.8,484.5,0.0687,0.5,0.6,0.6,
26200,부산 영도구,202609,-90.0,-113.9,-0.0184,0.5,0.3,0.3,
26200,부산 영도구,202610,-116.7,-113.9,-0.0184,0.5,0.3,0.3,
26200,부산 영도구,202611,-107.4,-113.9,-0.0184,0.5,0.3,0.3,
26200,부산 영도구,202612,-97.8,-113.9,-0.0184,0.5,0.3,0.3,
26230,부산 부산진구,202609,613.5,-5399.6,-0.1419,0.5,0.1,0.1,
26230,부산 부산진구,202610,957.1,-5399.6,-0.1419,0.5,0.1,0.1,
26230,부산 부산진구,202611,541.8,-5399.6,-0.1419,0.5,0.1,0.1,
26230,부산 부산진구,202612,313.0,-5399.6,-0.1419,0.5,0.1,0.1,
26260,부산 동래구,202609,-176.8,-2050.1,-0.102,0.5,0.1,0.1,
26260,부산 동래구,202610,105.9,-2050.1,-0.102,0.5,0.1,0.1,
26260,부산 동래구,202611,98.0,-2050.1,-0.102,0.5,0.1,0.1,
26260,부산 동래구,202612,-115.2,-2050.1,-0.102,0.5,0.1,0.1,
26290,부산 남구,202609,-219.1,6554.2,0.3457,0.5,0.9,0.9,
26290,부산 남구,202610,-267.2,6554.2,0.3457,0.5,0.9,0.9,
26290,부산 남구,202611,-225.5,6554.2,0.3457,0.5,0.9,0.9,
26290,부산 남구,202612,-310.0,6554.2,0.3457,0.5,0.9,0.9,
26320,부산 북구,202609,-245.5,315.9,0.0209,0.5,0.7,0.7,
26320,부산 북구,202610,-358.1,315.9,0.0209,0.5,0.7,0.7,
26320,부산 북구,202611,-372.4,315.9,0.0209,0.5,0.7,0.7,
26320,부산 북구,202612,-334.0,315.9,0.0209,0.5,0.7,0.7,
26350,부산 해운대구,202609,-68.7,-251.5,-0.0096,0.5,0.5,0.5,
26350,부산 해운대구,202610,-253.6,-251.5,-0.0096,0.5,0.5,0.5,
26350,부산 해운대구,202611,-83.3,-251.5,-0.0096,0.5,0.5,0.5,
26350,부산 해운대구,202612,-92.9,-251.5,-0.0096,0.5,0.5,0.5,
26380,부산 사하구,202609,-363.1,-754.0,-0.0411,0.5,0.4,0.4,
26380,부산 사하구,202610,-328.7,-754.0,-0.0411,0.5,0.4,0.4,
26380,부산 사하구,202611,-274.8,-754.0,-0.0411,0.5,0.4,0.4,
26380,부산 사하구,202612,-392.5,-754.0,-0.0411,0.5,0.4,0.4,
26410,부산 금정구,202609,-17.3,798.8,0.0511,0.5,0.9,0.9,
26410,부산 금정구,202610,-245.0,798.8,0.0511,0.5,0.9,0.9,
26410,부산 금정구,202611,-179.7,798.8,0.0511,0.5,0.9,0.9,
26410,부산 금정구,202612,-269.2,798.8,0.0511,0.5,0.9,0.9,
26440,부산 강서구,202609,481.6,-1311.7,-0.0725,0.5,0.2,0.2,
26440,부산 강서구,202610,399.4,-1311.7,-0.0725,0.5,0.2,0.2,
26440,부산 강서구,202611,447.4,-1311.7,-0.0725,0.5,0.2,0.2,
26440,부산 강서구,202612,436.0,-1311.7,-0.0725,0.5,0.2,0.2,
26470,부산 연제구,202609,-54.1,866.4,0.0497,0.5,0.7,0.7,
26470,부산 연제구,202610,-171.0,866.4,0.0497,0.5,0.7,0.7,
26470,부산 연제구,202611,-121.5,866.4,0.0497,0.5,0.7,0.7,
26470,부산 연제구,202612,693.0,866.4,0.0497,0.5,0.7,0.7,
26500,부산 수영구,202609,-177.0,2004.3,0.1341,0.5,0.9,0.9,
26500,부산 수영구,202610,-166.8,2004.3,0.1341,0.5,0.9,0.9,
26500,부산 수영구,202611,-177.1,2004.3,0.1341,0.5,0.9,0.9,
26500,부산 수영구,202612,-217.8,2004.3,0.1341,0.5,0.9,0.9,
26530,부산 사상구,202609,-214.9,879.6,0.0785,0.5,0.8,0.8,
26530,부산 사상구,202610,-381.0,879.6,0.0785,0.5,0.8,0.8,
26530,부산 사상구,202611,-217.6,879.6,0.0785,0.5,0.8,0.8,
26530,부산 사상구,202612,-222.8,879.6,0.0785,0.5,0.8,0.8,
26710,부산 기장군,202609,14.2,979.7,0.0908,0.5,0.8,0.8,
26710,부산 기장군,202610,-43.8,979.7,0.0908,0.5,0.8,0.8,
26710,부산 기장군,202611,-83.9,979.7,0.0908,0.5,0.8,0.8,
26710,부산 기장군,202612,-45.9,979.7,0.0908,0.5,0.8,0.8,
27110,대구 중구,202609,135.0,-1183.3,-0.0914,0.5,0.1,0.1,
27110,대구 중구,202610,482.8,-1183.3,-0.0914,0.5,0.1,0.1,
27110,대구 중구,202611,342.7,-1183.3,-0.0914,0.5,0.1,0.1,
27110,대구 중구,202612,343.2,-1183.3,-0.0914,0.5,0.1,0.1,
27140,대구 동구,202609,-119.3,1246.5,0.0499,0.5,0.8,0.8,
27140,대구 동구,202610,-119.2,1246.5,0.0499,0.5,0.8,0.8,
27140,대구 동구,202611,-91.5,1246.5,0.0499,0.5,0.8,0.8,
27140,대구 동구,202612,-317.6,1246.5,0.0499,0.5,0.8,0.8,
27170,대구 서구,202609,641.9,-297.0,-0.0244,0.5,0.5,0.5,
27170,대구 서구,202610,500.3,-297.0,-0.0244,0.5,0.5,0.5,
27170,대구 서구,202611,339.3,-297.0,-0.0244,0.5,0.5,0.5,
27170,대구 서구,202612,152.4,-297.0,-0.0244,0.5,0.5,0.5,
27200,대구 남구,202609,52.3,6612.7,0.5223,0.5,0.9,0.9,
27200,대구 남구,202610,-48.4,6612.7,0.5223,0.5,0.9,0.9,
27200,대구 남구,202611,12.1,6612.7,0.5223,0.5,0.9,0.9,
27200,대구 남구,202612,62.7,6612.7,0.5223,0.5,0.9,0.9,
27230,대구 북구,202609,-166.4,-2123.0,-0.069,0.5,0.1,0.1,
27230,대구 북구,202610,-295.4,-2123.0,-0.069,0.5,0.1,0.1,
27230,대구 북구,202611,-263.5,-2123.0,-0.069,0.5,0.1,0.1,
27230,대구 북구,202612,-280.6,-2123.0,-0.069,0.5,0.1,0.1,
27260,대구 수성구,202609,80.4,-1810.1,-0.0502,0.5,0.2,0.2,
27260,대구 수성구,202610,126.3,-1810.1,-0.0502,0.5,0.2,0.2,
27260,대구 수성구,202611,111.3,-1810.1,-0.0502,0.5,0.2,0.2,
27260,대구 수성구,202612,206.9,-1810.1,-0.0502,0.5,0.2,0.2,
27290,대구 달서구,202609,-358.3,-1639.8,-0.0444,0.5,0.2,0.2,
27290,대구 달서구,202610,-469.7,-1639.8,-0.0444,0.5,0.2,0.2,
27290,대구 달서구,202611,-510.9,-1639.8,-0.0444,0.5,0.2,0.2,
27290,대구 달서구,202612,-319.8,-1639.8,-0.0444,0.5,0.2,0.2,
27710,대구 달성군,202609,-235.2,-1084.3,-0.0752,0.5,0.2,0.2,
27710,대구 달성군,202610,-244.9,-1084.3,-0.0752,0.5,0.2,0.2,
27710,대구 달성군,202611,-223.2,-1084.3,-0.0752,0.5,0.2,0.2,
27710,대구 달성군,202612,-344.1,-1084.3,-0.0752,0.5,0.2,0.2,
28110,인천 중구,202609,851.8,-3755.5,-0.1616,0.5,0.1,0.1,
28110,인천 중구,202610,746.3,-3755.5,-0.1616,0.5,0.1,0.1,
28110,인천 중구,202611,703.0,-3755.5,-0.1616,0.5,0.1,0.1,
28110,인천 중구,202612,720.4,-3755.5,-0.1616,0.5,0.1,0.1,
28140,인천 동구,202609,-105.6,2611.4,0.8632,0.5,0.9,0.9,
28140,인천 동구,202610,-116.1,2611.4,0.8632,0.5,0.9,0.9,
28140,인천 동구,202611,-93.7,2611.4,0.8632,0.5,0.9,0.9,
28140,인천 동구,202612,-104.1,2611.4,0.8632,0.5,0.9,0.9,
28177,인천 미추홀구,202609,618.5,-2730.6,-0.0667,0.5,0.3,0.3,
28177,인천 미추홀구,202610,520.9,-2730.6,-0.0667,0.5,0.3,0.3,
28177,인천 미추홀구,202611,148.9,-2730.6,-0.0667,0.5,0.3,0.3,
28177,인천 미추홀구,202612,298.2,-2730.6,-0.0667,0.5,0.3,0.3,
28185,인천 연수구,202609,895.1,-5461.0,-0.1326,0.5,0.1,0.1,
28185,인천 연수구,202610,836.7,-5461.0,-0.1326,0.5,0.1,0.1,
28185,인천 연수구,202611,710.0,-5461.0,-0.1326,0.5,0.1,0.1,
28185,인천 연수구,202612,463.1,-5461.0,-0.1326,0.5,0.1,0.1,
28200,인천 남동구,202609,-405.5,2628.0,0.0783,0.5,0.9,0.9,
28200,인천 남동구,202610,-334.6,2628.0,0.0783,0.5,0.9,0.9,
28200,인천 남동구,202611,-306.9,2628.0,0.0783,0.5,0.9,0.9,
28200,인천 남동구,202612,-204.0,2628.0,0.0783,0.5,0.9,0.9,
28237,인천 부평구,202609,-539.5,-1459.9,-0.0386,0.5,0.4,0.4,
28237,인천 부평구,202610,-496.1,-1459.9,-0.0386,0.5,0.4,0.4,
28237,인천 부평구,202611,-68.5,-1459.9,-0.0386,0.5,0.4,0.4,
28237,인천 부평구,202612,323.2,-1459.9,-0.0386,0.5,0.4,0.4,
28245,인천 계양구,202609,-125.1,-217.4,-0.0111,0.5,0.5,0.5,
28245,인천 계양구,202610,-64.0,-217.4,-0.0111,0.5,0.5,0.5,
28245,인천 계양구,202611,-134.5,-217.4,-0.0111,0.5,0.5,0.5,
28245,인천 계양구,202612,-166.8,-217.4,-0.0111,0.5,0.5,0.5,
28260,인천 서구,202609,2157.5,-3998.7,-0.0632,0.5,0.3,0.3,
28260,인천 서구,202610,1892.3,-3998.7,-0.0632,0.5,0.3,0.3,
28260,인천 서구,202611,1456.4,-3998.7,-0.0632,0.5,0.3,0.3,
28260,인천 서구,202612,1725.2,-3998.7,-0.0632,0.5,0.3,0.3,
28710,인천 강화군,202609,64.4,-264.4,-0.0558,0.5,0.1,0.1,
28710,인천 강화군,202610,108.8,-264.4,-0.0558,0.5,0.1,0.1,
28710,인천 강화군,202611,125.4,-264.4,-0.0558,0.5,0.1,0.1,
28710,인천 강화군,202612,129.0,-264.4,-0.0558,0.5,0.1,0.1,
28720,인천 옹진군,202609,-15.7,-141.9,-0.0728,0.5,0.2,0.2,
28720,인천 옹진군,202610,4.8,-141.9,-0.0728,0.5,0.2,0.2,
28720,인천 옹진군,202611,-11.8,-141.9,-0.0728,0.5,0.2,0.2,
28720,인천 옹진군,202612,-38.2,-141.9,-0.0728,0.5,0.2,0.2,
29110,광주 동구,202609,52.8,1304.7,0.1502,0.5,0.8889,0.8889,
29110,광주 동구,202610,6.2,1304.7,0.1502,0.5,0.8889,0.8889,
29110,광주 동구,202611,-46.3,1304.7,0.1502,0.5,0.8889,0.8889,
29110,광주 동구,202612,-142.0,1304.7,0.1502,0.5,0.8889,0.8889,
29140,광주 서구,202609,-124.8,2112.1,0.1086,0.5,0.7778,0.7778,
29140,광주 서구,202610,-326.3,2112.1,0.1086,0.5,0.7778,0.7778,
29140,광주 서구,202611,-222.0,2112.1,0.1086,0.5,0.7778,0.7778,
29140,광주 서구,202612,-224.3,2112.1,0.1086,0.5,0.7778,0.7778,
29155,광주 남구,202609,60.8,-2181.2,-0.134,0.5,0.1111,0.1111,
29155,광주 남구,202610,92.7,-2181.2,-0.134,0.5,0.1111,0.1111,
29155,광주 남구,202611,133.0,-2181.2,-0.134,0.5,0.1111,0.1111,
29155,광주 남구,202612,96.8,-2181.2,-0.134,0.5,0.1111,0.1111,
29170,광주 북구,202609,-414.1,3863.1,0.1362,0.5,0.6667,0.6667,
29170,광주 북구,202610,-401.1,3863.1,0.1362,0.5,0.6667,0.6667,
29170,광주 북구,202611,-480.0,3863.1,0.1362,0.5,0.6667,0.6667,
29170,광주 북구,202612,-760.0,3863.1,0.1362,0.5,0.6667,0.6667,
29200,광주 광산구,202609,-209.0,-2185.6,-0.0842,0.5,0.2222,0.2222,
29200,광주 광산구,202610,-344.4,-2185.6,-0.0842,0.5,0.2222,0.2222,
29200,광주 광산구,202611,-340.0,-2185.6,-0.0842,0.5,0.2222,0.2222,
29200,광주 광산구,202612,-375.6,-2185.6,-0.0842,0.5,0.2222,0.2222,
30110,대전 동구,202609,413.4,-994.2,-0.0437,0.5,0.4,0.4,
30110,대전 동구,202610,141.6,-994.2,-0.0437,0.5,0.4,0.4,
30110,대전 동구,202611,-109.0,-994.2,-0.0437,0.5,0.4,0.4,
30110,대전 동구,202612,-309.2,-994.2,-0.0437,0.5,0.4,0.4,
30140,대전 중구,202609,204.8,-2719.0,-0.1281,0.5,0.1,0.1,
30140,대전 중구,202610,200.6,-2719.0,-0.1281,0.5,0.1,0.1,
30140,대전 중구,202611,-11.3,-2719.0,-0.1281,0.5,0.1,0.1,
30140,대전 중구,202612,-15.0,-2719.0,-0.1281,0.5,0.1,0.1,
30170,대전 서구,202609,463.1,-3525.4,-0.0678,0.5,0.2,0.2,
30170,대전 서구,202610,262.6,-3525.4,-0.0678,0.5,0.2,0.2,
30170,대전 서구,202611,383.3,-3525.4,-0.0678,0.5,0.2,0.2,
30170,대전 서구,202612,192.6,-3525.4,-0.0678,0.5,0.2,0.2,
30200,대전 유성구,202609,-129.0,7526.3,0.2172,0.5,0.9,0.9,
30200,대전 유성구,202610,-239.7,7526.3,0.2172,0.5,0.9,0.9,
30200,대전 유성구,202611,206.4,7526.3,0.2172,0.5,0.9,0.9,
30200,대전 유성구,202612,-44.4,7526.3,0.2172,0.5,0.9,0.9,
30230,대전 대덕구,202609,-218.8,-301.2,-0.0237,0.5,0.4,0.4,
30230,대전 대덕구,202610,-212.1,-301.2,-0.0237,0.5,0.4,0.4,
30230,대전 대덕구,202611,-248.4,-301.2,-0.0237,0.5,0.4,0.4,
30230,대전 대덕구,202612,-161.9,-301.2,-0.0237,0.5,0.4,0.4,
31110,울산 중구,202609,-254.6,903.6,0.0646,0.5,0.9,0.9,
31110,울산 중구,202610,170.5,903.6,0.0646,0.5,0.9,0.9,
31110,울산 중구,202611,142.9,903.6,0.0646,0.5,0.9,0.9,
31110,울산 중구,202612,-102.2,903.6,0.0646,0.5,0.9,0.9,
31140,울산 남구,202609,61.0,933.2,0.0365,0.5,0.6,0.6,
31140,울산 남구,202610,-90.5,933.2,0.0365,0.5,0.6,0.6,
31140,울산 남구,202611,-79.3,933.2,0.0365,0.5,0.6,0.6,
31140,울산 남구,202612,-28.1,933.2,0.0365,0.5,0.6,0.6,
31170,울산 동구,202609,-90.6,-662.0,-0.0712,0.5,0.2,0.2,
31170,울산 동구,202610,-61.2,-662.0,-0.0712,0.5,0.2,0.2,
31170,울산 동구,202611,-81.4,-662.0,-0.0712,0.5,0.2,0.2,
31170,울산 동구,202612,-183.8,-662.0,-0.0712,0.5,0.2,0.2,
31200,울산 북구,202609,-180.8,-969.0,-0.0717,0.5,0.3,0.3,
31200,울산 북구,202610,-228.2,-969.0,-0.0717,0.5,0.3,0.3,
31200,울산 북구,202611,-108.9,-969.0,-0.0717,0.5,0.3,0.3,
31200,울산 북구,202612,68.0,-969.0,-0.0717,0.5,0.3,0.3,
31710,울산 울주군,202609,82.1,-1168.9,-0.0782,0.5,0.1,0.1,
31710,울산 울주군,202610,98.7,-1168.9,-0.0782,0.5,0.1,0.1,
31710,울산 울주군,202611,122.4,-1168.9,-0.0782,0.5,0.1,0.1,
31710,울산 울주군,202612,21.9,-1168.9,-0.0782,0.5,0.1,0.1,
36110,세종 세종특별자치시,202609,-88.6,-2503.2,-0.0661,0.5,0.1,0.1,
36110,세종 세종특별자치시,202610,-15.3,-2503.2,-0.0661,0.5,0.1,0.1,
36110,세종 세종특별자치시,202611,-6.6,-2503.2,-0.0661,0.5,0.1,0.1,
36110,세종 세종특별자치시,202612,-100.7,-2503.2,-0.0661,0.5,0.1,0.1,
41110,경기 수원시,202609,-417.9,2760.2,0.028,0.5,0.9,0.9,
41110,경기 수원시,202610,-526.5,2760.2,0.028,0.5,0.9,0.9,
41110,경기 수원시,202611,-713.0,2760.2,0.028,0.5,0.9,0.9,
41110,경기 수원시,202612,-903.5,2760.2,0.028,0.5,0.9,0.9,
41130,경기 성남시,202609,-837.2,-575.6,-0.0081,0.5,0.4,0.4,
41130,경기 성남시,202610,-459.3,-575.6,-0.0081,0.5,0.4,0.4,
41130,경기 성남시,202611,-137.5,-575.6,-0.0081,0.5,0.4,0.4,
41130,경기 성남시,202612,161.3,-575.6,-0.0081,0.5,0.4,0.4,
41150,경기 의정부시,202609,168.5,285.8,0.0082,0.5,0.6,0.6,
41150,경기 의정부시,202610,213.0,285.8,0.0082,0.5,0.6,0.6,
41150,경기 의정부시,202611,192.6,285.8,0.0082,0.5,0.6,0.6,
41150,경기 의정부시,202612,61.7,285.8,0.0082,0.5,0.6,0.6,
41170,경기 안양시,202609,314.2,-6539.8,-0.1257,0.5,0.1,0.1,
41170,경기 안양시,202610,315.1,-6539.8,-0.1257,0.5,0.1,0.1,
41170,경기 안양시,202611,303.2,-6539.8,-0.1257,0.5,0.1,0.1,
41170,경기 안양시,202612,943.7,-6539.8,-0.1257,0.5,0.1,0.1,
41190,경기 부천시,202609,-854.0,2146.6,0.0425,0.5,0.9,0.9,
41190,경기 부천시,202610,-899.7,2146.6,0.0425,0.5,0.9,0.9,
41190,경기 부천시,202611,-938.5,2146.6,0.0425,0.5,0.9,0.9,
41190,경기 부천시,202612,-866.2,2146.6,0.0425,0.5,0.9,0.9,
41210,경기 광명시,202609,847.3,-869.3,-0.0246,0.5,0.4,0.4,
41210,경기 광명시,202610,1141.4,-869.3,-0.0246,0.5,0.4,0.4,
41210,경기 광명시,202611,1821.8,-869.3,-0.0246,0.5,0.4,0.4,
41210,경기 광명시,202612,1834.2,-869.3,-0.0246,0.5,0.4,0.4,
41220,경기 평택시,202609,1025.9,4250.6,0.0658,0.5,0.9,0.9,
41220,경기 평택시,202610,952.4,4250.6,0.0658,0.5,0.9,0.9,
41220,경기 평택시,202611,919.2,4250.6,0.0658,0.5,0.9,0.9,
41220,경기 평택시,202612,997.1,4250.6,0.0658,0.5,0.9,0.9,
41250,경기 동두천시,202609,46.9,-21.1,-0.0028,0.5,0.4,0.4,
41250,경기 동두천시,202610,10.6,-21.1,-0.0028,0.5,0.4,0.4,
41250,경기 동두천시,202611,67.7,-21.1,-0.0028,0.5,0.4,0.4,
41250,경기 동두천시,202612,45.7,-21.1,-0.0028,0.5,0.4,0.4,
41270,경기 안산시,202609,-564.0,851.8,0.0195,0.5,0.6,0.6,
41270,경기 안산시,202610,-742.5,851.8,0.0195,0.5,0.6,0.6,
41270,경기 안산시,202611,-781.2,851.8,0.0195,0.5,0.6,0.6,
41270,경기 안산시,202612,-929.6,851.8,0.0195,0.5,0.6,0.6,
41280,경기 고양시,202609,-784.5,2976.6,0.0378,0.5,0.8,0.8,
41280,경기 고양시,202610,-712.6,2976.6,0.0378,0.5,0.8,0.8,
41280,경기 고양시,202611,-746.0,2976.6,0.0378,0.5,0.8,0.8,
41280,경기 고양시,202612,-464.2,2976.6,0.0378,0.5,0.8,0.8,
41290,경기 과천시,202609,-653.0,4351.8,0.5221,0.5,0.9,0.9,
41290,경기 과천시,202610,-683.2,4351.8,0.5221,0.5,0.9,0.9,
41290,경기 과천시,202611,-687.4,4351.8,0.5221,0.5,0.9,0.9,
41290,경기 과천시,202612,-408.7,4351.8,0.5221,0.5,0.9,0.9,
41310,경기 구리시,202609,-69.0,2349.7,0.1779,0.5,0.8,0.8,
41310,경기 구리시,202610,-56.7,2349.7,0.1779,0.5,0.8,0.8,
41310,경기 구리시,202611,-35.1,2349.7,0.1779,0.5,0.8,0.8,
41310,경기 구리시,202612,2.4,2349.7,0.1779,0.5,0.8,0.8,
41360,경기 남양주시,202609,-259.7,-1035.8,-0.0237,0.5,0.2,0.2,
41360,경기 남양주시,202610,-130.0,-1035.8,-0.0237,0.5,0.2,0.2,
41360,경기 남양주시,202611,-106.7,-1035.8,-0.0237,0.5,0.2,0.2,
41360,경기 남양주시,202612,10.7,-1035.8,-0.0237,0.5,0.2,0.2,
41370,경기 오산시,202609,339.6,324.3,0.0129,0.5,0.5,0.5,
41370,경기 오산시,202610,429.5,324.3,0.0129,0.5,0.5,0.5,
41370,경기 오산시,202611,674.4,324.3,0.0129,0.5,0.5,0.5,
41370,경기 오산시,202612,552.8,324.3,0.0129,0.5,0.5,0.5,
41390,경기 시흥시,202609,-413.7,1975.4,0.0564,0.5,0.6,0.6,
41390,경기 시흥시,202610,-337.5,1975.4,0.0564,0.5,0.6,0.6,
41390,경기 시흥시,202611,-204.5,1975.4,0.0564,0.5,0.6,0.6,
41390,경기 시흥시,202612,-427.9,1975.4,0.0564,0.5,0.6,0.6,
41410,경기 군포시,202609,-329.2,603.1,0.0367,0.5,0.6,0.6,
41410,경기 군포시,202610,-397.3,603.1,0.0367,0.5,0.6,0.6,
41410,경기 군포시,202611,-325.0,603.1,0.0367,0.5,0.6,0.6,
41410,경기 군포시,202612,-439.3,603.1,0.0367,0.5,0.6,0.6,
41430,경기 의왕시,202609,718.2,2766.9,0.1872,0.5,0.8,0.8,
41430,경기 의왕시,202610,606.2,2766.9,0.1872,0.5,0.8,0.8,
41430,경기 의왕시,202611,774.1,2766.9,0.1872,0.5,0.8,0.8,
41430,경기 의왕시,202612,497.5,2766.9,0.1872,0.5,0.8,0.8,
41450,경기 하남시,202609,-162.9,160.3,0.0062,0.5,0.5,0.5,
41450,경기 하남시,202610,-130.0,160.3,0.0062,0.5,0.5,0.5,
41450,경기 하남시,202611,-13.0,160.3,0.0062,0.5,0.5,0.5,
41450,경기 하남시,202612,-163.8,160.3,0.0062,0.5,0.5,0.5,
41460,경기 용인시,202609,-350.8,-6825.4,-0.0729,0.5,0.1,0.1,
41460,경기 용인시,202610,-336.4,-6825.4,-0.0729,0.5,0.1,0.1,
41460,경기 용인시,202611,-622.4,-6825.4,-0.0729,0.5,0.1,0.1,
41460,경기 용인시,202612,56.2,-6825.4,-0.0729,0.5,0.1,0.1,
41480,경기 파주시,202609,1517.9,-113.2,-0.0024,0.5,0.3,0.3,
41480,경기 파주시,202610,1292.9,-113.2,-0.0024,0.5,0.3,0.3,
41480,경기 파주시,202611,1254.1,-113.2,-0.0024,0.5,0.3,0.3,
41480,경기 파주시,202612,1118.9,-113.2,-0.0024,0.5,0.3,0.3,
41500,경기 이천시,202609,-121.9,1982.3,0.0971,0.5,0.8,0.8,
41500,경기 이천시,202610,13.8,1982.3,0.0971,0.5,0.8,0.8,
41500,경기 이천시,202611,-673.9,1982.3,0.0971,0.5,0.8,0.8,
41500,경기 이천시,202612,-440.6,1982.3,0.0971,0.5,0.8,0.8,
41550,경기 안성시,202609,38.7,229.3,0.0128,0.5,0.5,0.5,
41550,경기 안성시,202610,56.2,229.3,0.0128,0.5,0.5,0.5,
41550,경기 안성시,202611,-11.9,229.3,0.0128,0.5,0.5,0.5,
41550,경기 안성시,202612,76.3,229.3,0.0128,0.5,0.5,0.5,
41570,경기 김포시,202609,-329.9,132.9,0.004,0.5,0.6,0.6,
41570,경기 김포시,202610,-156.9,132.9,0.004,0.5,0.6,0.6,
41570,경기 김포시,202611,-78.1,132.9,0.004,0.5,0.6,0.6,
41570,경기 김포시,202612,-210.1,132.9,0.004,0.5,0.6,0.6,
41590,경기 화성시,202609,1655.7,-3623.6,-0.0412,0.5,0.2,0.2,
41590,경기 화성시,202610,1833.5,-3623.6,-0.0412,0.5,0.2,0.2,
41590,경기 화성시,202611,1544.0,-3623.6,-0.0412,0.5,0.2,0.2,
41590,경기 화성시,202612,1486.3,-3623.6,-0.0412,0.5,0.2,0.2,
41610,경기 광주시,202609,78.7,3557.9,0.1338,0.5,0.8,0.8,
41610,경기 광주시,202610,-2.0,3557.9,0.1338,0.5,0.8,0.8,
41610,경기 광주시,202611,-185.7,3557.9,0.1338,0.5,0.8,0.8,
41610,경기 광주시,202612,-172.1,3557.9,0.1338,0.5,0.8,0.8,
41630,경기 양주시,202609,505.6,-3859.1,-0.1506,0.5,0.1,0.1,
41630,경기 양주시,202610,367.8,-3859.1,-0.1506,0.5,0.1,0.1,
41630,경기 양주시,202611,573.0,-3859.1,-0.1506,0.5,0.1,0.1,
41630,경기 양주시,202612,642.4,-3859.1,-0.1506,0.5,0.1,0.1,
41650,경기 포천시,202609,-7.1,611.9,0.0576,0.5,0.8,0.8,
41650,경기 포천시,202610,-7.2,611.9,0.0576,0.5,0.8,0.8,
41650,경기 포천시,202611,36.4,611.9,0.0576,0.5,0.8,0.8,
41650,경기 포천시,202612,2.7,611.9,0.0576,0.5,0.8,0.8,
41670,경기 여주시,202609,-9.0,-301.4,-0.0372,0.5,0.3,0.3,
41670,경기 여주시,202610,59.4,-301.4,-0.0372,0.5,0.3,0.3,
41670,경기 여주시,202611,-30.4,-301.4,-0.0372,0.5,0.3,0.3,
41670,경기 여주시,202612,-40.4,-301.4,-0.0372,0.5,0.3,0.3,
41800,경기 연천군,202609,90.8,-52.7,-0.0124,0.5,0.5,0.4,"기본소득 첫 10개 군. 예측 기준(2025년 연간)에 발표 직후(2025.10~12) 급증 약 1만 3,600명이 섞여 예측이 높게 잡힘 → 9~12월도 예측보다 낮을 것"
41800,경기 연천군,202610,177.8,-52.7,-0.0124,0.5,0.5,0.4,"기본소득 첫 10개 군. 예측 기준(2025년 연간)에 발표 직후(2025.10~12) 급증 약 1만 3,600명이 섞여 예측이 높게 잡힘 → 9~12월도 예측보다 낮을 것"
41800,경기 연천군,202611,238.1,-52.7,-0.0124,0.5,0.5,0.4,"기본소득 첫 10개 군. 예측 기준(2025년 연간)에 발표 직후(2025.10~12) 급증 약 1만 3,600명이 섞여 예측이 높게 잡힘 → 9~12월도 예측보다 낮을 것"
41800,경기 연천군,202612,248.5,-52.7,-0.0124,0.5,0.5,0.4,"기본소득 첫 10개 군. 예측 기준(2025년 연간)에 발표 직후(2025.10~12) 급증 약 1만 3,600명이 섞여 예측이 높게 잡힘 → 9~12월도 예측보다 낮을 것"
41820,경기 가평군,202609,11.2,217.1,0.0533,0.5,0.7,0.7,
41820,경기 가평군,202610,10.3,217.1,0.0533,0.5,0.7,0.7,
41820,경기 가평군,202611,-6.6,217.1,0.0533,0.5,0.7,0.7,
41820,경기 가평군,202612,21.3,217.1,0.0533,0.5,0.7,0.7,
41830,경기 양평군,202609,-10.2,-340.8,-0.0347,0.5,0.5,0.5,
41830,경기 양평군,202610,103.0,-340.8,-0.0347,0.5,0.5,0.5,
41830,경기 양평군,202611,-99.8,-340.8,-0.0347,0.5,0.5,0.5,
41830,경기 양평군,202612,-67.8,-340.8,-0.0347,0.5,0.5,0.5,
43110,충북 청주시,202609,387.6,2078.4,0.0276,0.5,0.6,0.6,
43110,충북 청주시,202610,178.7,2078.4,0.0276,0.5,0.6,0.6,
43110,충북 청주시,202611,118.6,2078.4,0.0276,0.5,0.6,0.6,
43110,충북 청주시,202612,-470.6,2078.4,0.0276,0.5,0.6,0.6,
43130,충북 충주시,202609,90.3,-491.6,-0.0277,0.5,0.4,0.4,
43130,충북 충주시,202610,61.8,-491.6,-0.0277,0.5,0.4,0.4,
43130,충북 충주시,202611,37.1,-491.6,-0.0277,0.5,0.4,0.4,
43130,충북 충주시,202612,-27.8,-491.6,-0.0277,0.5,0.4,0.4,
43150,충북 제천시,202609,-14.4,-10.8,-0.0009,0.5,0.6,0.6,
43150,충북 제천시,202610,71.6,-10.8,-0.0009,0.5,0.6,0.6,
43150,충북 제천시,202611,-7.4,-10.8,-0.0009,0.5,0.6,0.6,
43150,충북 제천시,202612,-100.5,-10.8,-0.0009,0.5,0.6,0.6,
43720,충북 보은군,202609,12.1,999.4,0.5558,0.5,0.8,0.9,"기본소득 추가 선정(2026.06 발표, 8월 첫 지급). 첫 10개 군은 발표 뒤에도 순유입이 예년보다 높게 유지됐고, 이 7개 군의 예측 기준(2025년)에는 급증이 없음 → 9~12월도 예측보다 높을 것"
43720,충북 보은군,202610,20.4,999.4,0.5558,0.5,0.8,0.9,"기본소득 추가 선정(2026.06 발표, 8월 첫 지급). 첫 10개 군은 발표 뒤에도 순유입이 예년보다 높게 유지됐고, 이 7개 군의 예측 기준(2025년)에는 급증이 없음 → 9~12월도 예측보다 높을 것"
43720,충북 보은군,202611,44.7,999.4,0.5558,0.5,0.8,0.9,"기본소득 추가 선정(2026.06 발표, 8월 첫 지급). 첫 10개 군은 발표 뒤에도 순유입이 예년보다 높게 유지됐고, 이 7개 군의 예측 기준(2025년)에는 급증이 없음 → 9~12월도 예측보다 높을 것"
43720,충북 보은군,202612,104.2,999.4,0.5558,0.5,0.8,0.9,"기본소득 추가 선정(2026.06 발표, 8월 첫 지급). 첫 10개 군은 발표 뒤에도 순유입이 예년보다 높게 유지됐고, 이 7개 군의 예측 기준(2025년)에는 급증이 없음 → 9~12월도 예측보다 높을 것"
43730,충북 옥천군,202609,91.8,257.6,0.0727,0.5,0.5,0.4,"기본소득 첫 10개 군. 예측 기준(2025년 연간)에 발표 직후(2025.10~12) 급증 약 1만 3,600명이 섞여 예측이 높게 잡힘 → 9~12월도 예측보다 낮을 것"
43730,충북 옥천군,202610,104.6,257.6,0.0727,0.5,0.5,0.4,"기본소득 첫 10개 군. 예측 기준(2025년 연간)에 발표 직후(2025.10~12) 급증 약 1만 3,600명이 섞여 예측이 높게 잡힘 → 9~12월도 예측보다 낮을 것"
43730,충북 옥천군,202611,154.1,257.6,0.0727,0.5,0.5,0.4,"기본소득 첫 10개 군. 예측 기준(2025년 연간)에 발표 직후(2025.10~12) 급증 약 1만 3,600명이 섞여 예측이 높게 잡힘 → 9~12월도 예측보다 낮을 것"
43730,충북 옥천군,202612,364.2,257.6,0.0727,0.5,0.5,0.4,"기본소득 첫 10개 군. 예측 기준(2025년 연간)에 발표 직후(2025.10~12) 급증 약 1만 3,600명이 섞여 예측이 높게 잡힘 → 9~12월도 예측보다 낮을 것"
43740,충북 영동군,202609,-1.7,478.9,0.198,0.5,0.8,0.8,
43740,충북 영동군,202610,17.9,478.9,0.198,0.5,0.8,0.8,
43740,충북 영동군,202611,15.9,478.9,0.198,0.5,0.8,0.8,
43740,충북 영동군,202612,82.8,478.9,0.198,0.5,0.8,0.8,
43745,충북 증평군,202609,-10.6,374.4,0.1662,0.5,0.7,0.7,
43745,충북 증평군,202610,-20.3,374.4,0.1662,0.5,0.7,0.7,
43745,충북 증평군,202611,-19.9,374.4,0.1662,0.5,0.7,0.7,
43745,충북 증평군,202612,-104.8,374.4,0.1662,0.5,0.7,0.7,
43750,충북 진천군,202609,11.9,-886.7,-0.1326,0.5,0.4,0.4,
43750,충북 진천군,202610,51.8,-886.7,-0.1326,0.5,0.4,0.4,
43750,충북 진천군,202611,-39.3,-886.7,-0.1326,0.5,0.4,0.4,
43750,충북 진천군,202612,214.0,-886.7,-0.1326,0.5,0.4,0.4,
43760,충북 괴산군,202609,99.6,-1649.7,-0.5125,0.5,0.1,0.1,
43760,충북 괴산군,202610,176.8,-1649.7,-0.5125,0.5,0.1,0.1,
43760,충북 괴산군,202611,234.7,-1649.7,-0.5125,0.5,0.1,0.1,
43760,충북 괴산군,202612,1117.2,-1649.7,-0.5125,0.5,0.1,0.1,
43770,충북 음성군,202609,206.8,-22.2,-0.0024,0.5,0.5,0.5,
43770,충북 음성군,202610,283.6,-22.2,-0.0024,0.5,0.5,0.5,
43770,충북 음성군,202611,493.8,-22.2,-0.0024,0.5,0.5,0.5,
43770,충북 음성군,202612,518.6,-22.2,-0.0024,0.5,0.5,0.5,
43800,충북 단양군,202609,-20.4,23.1,0.0171,0.5,0.5,0.5,
43800,충북 단양군,202610,1.4,23.1,0.0171,0.5,0.5,0.5,
43800,충북 단양군,202611,-12.6,23.1,0.0171,0.5,0.5,0.5,
43800,충북 단양군,202612,-15.4,23.1,0.0171,0.5,0.5,0.5,
44130,충남 천안시,202609,365.3,-1179.3,-0.018,0.5,0.2,0.2,
44130,충남 천안시,202610,474.9,-1179.3,-0.018,0.5,0.2,0.2,
44130,충남 천안시,202611,350.7,-1179.3,-0.018,0.5,0.2,0.2,
44130,충남 천안시,202612,124.8,-1179.3,-0.018,0.5,0.2,0.2,
44150,충남 공주시,202609,-13.0,293.7,0.0397,0.5,0.7,0.7,
44150,충남 공주시,202610,-35.2,293.7,0.0397,0.5,0.7,0.7,
44150,충남 공주시,202611,-62.0,293.7,0.0397,0.5,0.7,0.7,
44150,충남 공주시,202612,-81.2,293.7,0.0397,0.5,0.7,0.7,
44180,충남 보령시,202609,-61.7,121.5,0.0202,0.5,0.7,0.7,
44180,충남 보령시,202610,-56.7,121.5,0.0202,0.5,0.7,0.7,
44180,충남 보령시,202611,-41.6,121.5,0.0202,0.5,0.7,0.7,
44180,충남 보령시,202612,-36.6,121.5,0.0202,0.5,0.7,0.7,
44200,충남 아산시,202609,267.9,2921.9,0.0961,0.5,0.9,0.9,
44200,충남 아산시,202610,330.6,2921.9,0.0961,0.5,0.9,0.9,
44200,충남 아산시,202611,419.0,2921.9,0.0961,0.5,0.9,0.9,
44200,충남 아산시,202612,322.5,2921.9,0.0961,0.5,0.9,0.9,
44210,충남 서산시,202609,-114.4,-430.9,-0.0348,0.5,0.4,0.4,
44210,충남 서산시,202610,-104.0,-430.9,-0.0348,0.5,0.4,0.4,
44210,충남 서산시,202611,-82.9,-430.9,-0.0348,0.5,0.4,0.4,
44210,충남 서산시,202612,-119.6,-430.9,-0.0348,0.5,0.4,0.4,
44230,충남 논산시,202609,-74.6,13.8,0.0018,0.5,0.4,0.4,
44230,충남 논산시,202610,-25.7,13.8,0.0018,0.5,0.4,0.4,
44230,충남 논산시,202611,-0.8,13.8,0.0018,0.5,0.4,0.4,
44230,충남 논산시,202612,-67.1,13.8,0.0018,0.5,0.4,0.4,
44250,충남 계룡시,202609,-5.4,615.1,0.1255,0.5,0.9,0.9,
44250,충남 계룡시,202610,-43.3,615.1,0.1255,0.5,0.9,0.9,
44250,충남 계룡시,202611,-29.8,615.1,0.1255,0.5,0.9,0.9,
44250,충남 계룡시,202612,-84.5,615.1,0.1255,0.5,0.9,0.9,
44270,충남 당진시,202609,83.3,-506.2,-0.036,0.5,0.1,0.1,
44270,충남 당진시,202610,173.4,-506.2,-0.036,0.5,0.1,0.1,
44270,충남 당진시,202611,154.4,-506.2,-0.036,0.5,0.1,0.1,
44270,충남 당진시,202612,103.7,-506.2,-0.036,0.5,0.1,0.1,
44710,충남 금산군,202609,-48.5,312.0,0.1125,0.5,0.6,0.6,
44710,충남 금산군,202610,-13.9,312.0,0.1125,0.5,0.6,0.6,
44710,충남 금산군,202611,1.5,312.0,0.1125,0.5,0.6,0.6,
44710,충남 금산군,202612,-3.1,312.0,0.1125,0.5,0.6,0.6,
44760,충남 부여군,202609,-34.1,-15.4,-0.0056,0.5,0.5,0.5,
44760,충남 부여군,202610,-19.2,-15.4,-0.0056,0.5,0.5,0.5,
44760,충남 부여군,202611,19.2,-15.4,-0.0056,0.5,0.5,0.5,
44760,충남 부여군,202612,-0.3,-15.4,-0.0056,0.5,0.5,0.5,
44770,충남 서천군,202609,-29.2,21.0,0.0088,0.5,0.6,0.6,
44770,충남 서천군,202610,-27.1,21.0,0.0088,0.5,0.6,0.6,
44770,충남 서천군,202611,-20.1,21.0,0.0088,0.5,0.6,0.6,
44770,충남 서천군,202612,10.2,21.0,0.0088,0.5,0.6,0.6,
44790,충남 청양군,202609,-6.5,9.8,0.0045,0.5,0.5,0.4,"기본소득 첫 10개 군. 예측 기준(2025년 연간)에 발표 직후(2025.10~12) 급증 약 1만 3,600명이 섞여 예측이 높게 잡힘 → 9~12월도 예측보다 낮을 것"
44790,충남 청양군,202610,129.5,9.8,0.0045,0.5,0.5,0.4,"기본소득 첫 10개 군. 예측 기준(2025년 연간)에 발표 직후(2025.10~12) 급증 약 1만 3,600명이 섞여 예측이 높게 잡힘 → 9~12월도 예측보다 낮을 것"
44790,충남 청양군,202611,186.8,9.8,0.0045,0.5,0.5,0.4,"기본소득 첫 10개 군. 예측 기준(2025년 연간)에 발표 직후(2025.10~12) 급증 약 1만 3,600명이 섞여 예측이 높게 잡힘 → 9~12월도 예측보다 낮을 것"
44790,충남 청양군,202612,150.1,9.8,0.0045,0.5,0.5,0.4,"기본소득 첫 10개 군. 예측 기준(2025년 연간)에 발표 직후(2025.10~12) 급증 약 1만 3,600명이 섞여 예측이 높게 잡힘 → 9~12월도 예측보다 낮을 것"
44800,충남 홍성군,202609,174.3,407.1,0.0515,0.5,0.7,0.7,
44800,충남 홍성군,202610,173.0,407.1,0.0515,0.5,0.7,0.7,
44800,충남 홍성군,202611,194.1,407.1,0.0515,0.5,0.7,0.7,
44800,충남 홍성군,202612,232.7,407.1,0.0515,0.5,0.7,0.7,
44810,충남 예산군,202609,30.6,-736.6,-0.1366,0.5,0.2,0.2,
44810,충남 예산군,202610,144.4,-736.6,-0.1366,0.5,0.2,0.2,
44810,충남 예산군,202611,69.4,-736.6,-0.1366,0.5,0.2,0.2,
44810,충남 예산군,202612,81.0,-736.6,-0.1366,0.5,0.2,0.2,
44825,충남 태안군,202609,-25.7,-193.6,-0.0562,0.5,0.3,0.3,
44825,충남 태안군,202610,2.8,-193.6,-0.0562,0.5,0.3,0.3,
44825,충남 태안군,202611,-34.9,-193.6,-0.0562,0.5,0.3,0.3,
44825,충남 태안군,202612,-1.8,-193.6,-0.0562,0.5,0.3,0.3,
46110,전남 목포시,202609,-453.3,2017.5,0.1423,0.5,0.8889,0.8889,
46110,전남 목포시,202610,-516.8,2017.5,0.1423,0.5,0.8889,0.8889,
46110,전남 목포시,202611,-566.1,2017.5,0.1423,0.5,0.8889,0.8889,
46110,전남 목포시,202612,-536.1,2017.5,0.1423,0.5,0.8889,0.8889,
46130,전남 여수시,202609,-292.7,-172.4,-0.0117,0.5,0.3333,0.3333,
46130,전남 여수시,202610,-255.1,-172.4,-0.0117,0.5,0.3333,0.3333,
46130,전남 여수시,202611,-259.0,-172.4,-0.0117,0.5,0.3333,0.3333,
46130,전남 여수시,202612,-268.8,-172.4,-0.0117,0.5,0.3333,0.3333,
46150,전남 순천시,202609,-59.9,-1052.8,-0.056,0.5,0.3333,0.3333,
46150,전남 순천시,202610,1.0,-1052.8,-0.056,0.5,0.3333,0.3333,
46150,전남 순천시,202611,35.2,-1052.8,-0.056,0.5,0.3333,0.3333,
46150,전남 순천시,202612,-6.5,-1052.8,-0.056,0.5,0.3333,0.3333,
46170,전남 나주시,202609,5.5,-778.2,-0.0782,0.5,0.1111,0.1111,
46170,전남 나주시,202610,5.6,-778.2,-0.0782,0.5,0.1111,0.1111,
46170,전남 나주시,202611,119.2,-778.2,-0.0782,0.5,0.1111,0.1111,
46170,전남 나주시,202612,136.6,-778.2,-0.0782,0.5,0.1111,0.1111,
46230,전남 광양시,202609,-34.9,367.5,0.0423,0.5,0.7778,0.7778,
46230,전남 광양시,202610,41.1,367.5,0.0423,0.5,0.7778,0.7778,
46230,전남 광양시,202611,90.0,367.5,0.0423,0.5,0.7778,0.7778,
46230,전남 광양시,202612,50.9,367.5,0.0423,0.5,0.7778,0.7778,
46710,전남 담양군,202609,-33.0,30.8,0.0126,0.5,0.5556,0.5556,
46710,전남 담양군,202610,-16.0,30.8,0.0126,0.5,0.5556,0.5556,
46710,전남 담양군,202611,-4.4,30.8,0.0126,0.5,0.5556,0.5556,
46710,전남 담양군,202612,41.8,30.8,0.0126,0.5,0.5556,0.5556,
46720,전남 곡성군,202609,65.1,-70.7,-0.0393,0.5,0.4444,0.34440000000000004,"기본소득 첫 10개 군. 예측 기준(2025년 연간)에 발표 직후(2025.10~12) 급증 약 1만 3,600명이 섞여 예측이 높게 잡힘 → 9~12월도 예측보다 낮을 것"
46720,전남 곡성군,202610,78.7,-70.7,-0.0393,0.5,0.4444,0.34440000000000004,"기본소득 첫 10개 군. 예측 기준(2025년 연간)에 발표 직후(2025.10~12) 급증 약 1만 3,600명이 섞여 예측이 높게 잡힘 → 9~12월도 예측보다 낮을 것"
46720,전남 곡성군,202611,91.0,-70.7,-0.0393,0.5,0.4444,0.34440000000000004,"기본소득 첫 10개 군. 예측 기준(2025년 연간)에 발표 직후(2025.10~12) 급증 약 1만 3,600명이 섞여 예측이 높게 잡힘 → 9~12월도 예측보다 낮을 것"
46720,전남 곡성군,202612,206.4,-70.7,-0.0393,0.5,0.4444,0.34440000000000004,"기본소득 첫 10개 군. 예측 기준(2025년 연간)에 발표 직후(2025.10~12) 급증 약 1만 3,600명이 섞여 예측이 높게 잡힘 → 9~12월도 예측보다 낮을 것"
46730,전남 구례군,202609,-4.8,658.6,0.4911,0.5,0.8889,0.98,"기본소득 추가 선정(2026.06 발표, 8월 첫 지급). 첫 10개 군은 발표 뒤에도 순유입이 예년보다 높게 유지됐고, 이 7개 군의 예측 기준(2025년)에는 급증이 없음 → 9~12월도 예측보다 높을 것"
46730,전남 구례군,202610,22.6,658.6,0.4911,0.5,0.8889,0.98,"기본소득 추가 선정(2026.06 발표, 8월 첫 지급). 첫 10개 군은 발표 뒤에도 순유입이 예년보다 높게 유지됐고, 이 7개 군의 예측 기준(2025년)에는 급증이 없음 → 9~12월도 예측보다 높을 것"
46730,전남 구례군,202611,31.1,658.6,0.4911,0.5,0.8889,0.98,"기본소득 추가 선정(2026.06 발표, 8월 첫 지급). 첫 10개 군은 발표 뒤에도 순유입이 예년보다 높게 유지됐고, 이 7개 군의 예측 기준(2025년)에는 급증이 없음 → 9~12월도 예측보다 높을 것"
46730,전남 구례군,202612,33.8,658.6,0.4911,0.5,0.8889,0.98,"기본소득 추가 선정(2026.06 발표, 8월 첫 지급). 첫 10개 군은 발표 뒤에도 순유입이 예년보다 높게 유지됐고, 이 7개 군의 예측 기준(2025년)에는 급증이 없음 → 9~12월도 예측보다 높을 것"
46770,전남 고흥군,202609,4.1,-182.0,-0.0677,0.5,0.3333,0.3333,
46770,전남 고흥군,202610,20.4,-182.0,-0.0677,0.5,0.3333,0.3333,
46770,전남 고흥군,202611,31.5,-182.0,-0.0677,0.5,0.3333,0.3333,
46770,전남 고흥군,202612,28.3,-182.0,-0.0677,0.5,0.3333,0.3333,
46780,전남 보성군,202609,-3.5,745.7,0.4016,0.5,0.4444,0.6444000000000001,"기본소득 추가 선정(2026.06 발표, 8월 첫 지급). 첫 10개 군은 발표 뒤에도 순유입이 예년보다 높게 유지됐고, 이 7개 군의 예측 기준(2025년)에는 급증이 없음 → 9~12월도 예측보다 높을 것. 1~8월 누적은 크게 높지만 몇 달에 몰려 B1이 낮게 잡힘 → 더 크게 올림"
46780,전남 보성군,202610,23.9,745.7,0.4016,0.5,0.4444,0.6444000000000001,"기본소득 추가 선정(2026.06 발표, 8월 첫 지급). 첫 10개 군은 발표 뒤에도 순유입이 예년보다 높게 유지됐고, 이 7개 군의 예측 기준(2025년)에는 급증이 없음 → 9~12월도 예측보다 높을 것. 1~8월 누적은 크게 높지만 몇 달에 몰려 B1이 낮게 잡힘 → 더 크게 올림"
46780,전남 보성군,202611,30.1,745.7,0.4016,0.5,0.4444,0.6444000000000001,"기본소득 추가 선정(2026.06 발표, 8월 첫 지급). 첫 10개 군은 발표 뒤에도 순유입이 예년보다 높게 유지됐고, 이 7개 군의 예측 기준(2025년)에는 급증이 없음 → 9~12월도 예측보다 높을 것. 1~8월 누적은 크게 높지만 몇 달에 몰려 B1이 낮게 잡힘 → 더 크게 올림"
46780,전남 보성군,202612,88.9,745.7,0.4016,0.5,0.4444,0.6444000000000001,"기본소득 추가 선정(2026.06 발표, 8월 첫 지급). 첫 10개 군은 발표 뒤에도 순유입이 예년보다 높게 유지됐고, 이 7개 군의 예측 기준(2025년)에는 급증이 없음 → 9~12월도 예측보다 높을 것. 1~8월 누적은 크게 높지만 몇 달에 몰려 B1이 낮게 잡힘 → 더 크게 올림"
46790,전남 화순군,202609,4.7,-41.9,-0.0152,0.5,0.5556,0.5556,
46790,전남 화순군,202610,-0.7,-41.9,-0.0152,0.5,0.5556,0.5556,
46790,전남 화순군,202611,31.4,-41.9,-0.0152,0.5,0.5556,0.5556,
46790,전남 화순군,202612,-14.5,-41.9,-0.0152,0.5,0.5556,0.5556,
46800,전남 장흥군,202609,18.3,-139.2,-0.0815,0.5,0.3333,0.3333,
46800,전남 장흥군,202610,32.8,-139.2,-0.0815,0.5,0.3333,0.3333,
46800,전남 장흥군,202611,23.7,-139.2,-0.0815,0.5,0.3333,0.3333,
46800,전남 장흥군,202612,38.7,-139.2,-0.0815,0.5,0.3333,0.3333,
46810,전남 강진군,202609,-18.3,61.2,0.0356,0.5,0.6667,0.6667,
46810,전남 강진군,202610,21.3,61.2,0.0356,0.5,0.6667,0.6667,
46810,전남 강진군,202611,18.9,61.2,0.0356,0.5,0.6667,0.6667,
46810,전남 강진군,202612,24.4,61.2,0.0356,0.5,0.6667,0.6667,
46820,전남 해남군,202609,-43.3,257.0,0.0933,0.5,0.8889,0.8889,
46820,전남 해남군,202610,-21.6,257.0,0.0933,0.5,0.8889,0.8889,
46820,전남 해남군,202611,20.9,257.0,0.0933,0.5,0.8889,0.8889,
46820,전남 해남군,202612,19.7,257.0,0.0933,0.5,0.8889,0.8889,
46830,전남 영암군,202609,-76.5,731.6,0.2618,0.5,0.8889,0.8889,
46830,전남 영암군,202610,-79.4,731.6,0.2618,0.5,0.8889,0.8889,
46830,전남 영암군,202611,-58.8,731.6,0.2618,0.5,0.8889,0.8889,
46830,전남 영암군,202612,-67.3,731.6,0.2618,0.5,0.8889,0.8889,
46840,전남 무안군,202609,273.5,-1840.7,-0.2032,0.5,0.1111,0.1111,
46840,전남 무안군,202610,194.8,-1840.7,-0.2032,0.5,0.1111,0.1111,
46840,전남 무안군,202611,177.3,-1840.7,-0.2032,0.5,0.1111,0.1111,
46840,전남 무안군,202612,162.8,-1840.7,-0.2032,0.5,0.1111,0.1111,
46860,전남 함평군,202609,-16.8,427.1,0.298,0.5,0.7778,0.7778,
46860,전남 함평군,202610,1.4,427.1,0.298,0.5,0.7778,0.7778,
46860,전남 함평군,202611,8.7,427.1,0.298,0.5,0.7778,0.7778,
46860,전남 함평군,202612,-3.6,427.1,0.298,0.5,0.7778,0.7778,
46870,전남 영광군,202609,128.7,-540.9,-0.1554,0.5,0.2222,0.2222,
46870,전남 영광군,202610,157.1,-540.9,-0.1554,0.5,0.2222,0.2222,
46870,전남 영광군,202611,117.9,-540.9,-0.1554,0.5,0.2222,0.2222,
46870,전남 영광군,202612,192.9,-540.9,-0.1554,0.5,0.2222,0.2222,
46880,전남 장성군,202609,77.8,-553.6,-0.156,0.5,0.2222,0.2222,
46880,전남 장성군,202610,63.5,-553.6,-0.156,0.5,0.2222,0.2222,
46880,전남 장성군,202611,115.9,-553.6,-0.156,0.5,0.2222,0.2222,
46880,전남 장성군,202612,159.1,-553.6,-0.156,0.5,0.2222,0.2222,
46890,전남 완도군,202609,-48.7,39.8,0.0208,0.5,0.6667,0.6667,
46890,전남 완도군,202610,-32.0,39.8,0.0208,0.5,0.6667,0.6667,
46890,전남 완도군,202611,-30.5,39.8,0.0208,0.5,0.6667,0.6667,
46890,전남 완도군,202612,-17.7,39.8,0.0208,0.5,0.6667,0.6667,
46900,전남 진도군,202609,-29.8,229.2,0.1668,0.5,0.7778,0.7778,
46900,전남 진도군,202610,-16.2,229.2,0.1668,0.5,0.7778,0.7778,
46900,전남 진도군,202611,18.5,229.2,0.1668,0.5,0.7778,0.7778,
46900,전남 진도군,202612,1.7,229.2,0.1668,0.5,0.7778,0.7778,
46910,전남 신안군,202609,161.7,-1784.1,-0.3912,0.5,0.1111,0.02,"기본소득 첫 10개 군. 예측 기준(2025년 연간)에 발표 직후(2025.10~12) 급증 약 1만 3,600명이 섞여 예측이 높게 잡힘 → 9~12월도 예측보다 낮을 것"
46910,전남 신안군,202610,401.4,-1784.1,-0.3912,0.5,0.1111,0.02,"기본소득 첫 10개 군. 예측 기준(2025년 연간)에 발표 직후(2025.10~12) 급증 약 1만 3,600명이 섞여 예측이 높게 잡힘 → 9~12월도 예측보다 낮을 것"
46910,전남 신안군,202611,541.7,-1784.1,-0.3912,0.5,0.1111,0.02,"기본소득 첫 10개 군. 예측 기준(2025년 연간)에 발표 직후(2025.10~12) 급증 약 1만 3,600명이 섞여 예측이 높게 잡힘 → 9~12월도 예측보다 낮을 것"
46910,전남 신안군,202612,391.6,-1784.1,-0.3912,0.5,0.1111,0.02,"기본소득 첫 10개 군. 예측 기준(2025년 연간)에 발표 직후(2025.10~12) 급증 약 1만 3,600명이 섞여 예측이 높게 잡힘 → 9~12월도 예측보다 낮을 것"
47110,경북 포항시,202609,-158.7,251.9,0.007,0.5,0.6,0.6,
47110,경북 포항시,202610,-26.6,251.9,0.007,0.5,0.6,0.6,
47110,경북 포항시,202611,77.2,251.9,0.007,0.5,0.6,0.6,
47110,경북 포항시,202612,73.0,251.9,0.007,0.5,0.6,0.6,
47130,경북 경주시,202609,138.4,-1291.7,-0.0641,0.5,0.2,0.2,
47130,경북 경주시,202610,134.1,-1291.7,-0.0641,0.5,0.2,0.2,
47130,경북 경주시,202611,54.5,-1291.7,-0.0641,0.5,0.2,0.2,
47130,경북 경주시,202612,-33.7,-1291.7,-0.0641,0.5,0.2,0.2,
47150,경북 김천시,202609,-69.6,-365.9,-0.0398,0.5,0.4,0.4,
47150,경북 김천시,202610,-29.6,-365.9,-0.0398,0.5,0.4,0.4,
47150,경북 김천시,202611,-41.6,-365.9,-0.0398,0.5,0.4,0.4,
47150,경북 김천시,202612,-89.2,-365.9,-0.0398,0.5,0.4,0.4,
47170,경북 안동시,202609,32.3,-1192.5,-0.1009,0.5,0.3,0.3,
47170,경북 안동시,202610,53.2,-1192.5,-0.1009,0.5,0.3,0.3,
47170,경북 안동시,202611,28.3,-1192.5,-0.1009,0.5,0.3,0.3,
47170,경북 안동시,202612,-82.3,-1192.5,-0.1009,0.5,0.3,0.3,
47190,경북 구미시,202609,-82.1,-548.5,-0.0168,0.5,0.4,0.4,
47190,경북 구미시,202610,-47.2,-548.5,-0.0168,0.5,0.4,0.4,
47190,경북 구미시,202611,4.4,-548.5,-0.0168,0.5,0.4,0.4,
47190,경북 구미시,202612,75.4,-548.5,-0.0168,0.5,0.4,0.4,
47210,경북 영주시,202609,-122.4,181.8,0.0281,0.5,0.7,0.7,
47210,경북 영주시,202610,-12.9,181.8,0.0281,0.5,0.7,0.7,
47210,경북 영주시,202611,-58.8,181.8,0.0281,0.5,0.7,0.7,
47210,경북 영주시,202612,-33.1,181.8,0.0281,0.5,0.7,0.7,
47230,경북 영천시,202609,-186.0,301.3,0.0489,0.5,0.8,0.8,
47230,경북 영천시,202610,-163.7,301.3,0.0489,0.5,0.8,0.8,
47230,경북 영천시,202611,-152.5,301.3,0.0489,0.5,0.8,0.8,
47230,경북 영천시,202612,-151.6,301.3,0.0489,0.5,0.8,0.8,
47250,경북 상주시,202609,-72.3,215.0,0.0392,0.5,0.6,0.6,
47250,경북 상주시,202610,-82.0,215.0,0.0392,0.5,0.6,0.6,
47250,경북 상주시,202611,-70.3,215.0,0.0392,0.5,0.6,0.6,
47250,경북 상주시,202612,-70.4,215.0,0.0392,0.5,0.6,0.6,
47280,경북 문경시,202609,-93.6,552.6,0.1388,0.5,0.7,0.7,
47280,경북 문경시,202610,-65.0,552.6,0.1388,0.5,0.7,0.7,
47280,경북 문경시,202611,-85.1,552.6,0.1388,0.5,0.7,0.7,
47280,경북 문경시,202612,-113.7,552.6,0.1388,0.5,0.7,0.7,
47290,경북 경산시,202609,-52.8,524.5,0.025,0.5,0.5,0.5,
47290,경북 경산시,202610,-264.9,524.5,0.025,0.5,0.5,0.5,
47290,경북 경산시,202611,-229.2,524.5,0.025,0.5,0.5,0.5,
47290,경북 경산시,202612,-372.5,524.5,0.025,0.5,0.5,0.5,
47730,경북 의성군,202609,-18.1,403.2,0.1624,0.5,0.8,0.8,
47730,경북 의성군,202610,30.3,403.2,0.1624,0.5,0.8,0.8,
47730,경북 의성군,202611,5.1,403.2,0.1624,0.5,0.8,0.8,
47730,경북 의성군,202612,74.8,403.2,0.1624,0.5,0.8,0.8,
47750,경북 청송군,202609,-16.7,1382.3,1.0513,0.5,0.6,0.8,"기본소득 추가 선정(2026.06 발표, 8월 첫 지급). 첫 10개 군은 발표 뒤에도 순유입이 예년보다 높게 유지됐고, 이 7개 군의 예측 기준(2025년)에는 급증이 없음 → 9~12월도 예측보다 높을 것. 1~8월 누적은 크게 높지만 몇 달에 몰려 B1이 낮게 잡힘 → 더 크게 올림"
47750,경북 청송군,202610,-3.6,1382.3,1.0513,0.5,0.6,0.8,"기본소득 추가 선정(2026.06 발표, 8월 첫 지급). 첫 10개 군은 발표 뒤에도 순유입이 예년보다 높게 유지됐고, 이 7개 군의 예측 기준(2025년)에는 급증이 없음 → 9~12월도 예측보다 높을 것. 1~8월 누적은 크게 높지만 몇 달에 몰려 B1이 낮게 잡힘 → 더 크게 올림"
47750,경북 청송군,202611,14.1,1382.3,1.0513,0.5,0.6,0.8,"기본소득 추가 선정(2026.06 발표, 8월 첫 지급). 첫 10개 군은 발표 뒤에도 순유입이 예년보다 높게 유지됐고, 이 7개 군의 예측 기준(2025년)에는 급증이 없음 → 9~12월도 예측보다 높을 것. 1~8월 누적은 크게 높지만 몇 달에 몰려 B1이 낮게 잡힘 → 더 크게 올림"
47750,경북 청송군,202612,8.5,1382.3,1.0513,0.5,0.6,0.8,"기본소득 추가 선정(2026.06 발표, 8월 첫 지급). 첫 10개 군은 발표 뒤에도 순유입이 예년보다 높게 유지됐고, 이 7개 군의 예측 기준(2025년)에는 급증이 없음 → 9~12월도 예측보다 높을 것. 1~8월 누적은 크게 높지만 몇 달에 몰려 B1이 낮게 잡힘 → 더 크게 올림"
47760,경북 영양군,202609,58.9,-295.1,-0.2638,0.5,0.2,0.1,"기본소득 첫 10개 군. 예측 기준(2025년 연간)에 발표 직후(2025.10~12) 급증 약 1만 3,600명이 섞여 예측이 높게 잡힘 → 9~12월도 예측보다 낮을 것"
47760,경북 영양군,202610,116.5,-295.1,-0.2638,0.5,0.2,0.1,"기본소득 첫 10개 군. 예측 기준(2025년 연간)에 발표 직후(2025.10~12) 급증 약 1만 3,600명이 섞여 예측이 높게 잡힘 → 9~12월도 예측보다 낮을 것"
47760,경북 영양군,202611,134.0,-295.1,-0.2638,0.5,0.2,0.1,"기본소득 첫 10개 군. 예측 기준(2025년 연간)에 발표 직후(2025.10~12) 급증 약 1만 3,600명이 섞여 예측이 높게 잡힘 → 9~12월도 예측보다 낮을 것"
47760,경북 영양군,202612,104.5,-295.1,-0.2638,0.5,0.2,0.1,"기본소득 첫 10개 군. 예측 기준(2025년 연간)에 발표 직후(2025.10~12) 급증 약 1만 3,600명이 섞여 예측이 높게 잡힘 → 9~12월도 예측보다 낮을 것"
47770,경북 영덕군,202609,-16.6,128.5,0.0674,0.5,0.6,0.6,
47770,경북 영덕군,202610,17.8,128.5,0.0674,0.5,0.6,0.6,
47770,경북 영덕군,202611,0.4,128.5,0.0674,0.5,0.6,0.6,
47770,경북 영덕군,202612,23.9,128.5,0.0674,0.5,0.6,0.6,
47820,경북 청도군,202609,-5.1,194.5,0.0817,0.5,0.7,0.7,
47820,경북 청도군,202610,30.4,194.5,0.0817,0.5,0.7,0.7,
47820,경북 청도군,202611,35.9,194.5,0.0817,0.5,0.7,0.7,
47820,경북 청도군,202612,44.4,194.5,0.0817,0.5,0.7,0.7,
47830,경북 고령군,202609,-28.5,73.1,0.0446,0.5,0.7,0.7,
47830,경북 고령군,202610,15.4,73.1,0.0446,0.5,0.7,0.7,
47830,경북 고령군,202611,26.3,73.1,0.0446,0.5,0.7,0.7,
47830,경북 고령군,202612,10.9,73.1,0.0446,0.5,0.7,0.7,
47840,경북 성주군,202609,-55.0,57.5,0.0273,0.5,0.5,0.5,
47840,경북 성주군,202610,-16.0,57.5,0.0273,0.5,0.5,0.5,
47840,경북 성주군,202611,-11.5,57.5,0.0273,0.5,0.5,0.5,
47840,경북 성주군,202612,19.1,57.5,0.0273,0.5,0.5,0.5,
47850,경북 칠곡군,202609,-129.0,383.4,0.0664,0.5,0.6,0.6,
47850,경북 칠곡군,202610,-129.5,383.4,0.0664,0.5,0.6,0.6,
47850,경북 칠곡군,202611,-88.6,383.4,0.0664,0.5,0.6,0.6,
47850,경북 칠곡군,202612,-159.5,383.4,0.0664,0.5,0.6,0.6,
47900,경북 예천군,202609,-6.6,-217.3,-0.0679,0.5,0.3,0.3,
47900,경북 예천군,202610,-25.8,-217.3,-0.0679,0.5,0.3,0.3,
47900,경북 예천군,202611,-14.2,-217.3,-0.0679,0.5,0.3,0.3,
47900,경북 예천군,202612,-22.6,-217.3,-0.0679,0.5,0.3,0.3,
47920,경북 봉화군,202609,-18.3,54.8,0.0381,0.5,0.6,0.6,
47920,경북 봉화군,202610,-12.6,54.8,0.0381,0.5,0.6,0.6,
47920,경북 봉화군,202611,7.4,54.8,0.0381,0.5,0.6,0.6,
47920,경북 봉화군,202612,-6.7,54.8,0.0381,0.5,0.6,0.6,
47930,경북 울진군,202609,4.7,570.2,0.1703,0.5,0.7,0.7,
47930,경북 울진군,202610,45.9,570.2,0.1703,0.5,0.7,0.7,
47930,경북 울진군,202611,52.4,570.2,0.1703,0.5,0.7,0.7,
47930,경북 울진군,202612,44.3,570.2,0.1703,0.5,0.7,0.7,
47940,경북 울릉군,202609,-56.8,237.1,0.2324,0.5,0.8,0.8,
47940,경북 울릉군,202610,-42.0,237.1,0.2324,0.5,0.8,0.8,
47940,경북 울릉군,202611,-37.3,237.1,0.2324,0.5,0.8,0.8,
47940,경북 울릉군,202612,-21.8,237.1,0.2324,0.5,0.8,0.8,
48120,경남 창원시,202609,-407.7,-56.9,-0.0008,0.5,0.4,0.4,
48120,경남 창원시,202610,-259.7,-56.9,-0.0008,0.5,0.4,0.4,
48120,경남 창원시,202611,-338.5,-56.9,-0.0008,0.5,0.4,0.4,
48120,경남 창원시,202612,-575.0,-56.9,-0.0008,0.5,0.4,0.4,
48170,경남 진주시,202609,-28.1,-39.0,-0.0014,0.5,0.4,0.4,
48170,경남 진주시,202610,-120.0,-39.0,-0.0014,0.5,0.4,0.4,
48170,경남 진주시,202611,-184.7,-39.0,-0.0014,0.5,0.4,0.4,
48170,경남 진주시,202612,-306.2,-39.0,-0.0014,0.5,0.4,0.4,
48220,경남 통영시,202609,-62.0,636.2,0.0807,0.5,0.7,0.7,
48220,경남 통영시,202610,-61.9,636.2,0.0807,0.5,0.7,0.7,
48220,경남 통영시,202611,-45.0,636.2,0.0807,0.5,0.7,0.7,
48220,경남 통영시,202612,-90.8,636.2,0.0807,0.5,0.7,0.7,
48240,경남 사천시,202609,-12.5,169.0,0.0188,0.5,0.6,0.6,
48240,경남 사천시,202610,46.6,169.0,0.0188,0.5,0.6,0.6,
48240,경남 사천시,202611,27.4,169.0,0.0188,0.5,0.6,0.6,
48240,경남 사천시,202612,16.5,169.0,0.0188,0.5,0.6,0.6,
48250,경남 김해시,202609,172.6,-1220.5,-0.0309,0.5,0.3,0.3,
48250,경남 김해시,202610,279.4,-1220.5,-0.0309,0.5,0.3,0.3,
48250,경남 김해시,202611,157.5,-1220.5,-0.0309,0.5,0.3,0.3,
48250,경남 김해시,202612,105.0,-1220.5,-0.0309,0.5,0.3,0.3,
48270,경남 밀양시,202609,-67.3,42.5,0.0065,0.5,0.5,0.5,
48270,경남 밀양시,202610,21.5,42.5,0.0065,0.5,0.5,0.5,
48270,경남 밀양시,202611,41.6,42.5,0.0065,0.5,0.5,0.5,
48270,경남 밀양시,202612,25.8,42.5,0.0065,0.5,0.5,0.5,
48310,경남 거제시,202609,-73.9,-842.3,-0.0515,0.5,0.2,0.2,
48310,경남 거제시,202610,-12.7,-842.3,-0.0515,0.5,0.2,0.2,
48310,경남 거제시,202611,12.0,-842.3,-0.0515,0.5,0.2,0.2,
48310,경남 거제시,202612,-20.7,-842.3,-0.0515,0.5,0.2,0.2,
48330,경남 양산시,202609,129.4,-1212.6,-0.0508,0.5,0.2,0.2,
48330,경남 양산시,202610,171.7,-1212.6,-0.0508,0.5,0.2,0.2,
48330,경남 양산시,202611,249.6,-1212.6,-0.0508,0.5,0.2,0.2,
48330,경남 양산시,202612,260.7,-1212.6,-0.0508,0.5,0.2,0.2,
48720,경남 의령군,202609,-39.8,225.5,0.1733,0.5,0.8,0.8,
48720,경남 의령군,202610,-2.5,225.5,0.1733,0.5,0.8,0.8,
48720,경남 의령군,202611,-10.0,225.5,0.1733,0.5,0.8,0.8,
48720,경남 의령군,202612,21.8,225.5,0.1733,0.5,0.8,0.8,
48730,경남 함안군,202609,-60.8,-38.9,-0.0121,0.5,0.5,0.5,
48730,경남 함안군,202610,-27.2,-38.9,-0.0121,0.5,0.5,0.5,
48730,경남 함안군,202611,-29.6,-38.9,-0.0121,0.5,0.5,0.5,
48730,경남 함안군,202612,-13.5,-38.9,-0.0121,0.5,0.5,0.5,
48740,경남 창녕군,202609,-59.2,149.2,0.0485,0.5,0.5,0.5,
48740,경남 창녕군,202610,-26.9,149.2,0.0485,0.5,0.5,0.5,
48740,경남 창녕군,202611,3.2,149.2,0.0485,0.5,0.5,0.5,
48740,경남 창녕군,202612,35.1,149.2,0.0485,0.5,0.5,0.5,
48820,경남 고성군,202609,-12.6,367.4,0.157,0.5,0.9,0.9,
48820,경남 고성군,202610,-18.3,367.4,0.157,0.5,0.9,0.9,
48820,경남 고성군,202611,-2.9,367.4,0.157,0.5,0.9,0.9,
48820,경남 고성군,202612,84.1,367.4,0.157,0.5,0.9,0.9,
48840,경남 남해군,202609,76.6,-162.1,-0.0511,0.5,0.4,0.30000000000000004,"기본소득 첫 10개 군. 예측 기준(2025년 연간)에 발표 직후(2025.10~12) 급증 약 1만 3,600명이 섞여 예측이 높게 잡힘 → 9~12월도 예측보다 낮을 것"
48840,경남 남해군,202610,171.8,-162.1,-0.0511,0.5,0.4,0.30000000000000004,"기본소득 첫 10개 군. 예측 기준(2025년 연간)에 발표 직후(2025.10~12) 급증 약 1만 3,600명이 섞여 예측이 높게 잡힘 → 9~12월도 예측보다 낮을 것"
48840,경남 남해군,202611,278.7,-162.1,-0.0511,0.5,0.4,0.30000000000000004,"기본소득 첫 10개 군. 예측 기준(2025년 연간)에 발표 직후(2025.10~12) 급증 약 1만 3,600명이 섞여 예측이 높게 잡힘 → 9~12월도 예측보다 낮을 것"
48840,경남 남해군,202612,172.8,-162.1,-0.0511,0.5,0.4,0.30000000000000004,"기본소득 첫 10개 군. 예측 기준(2025년 연간)에 발표 직후(2025.10~12) 급증 약 1만 3,600명이 섞여 예측이 높게 잡힘 → 9~12월도 예측보다 낮을 것"
48850,경남 하동군,202609,-36.1,115.4,0.0571,0.5,0.6,0.6,
48850,경남 하동군,202610,1.1,115.4,0.0571,0.5,0.6,0.6,
48850,경남 하동군,202611,-1.5,115.4,0.0571,0.5,0.6,0.6,
48850,경남 하동군,202612,-6.0,115.4,0.0571,0.5,0.6,0.6,
48860,경남 산청군,202609,-25.3,180.6,0.0956,0.5,0.7,0.7,
48860,경남 산청군,202610,-7.6,180.6,0.0956,0.5,0.7,0.7,
48860,경남 산청군,202611,7.2,180.6,0.0956,0.5,0.7,0.7,
48860,경남 산청군,202612,10.3,180.6,0.0956,0.5,0.7,0.7,
48870,경남 함양군,202609,-12.1,2.0,0.001,0.5,0.5,0.5,
48870,경남 함양군,202610,1.8,2.0,0.001,0.5,0.5,0.5,
48870,경남 함양군,202611,-4.7,2.0,0.001,0.5,0.5,0.5,
48870,경남 함양군,202612,-7.0,2.0,0.001,0.5,0.5,0.5,
48880,경남 거창군,202609,-19.5,-11.9,-0.0038,0.5,0.6,0.6,
48880,경남 거창군,202610,24.7,-11.9,-0.0038,0.5,0.6,0.6,
48880,경남 거창군,202611,12.2,-11.9,-0.0038,0.5,0.6,0.6,
48880,경남 거창군,202612,-46.3,-11.9,-0.0038,0.5,0.6,0.6,
48890,경남 합천군,202609,-51.9,258.1,0.1309,0.5,0.8,0.8,
48890,경남 합천군,202610,-20.4,258.1,0.1309,0.5,0.8,0.8,
48890,경남 합천군,202611,-9.5,258.1,0.1309,0.5,0.8,0.8,
48890,경남 합천군,202612,-10.1,258.1,0.1309,0.5,0.8,0.8,
50110,제주 제주시,202609,-186.3,1024.4,0.026,0.5,0.8,0.8,
50110,제주 제주시,202610,-122.0,1024.4,0.026,0.5,0.8,0.8,
50110,제주 제주시,202611,-203.0,1024.4,0.026,0.5,0.8,0.8,
50110,제주 제주시,202612,-289.2,1024.4,0.026,0.5,0.8,0.8,
50130,제주 서귀포시,202609,-150.0,528.0,0.0348,0.5,0.7,0.7,
50130,제주 서귀포시,202610,-92.1,528.0,0.0348,0.5,0.7,0.7,
50130,제주 서귀포시,202611,-75.7,528.0,0.0348,0.5,0.7,0.7,
50130,제주 서귀포시,202612,-148.2,528.0,0.0348,0.5,0.7,0.7,
51110,강원 춘천시,202609,47.9,76.3,0.0029,0.5,0.4,0.4,
51110,강원 춘천시,202610,-34.5,76.3,0.0029,0.5,0.4,0.4,
51110,강원 춘천시,202611,72.6,76.3,0.0029,0.5,0.4,0.4,
51110,강원 춘천시,202612,30.3,76.3,0.0029,0.5,0.4,0.4,
51130,강원 원주시,202609,197.5,1356.2,0.0397,0.5,0.8,0.8,
51130,강원 원주시,202610,219.4,1356.2,0.0397,0.5,0.8,0.8,
51130,강원 원주시,202611,191.9,1356.2,0.0397,0.5,0.8,0.8,
51130,강원 원주시,202612,153.4,1356.2,0.0397,0.5,0.8,0.8,
51150,강원 강릉시,202609,110.1,133.4,0.007,0.5,0.4,0.4,
51150,강원 강릉시,202610,-61.8,133.4,0.007,0.5,0.4,0.4,
51150,강원 강릉시,202611,-99.0,133.4,0.007,0.5,0.4,0.4,
51150,강원 강릉시,202612,-40.9,133.4,0.007,0.5,0.4,0.4,
51170,강원 동해시,202609,-64.6,134.2,0.0229,0.5,0.8,0.8,
51170,강원 동해시,202610,-26.3,134.2,0.0229,0.5,0.8,0.8,
51170,강원 동해시,202611,-44.5,134.2,0.0229,0.5,0.8,0.8,
51170,강원 동해시,202612,-31.3,134.2,0.0229,0.5,0.8,0.8,
51190,강원 태백시,202609,-15.1,169.7,0.0745,0.5,0.6,0.6,
51190,강원 태백시,202610,-24.2,169.7,0.0745,0.5,0.6,0.6,
51190,강원 태백시,202611,-27.7,169.7,0.0745,0.5,0.6,0.6,
51190,강원 태백시,202612,-23.3,169.7,0.0745,0.5,0.6,0.6,
51210,강원 속초시,202609,-82.1,38.6,0.006,0.5,0.5,0.5,
51210,강원 속초시,202610,-59.8,38.6,0.006,0.5,0.5,0.5,
51210,강원 속초시,202611,-40.3,38.6,0.006,0.5,0.5,0.5,
51210,강원 속초시,202612,-53.2,38.6,0.006,0.5,0.5,0.5,
51230,강원 삼척시,202609,-7.2,268.3,0.0633,0.5,0.6,0.6,
51230,강원 삼척시,202610,-65.5,268.3,0.0633,0.5,0.6,0.6,
51230,강원 삼척시,202611,-79.2,268.3,0.0633,0.5,0.6,0.6,
51230,강원 삼척시,202612,-160.7,268.3,0.0633,0.5,0.6,0.6,
51720,강원 홍천군,202609,13.0,180.0,0.0485,0.5,0.7,0.7,
51720,강원 홍천군,202610,-14.6,180.0,0.0485,0.5,0.7,0.7,
51720,강원 홍천군,202611,2.6,180.0,0.0485,0.5,0.7,0.7,
51720,강원 홍천군,202612,23.1,180.0,0.0485,0.5,0.7,0.7,
51730,강원 횡성군,202609,-18.0,88.6,0.0341,0.5,0.6,0.6,
51730,강원 횡성군,202610,15.3,88.6,0.0341,0.5,0.6,0.6,
51730,강원 횡성군,202611,-12.8,88.6,0.0341,0.5,0.6,0.6,
51730,강원 횡성군,202612,-22.0,88.6,0.0341,0.5,0.6,0.6,
51750,강원 영월군,202609,-41.1,-66.4,-0.0318,0.5,0.6,0.6,
51750,강원 영월군,202610,-24.4,-66.4,-0.0318,0.5,0.6,0.6,
51750,강원 영월군,202611,-38.7,-66.4,-0.0318,0.5,0.6,0.6,
51750,강원 영월군,202612,-42.2,-66.4,-0.0318,0.5,0.6,0.6,
51760,강원 평창군,202609,-24.5,396.7,0.1772,0.5,0.9,0.9,
51760,강원 평창군,202610,-7.6,396.7,0.1772,0.5,0.9,0.9,
51760,강원 평창군,202611,7.2,396.7,0.1772,0.5,0.9,0.9,
51760,강원 평창군,202612,4.6,396.7,0.1772,0.5,0.9,0.9,
51770,강원 정선군,202609,88.7,-489.6,-0.1764,0.5,0.2,0.1,"기본소득 첫 10개 군. 예측 기준(2025년 연간)에 발표 직후(2025.10~12) 급증 약 1만 3,600명이 섞여 예측이 높게 잡힘 → 9~12월도 예측보다 낮을 것"
51770,강원 정선군,202610,187.2,-489.6,-0.1764,0.5,0.2,0.1,"기본소득 첫 10개 군. 예측 기준(2025년 연간)에 발표 직후(2025.10~12) 급증 약 1만 3,600명이 섞여 예측이 높게 잡힘 → 9~12월도 예측보다 낮을 것"
51770,강원 정선군,202611,314.6,-489.6,-0.1764,0.5,0.2,0.1,"기본소득 첫 10개 군. 예측 기준(2025년 연간)에 발표 직후(2025.10~12) 급증 약 1만 3,600명이 섞여 예측이 높게 잡힘 → 9~12월도 예측보다 낮을 것"
51770,강원 정선군,202612,227.9,-489.6,-0.1764,0.5,0.2,0.1,"기본소득 첫 10개 군. 예측 기준(2025년 연간)에 발표 직후(2025.10~12) 급증 약 1만 3,600명이 섞여 예측이 높게 잡힘 → 9~12월도 예측보다 낮을 것"
51780,강원 철원군,202609,-4.5,-26.3,-0.0104,0.5,0.4,0.4,
51780,강원 철원군,202610,16.0,-26.3,-0.0104,0.5,0.4,0.4,
51780,강원 철원군,202611,2.4,-26.3,-0.0104,0.5,0.4,0.4,
51780,강원 철원군,202612,-1.2,-26.3,-0.0104,0.5,0.4,0.4,
51790,강원 화천군,202609,-25.5,844.8,0.4324,0.5,0.9,0.98,"기본소득 추가 선정(2026.06 발표, 8월 첫 지급). 첫 10개 군은 발표 뒤에도 순유입이 예년보다 높게 유지됐고, 이 7개 군의 예측 기준(2025년)에는 급증이 없음 → 9~12월도 예측보다 높을 것"
51790,강원 화천군,202610,-41.2,844.8,0.4324,0.5,0.9,0.98,"기본소득 추가 선정(2026.06 발표, 8월 첫 지급). 첫 10개 군은 발표 뒤에도 순유입이 예년보다 높게 유지됐고, 이 7개 군의 예측 기준(2025년)에는 급증이 없음 → 9~12월도 예측보다 높을 것"
51790,강원 화천군,202611,-53.7,844.8,0.4324,0.5,0.9,0.98,"기본소득 추가 선정(2026.06 발표, 8월 첫 지급). 첫 10개 군은 발표 뒤에도 순유입이 예년보다 높게 유지됐고, 이 7개 군의 예측 기준(2025년)에는 급증이 없음 → 9~12월도 예측보다 높을 것"
51790,강원 화천군,202612,-41.9,844.8,0.4324,0.5,0.9,0.98,"기본소득 추가 선정(2026.06 발표, 8월 첫 지급). 첫 10개 군은 발표 뒤에도 순유입이 예년보다 높게 유지됐고, 이 7개 군의 예측 기준(2025년)에는 급증이 없음 → 9~12월도 예측보다 높을 것"
51800,강원 양구군,202609,-24.9,57.2,0.0356,0.5,0.7,0.7,
51800,강원 양구군,202610,9.9,57.2,0.0356,0.5,0.7,0.7,
51800,강원 양구군,202611,-28.9,57.2,0.0356,0.5,0.7,0.7,
51800,강원 양구군,202612,-22.8,57.2,0.0356,0.5,0.7,0.7,
51810,강원 인제군,202609,-51.0,271.6,0.1107,0.5,0.8,0.8,
51810,강원 인제군,202610,-62.0,271.6,0.1107,0.5,0.8,0.8,
51810,강원 인제군,202611,-54.2,271.6,0.1107,0.5,0.8,0.8,
51810,강원 인제군,202612,-14.2,271.6,0.1107,0.5,0.8,0.8,
51820,강원 고성군,202609,16.0,464.5,0.2394,0.5,0.8,0.8,
51820,강원 고성군,202610,22.1,464.5,0.2394,0.5,0.8,0.8,
51820,강원 고성군,202611,2.0,464.5,0.2394,0.5,0.8,0.8,
51820,강원 고성군,202612,14.4,464.5,0.2394,0.5,0.8,0.8,
51830,강원 양양군,202609,23.5,136.2,0.0704,0.5,0.6,0.6,
51830,강원 양양군,202610,-0.4,136.2,0.0704,0.5,0.6,0.6,
51830,강원 양양군,202611,-2.1,136.2,0.0704,0.5,0.6,0.6,
51830,강원 양양군,202612,1.2,136.2,0.0704,0.5,0.6,0.6,
52110,전북 전주시,202609,-453.2,-126.7,-0.0026,0.5,0.5,0.5,
52110,전북 전주시,202610,-607.5,-126.7,-0.0026,0.5,0.5,0.5,
52110,전북 전주시,202611,-692.2,-126.7,-0.0026,0.5,0.5,0.5,
52110,전북 전주시,202612,-1121.8,-126.7,-0.0026,0.5,0.5,0.5,
52130,전북 군산시,202609,-15.2,463.7,0.0231,0.5,0.7,0.7,
52130,전북 군산시,202610,21.3,463.7,0.0231,0.5,0.7,0.7,
52130,전북 군산시,202611,65.5,463.7,0.0231,0.5,0.7,0.7,
52130,전북 군산시,202612,-64.0,463.7,0.0231,0.5,0.7,0.7,
52140,전북 익산시,202609,76.9,391.9,0.0162,0.5,0.7,0.7,
52140,전북 익산시,202610,162.8,391.9,0.0162,0.5,0.7,0.7,
52140,전북 익산시,202611,155.4,391.9,0.0162,0.5,0.7,0.7,
52140,전북 익산시,202612,79.9,391.9,0.0162,0.5,0.7,0.7,
52180,전북 정읍시,202609,-11.2,240.2,0.0354,0.5,0.7,0.7,
52180,전북 정읍시,202610,-6.8,240.2,0.0354,0.5,0.7,0.7,
52180,전북 정읍시,202611,33.6,240.2,0.0354,0.5,0.7,0.7,
52180,전북 정읍시,202612,164.7,240.2,0.0354,0.5,0.7,0.7,
52190,전북 남원시,202609,-106.2,111.4,0.0247,0.5,0.4,0.4,
52190,전북 남원시,202610,-27.1,111.4,0.0247,0.5,0.4,0.4,
52190,전북 남원시,202611,-18.6,111.4,0.0247,0.5,0.4,0.4,
52190,전북 남원시,202612,-31.7,111.4,0.0247,0.5,0.4,0.4,
52210,전북 김제시,202609,115.3,-1090.7,-0.1651,0.5,0.1,0.1,
52210,전북 김제시,202610,109.9,-1090.7,-0.1651,0.5,0.1,0.1,
52210,전북 김제시,202611,152.0,-1090.7,-0.1651,0.5,0.1,0.1,
52210,전북 김제시,202612,204.0,-1090.7,-0.1651,0.5,0.1,0.1,
52710,전북 완주군,202609,46.5,-776.7,-0.094,0.5,0.3,0.3,
52710,전북 완주군,202610,55.1,-776.7,-0.094,0.5,0.3,0.3,
52710,전북 완주군,202611,86.1,-776.7,-0.094,0.5,0.3,0.3,
52710,전북 완주군,202612,187.5,-776.7,-0.094,0.5,0.3,0.3,
52720,전북 진안군,202609,0.7,517.7,0.3374,0.5,0.8,0.9,"기본소득 추가 선정(2026.06 발표, 8월 첫 지급). 첫 10개 군은 발표 뒤에도 순유입이 예년보다 높게 유지됐고, 이 7개 군의 예측 기준(2025년)에는 급증이 없음 → 9~12월도 예측보다 높을 것"
52720,전북 진안군,202610,17.8,517.7,0.3374,0.5,0.8,0.9,"기본소득 추가 선정(2026.06 발표, 8월 첫 지급). 첫 10개 군은 발표 뒤에도 순유입이 예년보다 높게 유지됐고, 이 7개 군의 예측 기준(2025년)에는 급증이 없음 → 9~12월도 예측보다 높을 것"
52720,전북 진안군,202611,35.0,517.7,0.3374,0.5,0.8,0.9,"기본소득 추가 선정(2026.06 발표, 8월 첫 지급). 첫 10개 군은 발표 뒤에도 순유입이 예년보다 높게 유지됐고, 이 7개 군의 예측 기준(2025년)에는 급증이 없음 → 9~12월도 예측보다 높을 것"
52720,전북 진안군,202612,46.3,517.7,0.3374,0.5,0.8,0.9,"기본소득 추가 선정(2026.06 발표, 8월 첫 지급). 첫 10개 군은 발표 뒤에도 순유입이 예년보다 높게 유지됐고, 이 7개 군의 예측 기준(2025년)에는 급증이 없음 → 9~12월도 예측보다 높을 것"
52730,전북 무주군,202609,-3.3,836.8,0.7318,0.5,0.9,0.98,"기본소득 추가 선정(2026.06 발표, 8월 첫 지급). 첫 10개 군은 발표 뒤에도 순유입이 예년보다 높게 유지됐고, 이 7개 군의 예측 기준(2025년)에는 급증이 없음 → 9~12월도 예측보다 높을 것"
52730,전북 무주군,202610,12.8,836.8,0.7318,0.5,0.9,0.98,"기본소득 추가 선정(2026.06 발표, 8월 첫 지급). 첫 10개 군은 발표 뒤에도 순유입이 예년보다 높게 유지됐고, 이 7개 군의 예측 기준(2025년)에는 급증이 없음 → 9~12월도 예측보다 높을 것"
52730,전북 무주군,202611,0.6,836.8,0.7318,0.5,0.9,0.98,"기본소득 추가 선정(2026.06 발표, 8월 첫 지급). 첫 10개 군은 발표 뒤에도 순유입이 예년보다 높게 유지됐고, 이 7개 군의 예측 기준(2025년)에는 급증이 없음 → 9~12월도 예측보다 높을 것"
52730,전북 무주군,202612,4.7,836.8,0.7318,0.5,0.9,0.98,"기본소득 추가 선정(2026.06 발표, 8월 첫 지급). 첫 10개 군은 발표 뒤에도 순유입이 예년보다 높게 유지됐고, 이 7개 군의 예측 기준(2025년)에는 급증이 없음 → 9~12월도 예측보다 높을 것"
52740,전북 장수군,202609,40.5,136.6,0.1064,0.5,0.7,0.6,"기본소득 첫 10개 군. 예측 기준(2025년 연간)에 발표 직후(2025.10~12) 급증 약 1만 3,600명이 섞여 예측이 높게 잡힘 → 9~12월도 예측보다 낮을 것"
52740,전북 장수군,202610,35.6,136.6,0.1064,0.5,0.7,0.6,"기본소득 첫 10개 군. 예측 기준(2025년 연간)에 발표 직후(2025.10~12) 급증 약 1만 3,600명이 섞여 예측이 높게 잡힘 → 9~12월도 예측보다 낮을 것"
52740,전북 장수군,202611,38.5,136.6,0.1064,0.5,0.7,0.6,"기본소득 첫 10개 군. 예측 기준(2025년 연간)에 발표 직후(2025.10~12) 급증 약 1만 3,600명이 섞여 예측이 높게 잡힘 → 9~12월도 예측보다 낮을 것"
52740,전북 장수군,202612,147.0,136.6,0.1064,0.5,0.7,0.6,"기본소득 첫 10개 군. 예측 기준(2025년 연간)에 발표 직후(2025.10~12) 급증 약 1만 3,600명이 섞여 예측이 높게 잡힘 → 9~12월도 예측보다 낮을 것"
52750,전북 임실군,202609,-13.8,255.9,0.1707,0.5,0.9,0.9,
52750,전북 임실군,202610,-3.7,255.9,0.1707,0.5,0.9,0.9,
52750,전북 임실군,202611,-2.6,255.9,0.1707,0.5,0.9,0.9,
52750,전북 임실군,202612,45.0,255.9,0.1707,0.5,0.9,0.9,
52770,전북 순창군,202609,61.9,-511.5,-0.2406,0.5,0.2,0.1,"기본소득 첫 10개 군. 예측 기준(2025년 연간)에 발표 직후(2025.10~12) 급증 약 1만 3,600명이 섞여 예측이 높게 잡힘 → 9~12월도 예측보다 낮을 것"
52770,전북 순창군,202610,144.4,-511.5,-0.2406,0.5,0.2,0.1,"기본소득 첫 10개 군. 예측 기준(2025년 연간)에 발표 직후(2025.10~12) 급증 약 1만 3,600명이 섞여 예측이 높게 잡힘 → 9~12월도 예측보다 낮을 것"
52770,전북 순창군,202611,187.9,-511.5,-0.2406,0.5,0.2,0.1,"기본소득 첫 10개 군. 예측 기준(2025년 연간)에 발표 직후(2025.10~12) 급증 약 1만 3,600명이 섞여 예측이 높게 잡힘 → 9~12월도 예측보다 낮을 것"
52770,전북 순창군,202612,150.2,-511.5,-0.2406,0.5,0.2,0.1,"기본소득 첫 10개 군. 예측 기준(2025년 연간)에 발표 직후(2025.10~12) 급증 약 1만 3,600명이 섞여 예측이 높게 잡힘 → 9~12월도 예측보다 낮을 것"
52790,전북 고창군,202609,5.2,25.6,0.0085,0.5,0.5,0.5,
52790,전북 고창군,202610,39.0,25.6,0.0085,0.5,0.5,0.5,
52790,전북 고창군,202611,21.1,25.6,0.0085,0.5,0.5,0.5,
52790,전북 고창군,202612,14.3,25.6,0.0085,0.5,0.5,0.5,
52800,전북 부안군,202609,-29.5,146.4,0.056,0.5,0.7,0.7,
52800,전북 부안군,202610,-17.2,146.4,0.056,0.5,0.7,0.7,
52800,전북 부안군,202611,-11.0,146.4,0.056,0.5,0.7,0.7,
52800,전북 부안군,202612,-10.8,146.4,0.056,0.5,0.7,0.7,
