made_on,country,indicator,sex,age_band,origin,year,model,forecast,lo,hi,level,k,last_value,resolves
2026-10-04,JP,first_marriage_age,F,all,2024,2025,ensemble,29.81,29.7,29.93,0.8,1.05,29.8,2026-09
2026-10-04,JP,first_marriage_age,M,all,2024,2025,ensemble,31.07,30.95,31.19,0.8,1.05,31.1,2026-09
2026-10-04,JP,marriage_rate,F,20-24,2024,2025,ensemble,14.58,13.53,15.71,0.8,1.05,15.53,2026-09
2026-10-04,JP,marriage_rate,F,25-29,2024,2025,ensemble,39.76,36.91,42.84,0.8,1.05,41.49,2026-09
2026-10-04,JP,marriage_rate,F,30-34,2024,2025,ensemble,22.64,21.01,24.39,0.8,1.05,23.5,2026-09
2026-10-04,JP,marriage_rate,F,35-39,2024,2025,ensemble,10.44,9.69,11.24,0.8,1.05,10.79,2026-09
2026-10-04,JP,marriage_rate,F,40-44,2024,2025,ensemble,4.28,3.98,4.62,0.8,1.05,4.45,2026-09
2026-10-04,JP,marriage_rate,M,20-24,2024,2025,ensemble,10.54,9.78,11.36,0.8,1.05,11.11,2026-09
2026-10-04,JP,marriage_rate,M,25-29,2024,2025,ensemble,33.96,31.52,36.59,0.8,1.05,35.23,2026-09
2026-10-04,JP,marriage_rate,M,30-34,2024,2025,ensemble,21.91,20.33,23.6,0.8,1.05,22.97,2026-09
2026-10-04,JP,marriage_rate,M,35-39,2024,2025,ensemble,11.54,10.71,12.43,0.8,1.05,12.08,2026-09
2026-10-04,JP,marriage_rate,M,40-44,2024,2025,ensemble,5.67,5.26,6.11,0.8,1.05,5.96,2026-09
2026-10-04,JP,first_marriage_age,F,all,2024,2026,ensemble,29.85,29.53,30.17,0.8,1.55,29.8,2027-09
2026-10-04,JP,first_marriage_age,M,all,2024,2026,ensemble,31.07,30.74,31.4,0.8,1.55,31.1,2027-09
2026-10-04,JP,marriage_rate,F,20-24,2024,2026,ensemble,13.71,11.24,16.71,0.8,1.55,15.53,2027-09
2026-10-04,JP,marriage_rate,F,25-29,2024,2026,ensemble,38.15,31.29,46.52,0.8,1.55,41.49,2027-09
2026-10-04,JP,marriage_rate,F,30-34,2024,2026,ensemble,21.89,17.95,26.69,0.8,1.55,23.5,2027-09
2026-10-04,JP,marriage_rate,F,35-39,2024,2026,ensemble,10.1,8.28,12.32,0.8,1.55,10.79,2027-09
2026-10-04,JP,marriage_rate,F,40-44,2024,2026,ensemble,4.13,3.39,5.04,0.8,1.55,4.45,2027-09
2026-10-04,JP,marriage_rate,M,20-24,2024,2026,ensemble,10.01,8.21,12.21,0.8,1.55,11.11,2027-09
2026-10-04,JP,marriage_rate,M,25-29,2024,2026,ensemble,32.77,26.88,39.95,0.8,1.55,35.23,2027-09
2026-10-04,JP,marriage_rate,M,30-34,2024,2026,ensemble,20.98,17.21,25.59,0.8,1.55,22.97,2027-09
2026-10-04,JP,marriage_rate,M,35-39,2024,2026,ensemble,11.06,9.07,13.49,0.8,1.55,12.08,2027-09
2026-10-04,JP,marriage_rate,M,40-44,2024,2026,ensemble,5.4,4.43,6.58,0.8,1.55,5.96,2027-09
2026-10-04,JP,first_marriage_age,F,all,2024,2027,ensemble,29.92,29.45,30.4,0.8,1.75,29.8,2028-09
2026-10-04,JP,first_marriage_age,M,all,2024,2027,ensemble,31.1,30.61,31.6,0.8,1.75,31.1,2028-09
2026-10-04,JP,marriage_rate,F,20-24,2024,2027,ensemble,12.89,9.32,17.83,0.8,1.75,15.53,2028-09
2026-10-04,JP,marriage_rate,F,25-29,2024,2027,ensemble,36.62,26.47,50.66,0.8,1.75,41.49,2028-09
2026-10-04,JP,marriage_rate,F,30-34,2024,2027,ensemble,21.18,15.31,29.29,0.8,1.75,23.5,2028-09
2026-10-04,JP,marriage_rate,F,35-39,2024,2027,ensemble,9.78,7.07,13.53,0.8,1.75,10.79,2028-09
2026-10-04,JP,marriage_rate,F,40-44,2024,2027,ensemble,3.99,2.88,5.51,0.8,1.75,4.45,2028-09
2026-10-04,JP,marriage_rate,M,20-24,2024,2027,ensemble,9.51,6.87,13.15,0.8,1.75,11.11,2028-09
2026-10-04,JP,marriage_rate,M,25-29,2024,2027,ensemble,31.62,22.86,43.74,0.8,1.75,35.23,2028-09
2026-10-04,JP,marriage_rate,M,30-34,2024,2027,ensemble,20.1,14.53,27.8,0.8,1.75,22.97,2028-09
2026-10-04,JP,marriage_rate,M,35-39,2024,2027,ensemble,10.61,7.67,14.68,0.8,1.75,12.08,2028-09
2026-10-04,JP,marriage_rate,M,40-44,2024,2027,ensemble,5.15,3.72,7.12,0.8,1.75,5.96,2028-09
2026-10-04,KR,first_marriage_age,F,all,2025,2026,ensemble,31.78,31.65,31.9,0.8,1.05,31.62,2027-03
2026-10-04,KR,first_marriage_age,M,all,2025,2026,ensemble,33.97,33.84,34.1,0.8,1.05,33.85,2027-03
2026-10-04,KR,marriage_rate,F,20-24,2025,2026,ensemble,7.65,7.1,8.24,0.8,1.05,7.6,2027-03
2026-10-04,KR,marriage_rate,F,25-29,2025,2026,ensemble,45.44,42.18,48.95,0.8,1.05,44.3,2027-03
2026-10-04,KR,marriage_rate,F,30-34,2025,2026,ensemble,61.06,56.68,65.78,0.8,1.05,57.6,2027-03
2026-10-04,KR,marriage_rate,F,35-39,2025,2026,ensemble,22.56,20.94,24.31,0.8,1.05,21.1,2027-03
2026-10-04,KR,marriage_rate,F,40-44,2025,2026,ensemble,6.63,6.15,7.14,0.8,1.05,6.5,2027-03
2026-10-04,KR,marriage_rate,M,20-24,2025,2026,ensemble,2.71,2.52,2.92,0.8,1.05,2.7,2027-03
2026-10-04,KR,marriage_rate,M,25-29,2025,2026,ensemble,25.64,23.8,27.62,0.8,1.05,25.0,2027-03
2026-10-04,KR,marriage_rate,M,30-34,2025,2026,ensemble,55.8,51.8,60.12,0.8,1.05,53.6,2027-03
2026-10-04,KR,marriage_rate,M,35-39,2025,2026,ensemble,31.1,28.87,33.51,0.8,1.05,29.2,2027-03
2026-10-04,KR,marriage_rate,M,40-44,2025,2026,ensemble,10.12,9.4,10.91,0.8,1.05,9.9,2027-03
2026-10-04,KR,first_marriage_age,F,all,2025,2027,ensemble,31.94,31.6,32.28,0.8,1.55,31.62,2028-03
2026-10-04,KR,first_marriage_age,M,all,2025,2027,ensemble,34.1,33.74,34.47,0.8,1.55,33.85,2028-03
2026-10-04,KR,marriage_rate,F,20-24,2025,2027,ensemble,7.66,6.28,9.34,0.8,1.55,7.6,2028-03
2026-10-04,KR,marriage_rate,F,25-29,2025,2027,ensemble,46.19,37.88,56.31,0.8,1.55,44.3,2028-03
2026-10-04,KR,marriage_rate,F,30-34,2025,2027,ensemble,64.06,52.54,78.1,0.8,1.55,57.6,2028-03
2026-10-04,KR,marriage_rate,F,35-39,2025,2027,ensemble,23.86,19.57,29.09,0.8,1.55,21.1,2028-03
2026-10-04,KR,marriage_rate,F,40-44,2025,2027,ensemble,6.72,5.51,8.2,0.8,1.55,6.5,2028-03
2026-10-04,KR,marriage_rate,M,20-24,2025,2027,ensemble,2.71,2.22,3.3,0.8,1.55,2.7,2028-03
2026-10-04,KR,marriage_rate,M,25-29,2025,2027,ensemble,26.06,21.37,31.77,0.8,1.55,25.0,2028-03
2026-10-04,KR,marriage_rate,M,30-34,2025,2027,ensemble,57.47,47.14,70.07,0.8,1.55,53.6,2028-03
2026-10-04,KR,marriage_rate,M,35-39,2025,2027,ensemble,32.78,26.89,39.97,0.8,1.55,29.2,2028-03
2026-10-04,KR,marriage_rate,M,40-44,2025,2027,ensemble,10.29,8.44,12.55,0.8,1.55,9.9,2028-03
2026-10-04,KR,first_marriage_age,F,all,2025,2028,ensemble,32.11,31.6,32.63,0.8,1.75,31.62,2029-03
2026-10-04,KR,first_marriage_age,M,all,2025,2028,ensemble,34.24,33.7,34.79,0.8,1.75,33.85,2029-03
2026-10-04,KR,marriage_rate,F,20-24,2025,2028,ensemble,7.61,5.5,10.53,0.8,1.75,7.6,2029-03
2026-10-04,KR,marriage_rate,F,25-29,2025,2028,ensemble,46.47,33.59,64.29,0.8,1.75,44.3,2029-03
2026-10-04,KR,marriage_rate,F,30-34,2025,2028,ensemble,66.54,48.1,92.05,0.8,1.75,57.6,2029-03
2026-10-04,KR,marriage_rate,F,35-39,2025,2028,ensemble,24.99,18.06,34.57,0.8,1.75,21.1,2029-03
2026-10-04,KR,marriage_rate,F,40-44,2025,2028,ensemble,6.77,4.9,9.37,0.8,1.75,6.5,2029-03
2026-10-04,KR,marriage_rate,M,20-24,2025,2028,ensemble,2.68,1.94,3.71,0.8,1.75,2.7,2029-03
2026-10-04,KR,marriage_rate,M,25-29,2025,2028,ensemble,26.22,18.95,36.28,0.8,1.75,25.0,2029-03
2026-10-04,KR,marriage_rate,M,30-34,2025,2028,ensemble,58.56,42.33,81.01,0.8,1.75,53.6,2029-03
2026-10-04,KR,marriage_rate,M,35-39,2025,2028,ensemble,34.21,24.73,47.33,0.8,1.75,29.2,2029-03
2026-10-04,KR,marriage_rate,M,40-44,2025,2028,ensemble,10.39,7.51,14.38,0.8,1.75,9.9,2029-03
