year,gcode,gap,value
1990,10,남자연상(소계),293158
1991,10,남자연상(소계),306654
1992,10,남자연상(소계),306498
1993,10,남자연상(소계),289833
1994,10,남자연상(소계),279634
1995,10,남자연상(소계),276608
1996,10,남자연상(소계),295333
1997,10,남자연상(소계),260084
1998,10,남자연상(소계),245499
1999,10,남자연상(소계),229993
2000,10,남자연상(소계),207934
2001,10,남자연상(소계),189753
2002,10,남자연상(소계),177847
2003,10,남자연상(소계),172031
2004,10,남자연상(소계),169785
2005,10,남자연상(소계),168890
2006,10,남자연상(소계),183353
2007,10,남자연상(소계),189636
2008,10,남자연상(소계),175665
2009,10,남자연상(소계),164774
2010,10,남자연상(소계),175920
2011,10,남자연상(소계),176825
2012,10,남자연상(소계),175340
2013,10,남자연상(소계),172824
2014,10,남자연상(소계),162115
2015,10,남자연상(소계),161131
2016,10,남자연상(소계),149760
2017,10,남자연상(소계),138520
2018,10,남자연상(소계),134028
2019,10,남자연상(소계),122847
2020,10,남자연상(소계),109076
2021,10,남자연상(소계),95824
2022,10,남자연상(소계),95425
2023,10,남자연상(소계),96137
2024,10,남자연상(소계),113367
2025,10,남자연상(소계),125213
1990,11,1 ~ 2,90459
1991,11,1 ~ 2,92058
1992,11,1 ~ 2,91861
1993,11,1 ~ 2,88635
1994,11,1 ~ 2,87229
1995,11,1 ~ 2,89383
1996,11,1 ~ 2,99043
1997,11,1 ~ 2,90724
1998,11,1 ~ 2,87474
1999,11,1 ~ 2,82107
2000,11,1 ~ 2,74829
2001,11,1 ~ 2,69202
2002,11,1 ~ 2,65641
2003,11,1 ~ 2,62760
2004,11,1 ~ 2,61268
2005,11,1 ~ 2,60955
2006,11,1 ~ 2,66024
2007,11,1 ~ 2,69638
2008,11,1 ~ 2,64950
2009,11,1 ~ 2,62370
2010,11,1 ~ 2,66420
2011,11,1 ~ 2,67947
2012,11,1 ~ 2,67648
2013,11,1 ~ 2,66747
2014,11,1 ~ 2,62617
2015,11,1 ~ 2,61285
2016,11,1 ~ 2,56297
2017,11,1 ~ 2,52203
2018,11,1 ~ 2,50151
2019,11,1 ~ 2,46251
2020,11,1 ~ 2,42686
2021,11,1 ~ 2,38765
2022,11,1 ~ 2,37857
2023,11,1 ~ 2,38447
2024,11,1 ~ 2,46513
2025,11,1 ~ 2,52204
1990,12,3 ~ 5,137249
1991,12,3 ~ 5,144299
1992,12,3 ~ 5,145038
1993,12,3 ~ 5,136341
1994,12,3 ~ 5,130574
1995,12,3 ~ 5,127540
1996,12,3 ~ 5,133822
1997,12,3 ~ 5,117238
1998,12,3 ~ 5,110474
1999,12,3 ~ 5,103210
2000,12,3 ~ 5,91474
2001,12,3 ~ 5,82417
2002,12,3 ~ 5,76033
2003,12,3 ~ 5,73086
2004,12,3 ~ 5,71758
2005,12,3 ~ 5,69435
2006,12,3 ~ 5,73841
2007,12,3 ~ 5,76375
2008,12,3 ~ 5,69632
2009,12,3 ~ 5,65536
2010,12,3 ~ 5,69438
2011,12,3 ~ 5,70252
2012,12,3 ~ 5,69908
2013,12,3 ~ 5,69426
2014,12,3 ~ 5,64794
2015,12,3 ~ 5,64710
2016,12,3 ~ 5,59627
2017,12,3 ~ 5,54743
2018,12,3 ~ 5,52722
2019,12,3 ~ 5,47505
2020,12,3 ~ 5,42876
2021,12,3 ~ 5,37612
2022,12,3 ~ 5,37055
2023,12,3 ~ 5,36717
2024,12,3 ~ 5,43921
2025,12,3 ~ 5,48821
1990,13,6 ~ 9,57239
1991,13,6 ~ 9,61202
1992,13,6 ~ 9,60659
1993,13,6 ~ 9,55931
1994,13,6 ~ 9,53251
1995,13,6 ~ 9,50464
1996,13,6 ~ 9,52171
1997,13,6 ~ 9,43803
1998,13,6 ~ 9,40164
1999,13,6 ~ 9,37718
2000,13,6 ~ 9,34478
2001,13,6 ~ 9,31104
2002,13,6 ~ 9,28977
2003,13,6 ~ 9,27990
2004,13,6 ~ 9,27614
2005,13,6 ~ 9,27041
2006,13,6 ~ 9,28431
2007,13,6 ~ 9,29215
2008,13,6 ~ 9,26347
2009,13,6 ~ 9,24616
2010,13,6 ~ 9,25672
2011,13,6 ~ 9,25949
2012,13,6 ~ 9,25936
2013,13,6 ~ 9,25946
2014,13,6 ~ 9,25134
2015,13,6 ~ 9,25439
2016,13,6 ~ 9,24221
2017,13,6 ~ 9,22248
2018,13,6 ~ 9,21592
2019,13,6 ~ 9,19595
2020,13,6 ~ 9,17132
2021,13,6 ~ 9,14937
2022,13,6 ~ 9,14484
2023,13,6 ~ 9,14315
2024,13,6 ~ 9,16015
2025,13,6 ~ 9,17169
1990,14,10세 이상,8211
1991,14,10세 이상,9095
1992,14,10세 이상,8940
1993,14,10세 이상,8926
1994,14,10세 이상,8580
1995,14,10세 이상,9221
1996,14,10세 이상,10297
1997,14,10세 이상,8319
1998,14,10세 이상,7387
1999,14,10세 이상,6958
2000,14,10세 이상,7153
2001,14,10세 이상,7030
2002,14,10세 이상,7196
2003,14,10세 이상,8195
2004,14,10세 이상,9145
2005,14,10세 이상,11459
2006,14,10세 이상,15057
2007,14,10세 이상,14408
2008,14,10세 이상,14736
2009,14,10세 이상,12252
2010,14,10세 이상,14390
2011,14,10세 이상,12677
2012,14,10세 이상,11848
2013,14,10세 이상,10705
2014,14,10세 이상,9570
2015,14,10세 이상,9697
2016,14,10세 이상,9615
2017,14,10세 이상,9326
2018,14,10세 이상,9563
2019,14,10세 이상,9496
2020,14,10세 이상,6382
2021,14,10세 이상,4510
2022,14,10세 이상,6029
2023,14,10세 이상,6658
2024,14,10세 이상,6918
2025,14,10세 이상,7019
1990,20,동갑,32269
1991,20,동갑,33516
1992,20,동갑,33737
1993,20,동갑,33357
1994,20,동갑,33560
1995,20,동갑,35274
1996,20,동갑,40926
1997,20,동갑,38496
1998,20,동갑,37958
1999,20,동갑,36681
2000,20,동갑,34794
2001,20,동갑,34590
2002,20,동갑,34219
2003,20,동갑,34360
2004,20,동갑,33922
2005,20,동갑,34970
2006,20,동갑,39268
2007,20,동갑,41369
2008,20,동갑,39540
2009,20,동갑,38109
2010,20,동갑,40809
2011,20,동갑,42330
2012,20,동갑,41697
2013,20,동갑,41449
2014,20,동갑,38456
2015,20,동갑,38222
2016,20,동갑,35230
2017,20,동갑,32811
2018,20,동갑,31527
2019,20,동갑,28851
2020,20,동갑,27061
2021,20,동갑,24794
2022,20,동갑,24082
2023,20,동갑,24493
2024,20,동갑,29751
2025,20,동갑,33212
1990,30,여자연상(소계),31222
1991,30,여자연상(소계),31976
1992,30,여자연상(소계),31793
1993,30,여자연상(소계),29948
1994,30,여자연상(소계),28796
1995,30,여자연상(소계),29696
1996,30,여자연상(소계),34309
1997,30,여자연상(소계),31161
1998,30,여자연상(소계),30203
1999,30,여자연상(소계),29812
2000,30,여자연상(소계),29109
2001,30,여자연상(소계),28584
2002,30,여자연상(소계),27884
2003,30,여자연상(소계),27446
2004,30,여자연상(소계),27550
2005,30,여자연상(소계),28188
2006,30,여자연상(소계),32576
2007,30,여자연상(소계),34525
2008,30,여자연상(소계),34220
2009,30,여자연상(소계),33794
2010,30,여자연상(소계),37901
2011,30,여자연상(소계),39482
2012,30,여자연상(소계),39966
2013,30,여자연상(소계),41281
2014,30,여자연상(소계),38856
2015,30,여자연상(소계),38922
2016,30,여자연상(소계),36153
2017,30,여자연상(소계),34764
2018,30,여자연상(소계),34442
2019,30,여자연상(소계),32264
2020,30,여자연상(소계),30853
2021,30,여자연상(소계),28614
2022,30,여자연상(소계),28781
2023,30,여자연상(소계),29019
2024,30,여자연상(소계),35616
2025,30,여자연상(소계),40178
1990,31,1 ~ 2,24200
1991,31,1 ~ 2,24765
1992,31,1 ~ 2,24987
1993,31,1 ~ 2,23609
1994,31,1 ~ 2,22786
1995,31,1 ~ 2,23550
1996,31,1 ~ 2,27124
1997,31,1 ~ 2,25004
1998,31,1 ~ 2,23993
1999,31,1 ~ 2,23449
2000,31,1 ~ 2,22451
2001,31,1 ~ 2,21898
2002,31,1 ~ 2,21302
2003,31,1 ~ 2,21015
2004,31,1 ~ 2,20917
2005,31,1 ~ 2,21209
2006,31,1 ~ 2,24621
2007,31,1 ~ 2,25885
2008,31,1 ~ 2,25554
2009,31,1 ~ 2,25073
2010,31,1 ~ 2,27828
2011,31,1 ~ 2,28811
2012,31,1 ~ 2,28967
2013,31,1 ~ 2,29597
2014,31,1 ~ 2,27582
2015,31,1 ~ 2,27230
2016,31,1 ~ 2,25286
2017,31,1 ~ 2,24068
2018,31,1 ~ 2,23548
2019,31,1 ~ 2,21807
2020,31,1 ~ 2,20921
2021,31,1 ~ 2,19330
2022,31,1 ~ 2,19366
2023,31,1 ~ 2,19414
2024,31,1 ~ 2,24039
2025,31,1 ~ 2,27033
1990,32,3 ~ 5,5733
1991,32,3 ~ 5,5736
1992,32,3 ~ 5,5437
1993,32,3 ~ 5,5076
1994,32,3 ~ 5,4790
1995,32,3 ~ 5,4971
1996,32,3 ~ 5,5752
1997,32,3 ~ 5,4947
1998,32,3 ~ 5,5027
1999,32,3 ~ 5,5069
2000,32,3 ~ 5,5361
2001,32,3 ~ 5,5414
2002,32,3 ~ 5,5247
2003,32,3 ~ 5,5123
2004,32,3 ~ 5,5273
2005,32,3 ~ 5,5571
2006,32,3 ~ 5,6342
2007,32,3 ~ 5,6810
2008,32,3 ~ 5,6909
2009,32,3 ~ 5,7004
2010,32,3 ~ 5,8048
2011,32,3 ~ 5,8541
2012,32,3 ~ 5,8842
2013,32,3 ~ 5,9401
2014,32,3 ~ 5,8905
2015,32,3 ~ 5,9178
2016,32,3 ~ 5,8522
2017,32,3 ~ 5,8315
2018,32,3 ~ 5,8519
2019,32,3 ~ 5,8083
2020,32,3 ~ 5,7793
2021,32,3 ~ 5,7161
2022,32,3 ~ 5,7366
2023,32,3 ~ 5,7452
2024,32,3 ~ 5,9128
2025,32,3 ~ 5,10382
1990,33,6 ~ 9,1091
1991,33,6 ~ 9,1268
1992,33,6 ~ 9,1147
1993,33,6 ~ 9,1080
1994,33,6 ~ 9,1025
1995,33,6 ~ 9,987
1996,33,6 ~ 9,1190
1997,33,6 ~ 9,959
1998,33,6 ~ 9,990
1999,33,6 ~ 9,1079
2000,33,6 ~ 9,1074
2001,33,6 ~ 9,1074
2002,33,6 ~ 9,1159
2003,33,6 ~ 9,1102
2004,33,6 ~ 9,1123
2005,33,6 ~ 9,1161
2006,33,6 ~ 9,1377
2007,33,6 ~ 9,1546
2008,33,6 ~ 9,1467
2009,33,6 ~ 9,1463
2010,33,6 ~ 9,1746
2011,33,6 ~ 9,1847
2012,33,6 ~ 9,1867
2013,33,6 ~ 9,1935
2014,33,6 ~ 9,2032
2015,33,6 ~ 9,2143
2016,33,6 ~ 9,1991
2017,33,6 ~ 9,2019
2018,33,6 ~ 9,1998
2019,33,6 ~ 9,1967
2020,33,6 ~ 9,1765
2021,33,6 ~ 9,1785
2022,33,6 ~ 9,1699
2023,33,6 ~ 9,1808
2024,33,6 ~ 9,2044
2025,33,6 ~ 9,2354
1990,34,10세 이상,198
1991,34,10세 이상,207
1992,34,10세 이상,222
1993,34,10세 이상,183
1994,34,10세 이상,195
1995,34,10세 이상,188
1996,34,10세 이상,243
1997,34,10세 이상,251
1998,34,10세 이상,193
1999,34,10세 이상,215
2000,34,10세 이상,223
2001,34,10세 이상,198
2002,34,10세 이상,176
2003,34,10세 이상,206
2004,34,10세 이상,237
2005,34,10세 이상,247
2006,34,10세 이상,236
2007,34,10세 이상,284
2008,34,10세 이상,290
2009,34,10세 이상,254
2010,34,10세 이상,279
2011,34,10세 이상,283
2012,34,10세 이상,290
2013,34,10세 이상,348
2014,34,10세 이상,337
2015,34,10세 이상,371
2016,34,10세 이상,354
2017,34,10세 이상,362
2018,34,10세 이상,377
2019,34,10세 이상,407
2020,34,10세 이상,374
2021,34,10세 이상,338
2022,34,10세 이상,350
2023,34,10세 이상,345
2024,34,10세 이상,405
2025,34,10세 이상,409
