year,husband,wife,value
2015,중졸이하,중졸이하,656
2016,중졸이하,중졸이하,621
2017,중졸이하,중졸이하,703
2018,중졸이하,중졸이하,869
2019,중졸이하,중졸이하,400
2020,중졸이하,중졸이하,299
2021,중졸이하,중졸이하,269
2022,중졸이하,중졸이하,212
2023,중졸이하,중졸이하,197
2024,중졸이하,중졸이하,169
2015,중졸이하,고졸,1352
2016,중졸이하,고졸,1245
2017,중졸이하,고졸,1226
2018,중졸이하,고졸,1115
2019,중졸이하,고졸,880
2020,중졸이하,고졸,765
2021,중졸이하,고졸,632
2022,중졸이하,고졸,546
2023,중졸이하,고졸,546
2024,중졸이하,고졸,489
2015,중졸이하,대졸,607
2016,중졸이하,대졸,592
2017,중졸이하,대졸,558
2018,중졸이하,대졸,598
2019,중졸이하,대졸,548
2020,중졸이하,대졸,418
2021,중졸이하,대졸,386
2022,중졸이하,대졸,348
2023,중졸이하,대졸,333
2024,중졸이하,대졸,324
2015,중졸이하,대학원졸,17
2016,중졸이하,대학원졸,15
2017,중졸이하,대학원졸,26
2018,중졸이하,대학원졸,24
2019,중졸이하,대학원졸,12
2020,중졸이하,대학원졸,22
2021,중졸이하,대학원졸,14
2022,중졸이하,대학원졸,14
2023,중졸이하,대학원졸,15
2024,중졸이하,대학원졸,14
2015,고졸,중졸이하,1758
2016,고졸,중졸이하,1604
2017,고졸,중졸이하,1453
2018,고졸,중졸이하,1445
2019,고졸,중졸이하,1193
2020,고졸,중졸이하,913
2021,고졸,중졸이하,652
2022,고졸,중졸이하,686
2023,고졸,중졸이하,733
2024,고졸,중졸이하,656
2015,고졸,고졸,23605
2016,고졸,고졸,21505
2017,고졸,고졸,19655
2018,고졸,고졸,18371
2019,고졸,고졸,15883
2020,고졸,고졸,13312
2021,고졸,고졸,11399
2022,고졸,고졸,10914
2023,고졸,고졸,10346
2024,고졸,고졸,10161
2015,고졸,대졸,24363
2016,고졸,대졸,23743
2017,고졸,대졸,22508
2018,고졸,대졸,21886
2019,고졸,대졸,20733
2020,고졸,대졸,18938
2021,고졸,대졸,17216
2022,고졸,대졸,16063
2023,고졸,대졸,16283
2024,고졸,대졸,18389
2015,고졸,대학원졸,761
2016,고졸,대학원졸,825
2017,고졸,대학원졸,789
2018,고졸,대학원졸,839
2019,고졸,대학원졸,743
2020,고졸,대학원졸,765
2021,고졸,대학원졸,677
2022,고졸,대학원졸,704
2023,고졸,대학원졸,752
2024,고졸,대학원졸,870
2015,대졸,중졸이하,646
2016,대졸,중졸이하,587
2017,대졸,중졸이하,551
2018,대졸,중졸이하,629
2019,대졸,중졸이하,534
2020,대졸,중졸이하,410
2021,대졸,중졸이하,250
2022,대졸,중졸이하,279
2023,대졸,중졸이하,423
2024,대졸,중졸이하,412
2015,대졸,고졸,17974
2016,대졸,고졸,17055
2017,대졸,고졸,15152
2018,대졸,고졸,14257
2019,대졸,고졸,13087
2020,대졸,고졸,11654
2021,대졸,고졸,9293
2022,대졸,고졸,9007
2023,대졸,고졸,9023
2024,대졸,고졸,9923
2015,대졸,대졸,124801
2016,대졸,대졸,119496
2017,대졸,대졸,106951
2018,대졸,대졸,103261
2019,대졸,대졸,94594
2020,대졸,대졸,86992
2021,대졸,대졸,76947
2022,대졸,대졸,71038
2023,대졸,대졸,72563
2024,대졸,대졸,83332
2015,대졸,대학원졸,11093
2016,대졸,대학원졸,10391
2017,대졸,대학원졸,9492
2018,대졸,대학원졸,9522
2019,대졸,대학원졸,8773
2020,대졸,대학원졸,8121
2021,대졸,대학원졸,6987
2022,대졸,대학원졸,6692
2023,대졸,대학원졸,6973
2024,대졸,대학원졸,8093
2015,대학원졸,중졸이하,18
2016,대학원졸,중졸이하,27
2017,대학원졸,중졸이하,23
2018,대학원졸,중졸이하,26
2019,대학원졸,중졸이하,16
2020,대학원졸,중졸이하,12
2021,대학원졸,중졸이하,6
2022,대학원졸,중졸이하,6
2023,대학원졸,중졸이하,9
2024,대학원졸,중졸이하,12
2015,대학원졸,고졸,548
2016,대학원졸,고졸,582
2017,대학원졸,고졸,493
2018,대학원졸,고졸,470
2019,대학원졸,고졸,415
2020,대학원졸,고졸,378
2021,대학원졸,고졸,311
2022,대학원졸,고졸,366
2023,대학원졸,고졸,369
2024,대학원졸,고졸,401
2015,대학원졸,대졸,12395
2016,대학원졸,대졸,11344
2017,대학원졸,대졸,10319
2018,대학원졸,대졸,10022
2019,대학원졸,대졸,9450
2020,대학원졸,대졸,8670
2021,대학원졸,대졸,7548
2022,대학원졸,대졸,7189
2023,대학원졸,대졸,7325
2024,대학원졸,대졸,8625
2015,대학원졸,대학원졸,5798
2016,대학원졸,대학원졸,5335
2017,대학원졸,대학원졸,4784
2018,대학원졸,대학원졸,4788
2019,대학원졸,대학원졸,4615
2020,대학원졸,대학원졸,4150
2021,대학원졸,대학원졸,3450
2022,대학원졸,대학원졸,3452
2023,대학원졸,대학원졸,3571
2024,대학원졸,대학원졸,4173
