item,group,important,very,mean,n
본인의 경제적 여건,M,85.1,49.7,4.325674325674325,3649
본인의 경제적 여건,F,86.9,46.4,4.315684315684316,2400
본인의 경제적 여건,all,85.9,48.4,4.323676323676323,6049
본인의 일과 직장,M,82.8,42.8,4.24024024024024,3649
본인의 일과 직장,F,87.80000000000001,43.6,4.303303303303303,2400
본인의 일과 직장,all,84.7,43.1,4.2642642642642645,6049
배우자의 경제적 여건,M,55.599999999999994,18.3,3.6446446446446448,3649
배우자의 경제적 여건,F,89.0,45.4,4.328671328671329,2400
배우자의 경제적 여건,all,68.9,29.1,3.917,6049
배우자의 일과 직장,M,55.699999999999996,16.9,3.6286286286286282,3649
배우자의 일과 직장,F,86.9,43.7,4.289,2400
배우자의 일과 직장,all,68.1,27.6,3.891,6049
평등한 관계 (공평한 가사분담 등),M,68.4,24.0,3.864,3649
평등한 관계 (공평한 가사분담 등),F,87.80000000000001,51.6,4.3790000000000004,2400
평등한 관계 (공평한 가사분담 등),all,76.0,34.9,4.069069069069069,6049
양가와의 원만한 관계,M,77.7,36.6,4.102102102102102,3649
양가와의 원만한 관계,F,86.1,50.5,4.3469999999999995,2400
양가와의 원만한 관계,all,81.0,42.1,4.197,6049
안정된 주거 마련,M,83.19999999999999,40.9,4.2137862137862125,3649
안정된 주거 마련,F,88.5,50.0,4.374,2400
안정된 주거 마련,all,85.3,44.5,4.279,6049
자녀계획 일치,M,66.4,26.9,3.8428428428428423,3649
자녀계획 일치,F,76.80000000000001,41.7,4.1419999999999995,2400
자녀계획 일치,all,70.6,32.8,3.9619999999999997,6049
부부간의 사랑과 신뢰,M,91.5,66.8,4.569,3649
부부간의 사랑과 신뢰,F,94.4,73.2,4.6659999999999995,2400
부부간의 사랑과 신뢰,all,92.7,69.4,4.606393606393605,6049
