date,home,away,source,pH,pD,pA,recorded_on,note
2026-10-10,Arsenal,Leeds United,우리 모델 (골 모드),0.555,0.262,0.183,2026-10-04,결과 반영 2026-09-20까지
2026-10-10,Aston Villa,Brentford,우리 모델 (골 모드),0.359,0.249,0.392,2026-10-04,결과 반영 2026-09-20까지
2026-10-10,Chelsea,Bournemouth,우리 모델 (골 모드),0.391,0.236,0.373,2026-10-04,결과 반영 2026-09-20까지
2026-10-10,Ipswich Town,Fulham,우리 모델 (골 모드),0.331,0.261,0.408,2026-10-04,결과 반영 2026-09-20까지
2026-10-10,Manchester United,Tottenham Hotspur,Opta (사용자 제공),0.559,0.226,0.215,2026-10-04,킥오프 한국시간 10/11 01:30
2026-10-10,Manchester United,Tottenham Hotspur,우리 모델 (골 모드),0.667,0.192,0.141,2026-10-04,결과 반영 2026-09-20까지
2026-10-10,Sunderland,Brighton & Hove Albion,우리 모델 (골 모드),0.244,0.227,0.53,2026-10-04,결과 반영 2026-09-20까지
2026-10-11,Crystal Palace,Nottingham Forest,우리 모델 (골 모드),0.331,0.272,0.397,2026-10-04,결과 반영 2026-09-20까지
2026-10-11,Hull City,Everton,우리 모델 (골 모드),0.403,0.286,0.311,2026-10-04,결과 반영 2026-09-20까지
2026-10-11,Liverpool,Manchester City,우리 모델 (골 모드),0.301,0.244,0.455,2026-10-04,결과 반영 2026-09-20까지
2026-10-12,Coventry City,Newcastle United,우리 모델 (골 모드),0.266,0.238,0.496,2026-10-04,결과 반영 2026-09-20까지
