made_on,date,home,away,pH,pD,pA,xh,xa
2026-10-04,2026-10-10,Arsenal,Leeds United,0.555,0.262,0.183,1.5,0.735
2026-10-04,2026-10-10,Sunderland,Brighton & Hove Albion,0.244,0.227,0.53,1.194,1.861
2026-10-04,2026-10-10,Chelsea,Bournemouth,0.391,0.236,0.373,1.595,1.553
2026-10-04,2026-10-10,Ipswich Town,Fulham,0.331,0.261,0.408,1.233,1.4
2026-10-04,2026-10-10,Aston Villa,Brentford,0.359,0.249,0.392,1.397,1.473
2026-10-04,2026-10-10,Manchester United,Tottenham Hotspur,0.667,0.192,0.141,2.17,0.885
2026-10-04,2026-10-11,Hull City,Everton,0.403,0.286,0.311,1.215,1.03
2026-10-04,2026-10-11,Crystal Palace,Nottingham Forest,0.331,0.272,0.397,1.157,1.295
2026-10-04,2026-10-11,Liverpool,Manchester City,0.301,0.244,0.455,1.273,1.62
2026-10-04,2026-10-12,Coventry City,Newcastle United,0.266,0.238,0.496,1.197,1.718
2026-10-04,2026-10-17,Everton,Chelsea,0.493,0.239,0.267,1.7,1.189
2026-10-04,2026-10-17,Fulham,Hull City,0.402,0.285,0.313,1.221,1.04
2026-10-04,2026-10-17,Manchester City,Ipswich Town,0.845,0.101,0.054,3.205,0.745
2026-10-04,2026-10-17,Brentford,Liverpool,0.474,0.248,0.278,1.596,1.163
2026-10-04,2026-10-17,Newcastle United,Aston Villa,0.496,0.223,0.281,1.909,1.393
2026-10-04,2026-10-18,Bournemouth,Sunderland,0.564,0.23,0.205,1.801,0.989
2026-10-04,2026-10-18,Leeds United,Manchester United,0.41,0.257,0.333,1.434,1.265
2026-10-04,2026-10-18,Brighton & Hove Albion,Crystal Palace,0.733,0.158,0.109,2.546,0.886
2026-10-04,2026-10-18,Nottingham Forest,Arsenal,0.27,0.293,0.437,0.892,1.221
2026-10-04,2026-10-19,Tottenham Hotspur,Coventry City,0.499,0.264,0.238,1.475,0.929
2026-10-04,2026-10-23,Ipswich Town,Nottingham Forest,0.276,0.254,0.47,1.121,1.542
2026-10-04,2026-10-24,Aston Villa,Manchester City,0.235,0.222,0.544,1.191,1.92
2026-10-04,2026-10-24,Arsenal,Everton,0.587,0.252,0.161,1.57,0.684
2026-10-04,2026-10-24,Coventry City,Fulham,0.305,0.284,0.412,1.028,1.244
2026-10-04,2026-10-24,Chelsea,Tottenham Hotspur,0.564,0.219,0.217,1.949,1.129
2026-10-04,2026-10-25,Liverpool,Brighton & Hove Albion,0.364,0.243,0.393,1.465,1.532
2026-10-04,2026-10-25,Crystal Palace,Newcastle United,0.351,0.238,0.411,1.484,1.624
2026-10-04,2026-10-25,Manchester United,Bournemouth,0.505,0.233,0.262,1.775,1.218
2026-10-04,2026-10-25,Hull City,Brentford,0.345,0.269,0.386,1.215,1.3
2026-10-04,2026-10-25,Sunderland,Leeds United,0.334,0.273,0.393,1.162,1.286
2026-10-04,2026-10-31,Chelsea,Manchester United,0.353,0.221,0.425,1.67,1.847
2026-10-04,2026-10-31,Manchester City,Brighton & Hove Albion,0.539,0.218,0.243,1.969,1.26
2026-10-04,2026-10-31,Bournemouth,Leeds United,0.437,0.271,0.293,1.366,1.066
2026-10-04,2026-10-31,Coventry City,Sunderland,0.327,0.267,0.406,1.178,1.345
2026-10-04,2026-10-31,Hull City,Ipswich Town,0.605,0.216,0.179,1.94,0.948
2026-10-04,2026-10-31,Brentford,Nottingham Forest,0.506,0.257,0.237,1.537,0.965
2026-10-04,2026-10-31,Tottenham Hotspur,Crystal Palace,0.425,0.265,0.31,1.394,1.152
2026-10-04,2026-10-31,Aston Villa,Fulham,0.479,0.255,0.266,1.535,1.077
2026-10-04,2026-11-01,Liverpool,Arsenal,0.313,0.279,0.408,1.075,1.268
2026-10-04,2026-11-02,Newcastle United,Everton,0.451,0.25,0.298,1.554,1.216
2026-10-04,2026-11-07,Arsenal,Hull City,0.62,0.234,0.146,1.703,0.681
2026-10-04,2026-11-07,Nottingham Forest,Manchester City,0.257,0.253,0.49,1.057,1.561
2026-10-04,2026-11-07,Leeds United,Tottenham Hotspur,0.589,0.241,0.171,1.673,0.773
2026-10-04,2026-11-07,Fulham,Newcastle United,0.398,0.254,0.348,1.441,1.33
2026-10-04,2026-11-07,Everton,Coventry City,0.614,0.232,0.153,1.731,0.728
2026-10-04,2026-11-07,Crystal Palace,Liverpool,0.294,0.25,0.456,1.201,1.56
2026-10-04,2026-11-07,Sunderland,Chelsea,0.426,0.233,0.341,1.697,1.498
2026-10-04,2026-11-07,Ipswich Town,Bournemouth,0.251,0.233,0.516,1.172,1.779
2026-10-04,2026-11-07,Brighton & Hove Albion,Brentford,0.542,0.224,0.234,1.898,1.177
2026-10-04,2026-11-07,Manchester United,Aston Villa,0.58,0.208,0.211,2.089,1.19
2026-10-04,2026-11-21,Chelsea,Leeds United,0.384,0.249,0.368,1.459,1.424
2026-10-04,2026-11-21,Manchester City,Fulham,0.707,0.181,0.112,2.205,0.747
2026-10-04,2026-11-21,Aston Villa,Sunderland,0.513,0.235,0.252,1.76,1.164
2026-10-04,2026-11-21,Liverpool,Manchester United,0.437,0.241,0.323,1.633,1.373
2026-10-04,2026-11-21,Hull City,Brighton & Hove Albion,0.284,0.247,0.469,1.192,1.603
2026-10-04,2026-11-21,Bournemouth,Nottingham Forest,0.467,0.267,0.266,1.428,1.008
2026-10-04,2026-11-21,Tottenham Hotspur,Ipswich Town,0.501,0.243,0.256,1.66,1.115
2026-10-04,2026-11-21,Brentford,Everton,0.51,0.257,0.233,1.539,0.95
2026-10-04,2026-11-21,Coventry City,Crystal Palace,0.36,0.268,0.372,1.254,1.281
2026-10-04,2026-11-21,Newcastle United,Arsenal,0.272,0.252,0.477,1.119,1.566
2026-10-04,2026-11-28,Leeds United,Coventry City,0.652,0.216,0.133,1.861,0.695
2026-10-04,2026-11-28,Ipswich Town,Aston Villa,0.306,0.234,0.46,1.379,1.738
2026-10-04,2026-11-28,Arsenal,Manchester City,0.416,0.27,0.314,1.339,1.125
2026-10-04,2026-11-28,Manchester United,Brentford,0.466,0.238,0.296,1.7,1.311
2026-10-04,2026-11-28,Everton,Liverpool,0.387,0.274,0.338,1.264,1.162
2026-10-04,2026-11-28,Fulham,Bournemouth,0.35,0.277,0.374,1.175,1.224
2026-10-04,2026-11-28,Nottingham Forest,Chelsea,0.5,0.237,0.262,1.728,1.188
2026-10-04,2026-11-28,Brighton & Hove Albion,Newcastle United,0.647,0.182,0.171,2.43,1.188
2026-10-04,2026-11-28,Sunderland,Tottenham Hotspur,0.497,0.254,0.249,1.553,1.02
2026-10-04,2026-11-28,Crystal Palace,Hull City,0.363,0.268,0.369,1.257,1.269
2026-10-04,2026-12-02,Tottenham Hotspur,Fulham,0.363,0.287,0.351,1.142,1.119
2026-10-04,2026-12-02,Liverpool,Sunderland,0.584,0.223,0.193,1.88,0.982
2026-10-04,2026-12-02,Hull City,Nottingham Forest,0.399,0.285,0.316,1.213,1.047
2026-10-04,2026-12-02,Chelsea,Crystal Palace,0.556,0.212,0.231,2.049,1.258
2026-10-04,2026-12-02,Aston Villa,Everton,0.422,0.264,0.314,1.397,1.167
2026-10-04,2026-12-02,Brentford,Arsenal,0.331,0.281,0.388,1.108,1.223
2026-10-04,2026-12-02,Coventry City,Ipswich Town,0.431,0.254,0.315,1.494,1.241
2026-10-04,2026-12-02,Manchester City,Leeds United,0.619,0.216,0.165,1.917,0.871
2026-10-04,2026-12-02,Newcastle United,Manchester United,0.387,0.227,0.386,1.699,1.696
2026-10-04,2026-12-02,Bournemouth,Brighton & Hove Albion,0.347,0.245,0.408,1.404,1.543
2026-10-04,2026-12-05,Tottenham Hotspur,Arsenal,0.179,0.254,0.567,0.748,1.561
2026-10-04,2026-12-05,Manchester United,Coventry City,0.731,0.164,0.104,2.414,0.796
2026-10-04,2026-12-05,Leeds United,Ipswich Town,0.665,0.197,0.139,2.094,0.835
2026-10-04,2026-12-05,Newcastle United,Sunderland,0.547,0.219,0.234,1.957,1.213
2026-10-04,2026-12-05,Chelsea,Liverpool,0.375,0.234,0.391,1.584,1.621
2026-10-04,2026-12-05,Brentford,Manchester City,0.321,0.247,0.433,1.312,1.563
2026-10-04,2026-12-05,Bournemouth,Hull City,0.504,0.255,0.241,1.551,0.988
2026-10-04,2026-12-05,Aston Villa,Crystal Palace,0.552,0.225,0.223,1.874,1.109
2026-10-04,2026-12-05,Nottingham Forest,Brighton & Hove Albion,0.312,0.256,0.432,1.216,1.476
2026-10-04,2026-12-05,Everton,Fulham,0.475,0.28,0.245,1.34,0.876
2026-10-04,2026-12-12,Sunderland,Nottingham Forest,0.363,0.275,0.363,1.215,1.216
2026-10-04,2026-12-12,Crystal Palace,Manchester United,0.273,0.233,0.494,1.267,1.777
2026-10-04,2026-12-12,Hull City,Tottenham Hotspur,0.531,0.256,0.213,1.55,0.878
2026-10-04,2026-12-12,Brighton & Hove Albion,Everton,0.6,0.22,0.18,1.897,0.932
2026-10-04,2026-12-12,Ipswich Town,Newcastle United,0.287,0.221,0.492,1.437,1.933
2026-10-04,2026-12-12,Coventry City,Aston Villa,0.283,0.253,0.464,1.149,1.545
2026-10-04,2026-12-12,Arsenal,Bournemouth,0.573,0.245,0.182,1.639,0.802
2026-10-04,2026-12-12,Manchester City,Chelsea,0.744,0.146,0.11,2.798,1.014
2026-10-04,2026-12-12,Liverpool,Leeds United,0.455,0.265,0.28,1.426,1.059
2026-10-04,2026-12-12,Fulham,Brentford,0.318,0.272,0.41,1.125,1.317
2026-10-04,2026-12-19,Leeds United,Fulham,0.513,0.269,0.218,1.441,0.837
2026-10-04,2026-12-19,Brighton & Hove Albion,Ipswich Town,0.806,0.12,0.074,3.031,0.858
2026-10-04,2026-12-19,Nottingham Forest,Everton,0.429,0.288,0.283,1.239,0.948
2026-10-04,2026-12-19,Brentford,Newcastle United,0.551,0.218,0.232,1.971,1.21
2026-10-04,2026-12-19,Manchester City,Hull City,0.687,0.187,0.126,2.176,0.807
2026-10-04,2026-12-19,Sunderland,Crystal Palace,0.489,0.246,0.265,1.632,1.137
2026-10-04,2026-12-19,Bournemouth,Coventry City,0.67,0.2,0.13,2.03,0.76
2026-10-04,2026-12-19,Arsenal,Manchester United,0.553,0.238,0.208,1.717,0.953
2026-10-04,2026-12-19,Liverpool,Tottenham Hotspur,0.625,0.216,0.159,1.905,0.839
2026-10-04,2026-12-19,Chelsea,Aston Villa,0.463,0.223,0.314,1.876,1.517
2026-10-04,2026-12-26,Aston Villa,Leeds United,0.387,0.264,0.349,1.334,1.254
2026-10-04,2026-12-26,Everton,Sunderland,0.51,0.257,0.233,1.536,0.947
2026-10-04,2026-12-26,Fulham,Brighton & Hove Albion,0.259,0.247,0.494,1.105,1.624
2026-10-04,2026-12-26,Tottenham Hotspur,Bournemouth,0.288,0.265,0.447,1.085,1.421
2026-10-04,2026-12-26,Ipswich Town,Brentford,0.22,0.222,0.558,1.122,1.915
2026-10-04,2026-12-26,Hull City,Liverpool,0.365,0.269,0.366,1.259,1.261
2026-10-04,2026-12-26,Newcastle United,Manchester City,0.252,0.216,0.531,1.325,2.001
2026-10-04,2026-12-27,Coventry City,Chelsea,0.297,0.238,0.465,1.304,1.689
2026-10-04,2026-12-27,Manchester United,Nottingham Forest,0.524,0.24,0.235,1.698,1.056
2026-10-04,2026-12-27,Crystal Palace,Arsenal,0.19,0.245,0.565,0.834,1.641
2026-10-04,2026-12-29,Hull City,Leeds United,0.37,0.286,0.344,1.16,1.107
2026-10-04,2026-12-29,Tottenham Hotspur,Brighton & Hove Albion,0.201,0.223,0.576,1.02,1.886
2026-10-04,2026-12-29,Everton,Manchester City,0.252,0.253,0.494,1.04,1.563
2026-10-04,2026-12-30,Fulham,Arsenal,0.226,0.281,0.493,0.81,1.344
2026-10-04,2026-12-30,Coventry City,Brentford,0.206,0.24,0.554,0.935,1.702
2026-10-04,2026-12-30,Newcastle United,Nottingham Forest,0.447,0.25,0.304,1.552,1.236
2026-10-04,2026-12-30,Manchester United,Sunderland,0.626,0.2,0.174,2.142,1.036
2026-10-04,2026-12-30,Crystal Palace,Bournemouth,0.307,0.255,0.438,1.21,1.494
2026-10-04,2026-12-30,Aston Villa,Liverpool,0.38,0.249,0.371,1.448,1.428
2026-10-04,2026-12-30,Ipswich Town,Chelsea,0.321,0.221,0.458,1.565,1.9
2026-10-04,2027-01-01,Leeds United,Everton,0.459,0.282,0.258,1.311,0.907
2026-10-04,2027-01-02,Brighton & Hove Albion,Manchester United,0.553,0.211,0.236,2.075,1.3
2026-10-04,2027-01-02,Brentford,Crystal Palace,0.643,0.202,0.155,2.065,0.902
2026-10-04,2027-01-02,Arsenal,Ipswich Town,0.783,0.144,0.072,2.508,0.629
2026-10-04,2027-01-02,Sunderland,Hull City,0.396,0.269,0.335,1.319,1.192
2026-10-04,2027-01-02,Liverpool,Coventry City,0.689,0.19,0.121,2.119,0.755
2026-10-04,2027-01-02,Nottingham Forest,Fulham,0.482,0.277,0.241,1.362,0.875
2026-10-04,2027-01-02,Bournemouth,Aston Villa,0.519,0.235,0.246,1.757,1.136
2026-10-04,2027-01-03,Chelsea,Newcastle United,0.446,0.216,0.338,1.956,1.688
2026-10-04,2027-01-03,Manchester City,Tottenham Hotspur,0.778,0.144,0.078,2.561,0.69
2026-10-04,2027-01-05,Arsenal,Brentford,0.54,0.254,0.206,1.57,0.863
2026-10-04,2027-01-05,Brighton & Hove Albion,Bournemouth,0.58,0.216,0.205,1.981,1.093
2026-10-04,2027-01-05,Nottingham Forest,Hull City,0.46,0.277,0.263,1.344,0.945
2026-10-04,2027-01-05,Everton,Aston Villa,0.467,0.258,0.275,1.498,1.088
2026-10-04,2027-01-05,Sunderland,Liverpool,0.326,0.255,0.419,1.261,1.464
2026-10-04,2027-01-06,Fulham,Tottenham Hotspur,0.498,0.269,0.233,1.436,0.89
2026-10-04,2027-01-06,Crystal Palace,Chelsea,0.387,0.234,0.379,1.616,1.596
2026-10-04,2027-01-06,Ipswich Town,Coventry City,0.473,0.248,0.278,1.593,1.163
2026-10-04,2027-01-06,Leeds United,Manchester City,0.284,0.258,0.458,1.118,1.493
2026-10-04,2027-01-07,Manchester United,Newcastle United,0.569,0.204,0.227,2.178,1.323
2026-10-04,2027-01-16,Bournemouth,Ipswich Town,0.682,0.182,0.135,2.284,0.913
2026-10-04,2027-01-16,Manchester City,Nottingham Forest,0.65,0.205,0.145,2.004,0.823
2026-10-04,2027-01-16,Chelsea,Sunderland,0.515,0.222,0.263,1.924,1.321
2026-10-04,2027-01-16,Brentford,Brighton & Hove Albion,0.385,0.243,0.371,1.511,1.478
2026-10-04,2027-01-16,Aston Villa,Manchester United,0.361,0.236,0.403,1.528,1.627
2026-10-04,2027-01-16,Tottenham Hotspur,Leeds United,0.284,0.28,0.437,0.993,1.303
2026-10-04,2027-01-16,Coventry City,Everton,0.26,0.277,0.463,0.935,1.348
2026-10-04,2027-01-16,Liverpool,Crystal Palace,0.622,0.21,0.169,2.003,0.936
2026-10-04,2027-01-16,Hull City,Arsenal,0.247,0.282,0.472,0.875,1.326
2026-10-04,2027-01-16,Newcastle United,Fulham,0.511,0.239,0.25,1.708,1.122
2026-10-04,2027-01-23,Ipswich Town,Hull City,0.306,0.253,0.44,1.217,1.511
2026-10-04,2027-01-23,Everton,Brentford,0.367,0.275,0.357,1.219,1.199
2026-10-04,2027-01-23,Sunderland,Coventry City,0.565,0.237,0.198,1.727,0.917
2026-10-04,2027-01-23,Nottingham Forest,Bournemouth,0.407,0.275,0.319,1.294,1.112
2026-10-04,2027-01-23,Arsenal,Newcastle United,0.639,0.206,0.154,2.011,0.871
2026-10-04,2027-01-23,Leeds United,Chelsea,0.536,0.229,0.235,1.828,1.136
2026-10-04,2027-01-23,Fulham,Aston Villa,0.412,0.264,0.324,1.383,1.196
2026-10-04,2027-01-23,Manchester United,Liverpool,0.49,0.234,0.277,1.763,1.271
2026-10-04,2027-01-23,Brighton & Hove Albion,Manchester City,0.4,0.236,0.364,1.618,1.534
2026-10-04,2027-01-23,Crystal Palace,Tottenham Hotspur,0.462,0.26,0.278,1.479,1.086
2026-10-04,2027-01-30,Tottenham Hotspur,Sunderland,0.389,0.268,0.342,1.309,1.209
2026-10-04,2027-01-30,Brentford,Manchester United,0.459,0.238,0.302,1.683,1.324
2026-10-04,2027-01-30,Newcastle United,Brighton & Hove Albion,0.313,0.222,0.465,1.525,1.893
2026-10-04,2027-01-30,Hull City,Crystal Palace,0.526,0.247,0.227,1.63,0.979
2026-10-04,2027-01-30,Coventry City,Leeds United,0.232,0.267,0.501,0.893,1.45
2026-10-04,2027-01-30,Bournemouth,Fulham,0.527,0.253,0.219,1.572,0.915
2026-10-04,2027-01-30,Chelsea,Nottingham Forest,0.416,0.248,0.336,1.525,1.346
2026-10-04,2027-01-30,Liverpool,Everton,0.49,0.261,0.249,1.493,0.985
2026-10-04,2027-01-30,Manchester City,Arsenal,0.463,0.264,0.273,1.445,1.043
2026-10-04,2027-01-30,Aston Villa,Ipswich Town,0.635,0.194,0.171,2.231,1.074
2026-10-04,2027-02-06,Arsenal,Liverpool,0.561,0.247,0.192,1.628,0.837
2026-10-04,2027-02-06,Brighton & Hove Albion,Hull City,0.635,0.204,0.161,2.058,0.928
2026-10-04,2027-02-06,Sunderland,Aston Villa,0.403,0.249,0.348,1.494,1.37
2026-10-04,2027-02-06,Crystal Palace,Coventry City,0.53,0.246,0.224,1.645,0.977
2026-10-04,2027-02-06,Ipswich Town,Tottenham Hotspur,0.404,0.256,0.34,1.432,1.293
2026-10-04,2027-02-06,Everton,Newcastle United,0.455,0.25,0.295,1.562,1.21
2026-10-04,2027-02-06,Fulham,Manchester City,0.21,0.238,0.552,0.959,1.718
2026-10-04,2027-02-06,Leeds United,Bournemouth,0.438,0.27,0.291,1.369,1.064
2026-10-04,2027-02-06,Manchester United,Chelsea,0.612,0.19,0.199,2.371,1.301
2026-10-04,2027-02-06,Nottingham Forest,Brentford,0.373,0.274,0.353,1.239,1.197
2026-10-04,2027-02-10,Everton,Leeds United,0.39,0.291,0.318,1.165,1.021
2026-10-04,2027-02-10,Coventry City,Liverpool,0.222,0.245,0.533,0.969,1.651
2026-10-04,2027-02-10,Hull City,Sunderland,0.489,0.256,0.254,1.53,1.027
2026-10-04,2027-02-10,Aston Villa,Bournemouth,0.395,0.251,0.354,1.458,1.368
2026-10-04,2027-02-10,Crystal Palace,Brentford,0.275,0.247,0.478,1.159,1.608
2026-10-04,2027-02-10,Newcastle United,Chelsea,0.524,0.206,0.27,2.167,1.523
2026-10-04,2027-02-10,Fulham,Nottingham Forest,0.37,0.292,0.338,1.124,1.061
2026-10-04,2027-02-10,Tottenham Hotspur,Manchester City,0.159,0.209,0.632,0.886,1.995
2026-10-04,2027-02-10,Manchester United,Brighton & Hove Albion,0.396,0.231,0.373,1.669,1.616
2026-10-04,2027-02-10,Ipswich Town,Arsenal,0.147,0.21,0.643,0.808,1.954
2026-10-04,2027-02-20,Manchester City,Newcastle United,0.705,0.164,0.131,2.57,1.032
2026-10-04,2027-02-20,Bournemouth,Crystal Palace,0.602,0.218,0.18,1.919,0.942
2026-10-04,2027-02-20,Brentford,Coventry City,0.708,0.182,0.11,2.185,0.728
2026-10-04,2027-02-20,Chelsea,Ipswich Town,0.642,0.182,0.176,2.44,1.219
2026-10-04,2027-02-20,Liverpool,Hull City,0.523,0.248,0.229,1.619,0.981
2026-10-04,2027-02-20,Arsenal,Fulham,0.639,0.23,0.132,1.726,0.631
2026-10-04,2027-02-20,Nottingham Forest,Manchester United,0.378,0.259,0.363,1.355,1.323
2026-10-04,2027-02-20,Brighton & Hove Albion,Tottenham Hotspur,0.733,0.163,0.104,2.422,0.794
2026-10-04,2027-02-20,Sunderland,Everton,0.367,0.276,0.357,1.216,1.196
2026-10-04,2027-02-20,Leeds United,Aston Villa,0.507,0.249,0.245,1.611,1.039
2026-10-04,2027-02-27,Crystal Palace,Sunderland,0.416,0.255,0.329,1.459,1.271
2026-10-04,2027-02-27,Manchester United,Arsenal,0.34,0.266,0.394,1.224,1.337
2026-10-04,2027-02-27,Ipswich Town,Brighton & Hove Albion,0.163,0.184,0.653,1.101,2.361
2026-10-04,2027-02-27,Coventry City,Bournemouth,0.233,0.252,0.515,0.976,1.581
2026-10-04,2027-02-27,Everton,Nottingham Forest,0.419,0.29,0.292,1.218,0.965
2026-10-04,2027-02-27,Fulham,Leeds United,0.342,0.291,0.366,1.075,1.122
2026-10-04,2027-02-27,Aston Villa,Chelsea,0.49,0.22,0.29,1.948,1.461
2026-10-04,2027-02-27,Tottenham Hotspur,Liverpool,0.275,0.26,0.465,1.078,1.484
2026-10-04,2027-02-27,Newcastle United,Brentford,0.385,0.239,0.376,1.554,1.535
2026-10-04,2027-02-27,Hull City,Manchester City,0.231,0.241,0.528,1.036,1.695
2026-10-04,2027-03-03,Nottingham Forest,Newcastle United,0.461,0.248,0.291,1.587,1.209
2026-10-04,2027-03-03,Bournemouth,Tottenham Hotspur,0.606,0.225,0.169,1.825,0.845
2026-10-04,2027-03-03,Manchester City,Everton,0.653,0.204,0.142,2.006,0.81
2026-10-04,2027-03-03,Arsenal,Crystal Palace,0.713,0.185,0.102,2.107,0.65
2026-10-04,2027-03-03,Leeds United,Hull City,0.491,0.27,0.239,1.422,0.904
2026-10-04,2027-03-03,Sunderland,Manchester United,0.306,0.239,0.454,1.33,1.668
2026-10-04,2027-03-03,Liverpool,Aston Villa,0.539,0.229,0.233,1.834,1.128
2026-10-04,2027-03-03,Brighton & Hove Albion,Fulham,0.657,0.199,0.145,2.085,0.86
2026-10-04,2027-03-03,Brentford,Ipswich Town,0.721,0.165,0.114,2.459,0.874
2026-10-04,2027-03-03,Chelsea,Coventry City,0.636,0.197,0.167,2.168,1.016
2026-10-04,2027-03-13,Leeds United,Brighton & Hove Albion,0.342,0.258,0.4,1.287,1.411
2026-10-04,2027-03-13,Tottenham Hotspur,Nottingham Forest,0.31,0.284,0.406,1.038,1.232
2026-10-04,2027-03-13,Crystal Palace,Fulham,0.387,0.273,0.34,1.273,1.176
2026-10-04,2027-03-13,Liverpool,Ipswich Town,0.702,0.173,0.125,2.385,0.906
2026-10-04,2027-03-13,Coventry City,Manchester City,0.12,0.182,0.697,0.797,2.219
2026-10-04,2027-03-13,Bournemouth,Newcastle United,0.507,0.229,0.264,1.831,1.264
2026-10-04,2027-03-13,Chelsea,Arsenal,0.245,0.24,0.515,1.1,1.706
2026-10-04,2027-03-13,Aston Villa,Hull City,0.454,0.255,0.291,1.515,1.162
2026-10-04,2027-03-13,Manchester United,Everton,0.529,0.24,0.231,1.7,1.038
2026-10-04,2027-03-13,Sunderland,Brentford,0.306,0.254,0.44,1.217,1.51
2026-10-04,2027-03-20,Brentford,Bournemouth,0.488,0.248,0.264,1.607,1.114
2026-10-04,2027-03-20,Brighton & Hove Albion,Coventry City,0.791,0.135,0.074,2.694,0.715
2026-10-04,2027-03-20,Manchester City,Manchester United,0.616,0.198,0.186,2.194,1.129
2026-10-04,2027-03-20,Ipswich Town,Crystal Palace,0.392,0.245,0.363,1.506,1.441
2026-10-04,2027-03-20,Arsenal,Sunderland,0.68,0.201,0.119,1.978,0.682
2026-10-04,2027-03-20,Fulham,Liverpool,0.337,0.273,0.39,1.167,1.278
2026-10-04,2027-03-20,Hull City,Chelsea,0.469,0.238,0.292,1.694,1.29
2026-10-04,2027-03-20,Nottingham Forest,Aston Villa,0.473,0.256,0.271,1.523,1.087
2026-10-04,2027-03-20,Everton,Tottenham Hotspur,0.55,0.255,0.195,1.556,0.809
2026-10-04,2027-03-20,Newcastle United,Leeds United,0.414,0.252,0.334,1.484,1.308
2026-10-04,2027-04-10,Sunderland,Ipswich Town,0.57,0.219,0.211,1.943,1.101
2026-10-04,2027-04-10,Leeds United,Nottingham Forest,0.455,0.282,0.263,1.309,0.922
2026-10-04,2027-04-10,Manchester United,Hull City,0.563,0.227,0.21,1.844,1.035
2026-10-04,2027-04-10,Chelsea,Fulham,0.481,0.241,0.279,1.679,1.222
2026-10-04,2027-04-10,Liverpool,Newcastle United,0.527,0.223,0.25,1.912,1.255
2026-10-04,2027-04-10,Coventry City,Arsenal,0.14,0.23,0.63,0.673,1.736
2026-10-04,2027-04-10,Bournemouth,Manchester City,0.286,0.244,0.47,1.219,1.632
2026-10-04,2027-04-10,Crystal Palace,Everton,0.335,0.274,0.391,1.158,1.274
2026-10-04,2027-04-10,Tottenham Hotspur,Brentford,0.258,0.256,0.486,1.039,1.53
2026-10-04,2027-04-10,Aston Villa,Brighton & Hove Albion,0.291,0.229,0.48,1.371,1.815
2026-10-04,2027-04-17,Brighton & Hove Albion,Chelsea,0.689,0.165,0.146,2.646,1.168
2026-10-04,2027-04-17,Fulham,Sunderland,0.456,0.267,0.277,1.418,1.041
2026-10-04,2027-04-17,Brentford,Leeds United,0.475,0.262,0.263,1.47,1.021
2026-10-04,2027-04-17,Nottingham Forest,Liverpool,0.393,0.273,0.334,1.285,1.161
2026-10-04,2027-04-17,Hull City,Coventry City,0.597,0.235,0.169,1.724,0.79
2026-10-04,2027-04-17,Arsenal,Aston Villa,0.644,0.212,0.145,1.929,0.783
2026-10-04,2027-04-17,Ipswich Town,Manchester United,0.216,0.207,0.577,1.227,2.115
2026-10-04,2027-04-17,Manchester City,Crystal Palace,0.779,0.139,0.082,2.692,0.769
2026-10-04,2027-04-17,Newcastle United,Tottenham Hotspur,0.593,0.214,0.192,1.983,1.037
2026-10-04,2027-04-17,Everton,Bournemouth,0.4,0.276,0.323,1.273,1.114
2026-10-04,2027-04-24,Chelsea,Manchester City,0.223,0.203,0.574,1.302,2.179
2026-10-04,2027-04-24,Bournemouth,Arsenal,0.299,0.28,0.421,1.03,1.277
2026-10-04,2027-04-24,Tottenham Hotspur,Hull City,0.34,0.281,0.379,1.127,1.207
2026-10-04,2027-04-24,Manchester United,Crystal Palace,0.665,0.186,0.149,2.281,0.987
2026-10-04,2027-04-24,Everton,Brighton & Hove Albion,0.307,0.257,0.436,1.197,1.478
2026-10-04,2027-04-24,Nottingham Forest,Sunderland,0.517,0.254,0.229,1.561,0.946
2026-10-04,2027-04-24,Newcastle United,Ipswich Town,0.671,0.175,0.153,2.482,1.119
2026-10-04,2027-04-24,Aston Villa,Coventry City,0.628,0.21,0.162,1.983,0.895
2026-10-04,2027-04-24,Brentford,Fulham,0.567,0.24,0.193,1.692,0.876
2026-10-04,2027-04-24,Leeds United,Liverpool,0.425,0.269,0.306,1.359,1.11
2026-10-04,2027-05-01,Sunderland,Newcastle United,0.388,0.239,0.373,1.558,1.524
2026-10-04,2027-05-01,Brighton & Hove Albion,Nottingham Forest,0.596,0.22,0.184,1.895,0.947
2026-10-04,2027-05-01,Coventry City,Manchester United,0.202,0.223,0.574,1.022,1.88
2026-10-04,2027-05-01,Hull City,Bournemouth,0.379,0.271,0.35,1.268,1.208
2026-10-04,2027-05-01,Manchester City,Brentford,0.602,0.212,0.186,2.007,1.022
2026-10-04,2027-05-01,Fulham,Everton,0.374,0.293,0.333,1.125,1.044
2026-10-04,2027-05-01,Liverpool,Chelsea,0.569,0.21,0.221,2.082,1.233
2026-10-04,2027-05-01,Arsenal,Tottenham Hotspur,0.71,0.192,0.097,2.004,0.583
2026-10-04,2027-05-01,Crystal Palace,Aston Villa,0.368,0.249,0.384,1.423,1.46
2026-10-04,2027-05-01,Ipswich Town,Leeds United,0.25,0.246,0.504,1.072,1.631
2026-10-04,2027-05-08,Manchester City,Liverpool,0.625,0.204,0.171,2.081,0.991
2026-10-04,2027-05-08,Leeds United,Arsenal,0.295,0.296,0.409,0.944,1.168
2026-10-04,2027-05-08,Fulham,Ipswich Town,0.571,0.23,0.199,1.798,0.961
2026-10-04,2027-05-08,Nottingham Forest,Crystal Palace,0.553,0.244,0.203,1.663,0.901
2026-10-04,2027-05-08,Brentford,Aston Villa,0.561,0.223,0.216,1.891,1.088
2026-10-04,2027-05-08,Newcastle United,Coventry City,0.663,0.19,0.147,2.206,0.933
2026-10-04,2027-05-08,Brighton & Hove Albion,Sunderland,0.697,0.174,0.129,2.39,0.93
2026-10-04,2027-05-08,Tottenham Hotspur,Chelsea,0.363,0.244,0.393,1.449,1.518
2026-10-04,2027-05-08,Everton,Hull City,0.453,0.28,0.267,1.322,0.946
2026-10-04,2027-05-08,Bournemouth,Manchester United,0.418,0.244,0.338,1.564,1.383
2026-10-04,2027-05-15,Hull City,Fulham,0.456,0.278,0.266,1.335,0.951
2026-10-04,2027-05-15,Manchester United,Leeds United,0.492,0.247,0.262,1.624,1.117
2026-10-04,2027-05-15,Crystal Palace,Brighton & Hove Albion,0.214,0.216,0.57,1.137,1.982
2026-10-04,2027-05-15,Aston Villa,Newcastle United,0.449,0.229,0.322,1.789,1.487
2026-10-04,2027-05-15,Chelsea,Everton,0.421,0.249,0.33,1.527,1.324
2026-10-04,2027-05-15,Coventry City,Tottenham Hotspur,0.371,0.281,0.349,1.193,1.149
2026-10-04,2027-05-15,Sunderland,Bournemouth,0.34,0.259,0.401,1.27,1.403
2026-10-04,2027-05-15,Liverpool,Brentford,0.43,0.254,0.316,1.493,1.243
2026-10-04,2027-05-15,Ipswich Town,Manchester City,0.124,0.166,0.709,0.957,2.496
2026-10-04,2027-05-15,Arsenal,Nottingham Forest,0.584,0.252,0.164,1.568,0.695
2026-10-04,2027-05-23,Brentford,Hull City,0.544,0.243,0.213,1.669,0.946
2026-10-04,2027-05-23,Newcastle United,Crystal Palace,0.587,0.208,0.205,2.085,1.156
2026-10-04,2027-05-23,Tottenham Hotspur,Manchester United,0.256,0.241,0.503,1.137,1.69
2026-10-04,2027-05-23,Leeds United,Sunderland,0.55,0.245,0.206,1.651,0.905
2026-10-04,2027-05-23,Brighton & Hove Albion,Liverpool,0.566,0.217,0.217,1.967,1.141
2026-10-04,2027-05-23,Nottingham Forest,Ipswich Town,0.632,0.21,0.158,1.98,0.873
2026-10-04,2027-05-23,Bournemouth,Chelsea,0.548,0.216,0.235,1.994,1.242
2026-10-04,2027-05-23,Fulham,Coventry City,0.563,0.25,0.187,1.598,0.8
2026-10-04,2027-05-23,Everton,Arsenal,0.265,0.293,0.441,0.878,1.223
2026-10-04,2027-05-23,Manchester City,Aston Villa,0.711,0.167,0.122,2.465,0.928
2026-10-04,2027-05-30,Ipswich Town,Everton,0.281,0.256,0.463,1.122,1.517
2026-10-04,2027-05-30,Arsenal,Brighton & Hove Albion,0.483,0.255,0.262,1.541,1.064
2026-10-04,2027-05-30,Liverpool,Bournemouth,0.467,0.251,0.282,1.559,1.155
2026-10-04,2027-05-30,Coventry City,Nottingham Forest,0.256,0.275,0.469,0.934,1.37
2026-10-04,2027-05-30,Aston Villa,Tottenham Hotspur,0.559,0.232,0.209,1.783,0.994
2026-10-04,2027-05-30,Hull City,Newcastle United,0.431,0.247,0.322,1.556,1.313
2026-10-04,2027-05-30,Manchester United,Fulham,0.587,0.223,0.19,1.869,0.958
2026-10-04,2027-05-30,Sunderland,Manchester City,0.194,0.216,0.59,1.037,1.968
2026-10-04,2027-05-30,Chelsea,Brentford,0.352,0.234,0.414,1.527,1.672
2026-10-04,2027-05-30,Crystal Palace,Leeds United,0.303,0.269,0.428,1.107,1.37
