date,home,away,hxg,axg,hg,ag,source
2026-08-21,Arsenal,Coventry City,1.85424,0.558336,3,0,understat
2026-08-22,Hull City,Manchester United,1.49627,1.77874,2,0,understat
2026-08-22,Everton,Crystal Palace,1.45085,2.23095,2,0,understat
2026-08-22,Ipswich Town,Sunderland,1.58452,1.17743,2,1,understat
2026-08-22,Nottingham Forest,Leeds United,0.656681,0.466247,0,1,understat
2026-08-22,Brentford,Tottenham Hotspur,4.04155,0.756284,3,0,understat
2026-08-23,Brighton & Hove Albion,Aston Villa,4.00327,0.275249,4,0,understat
2026-08-23,Manchester City,Bournemouth,2.47444,0.707541,2,1,understat
2026-08-23,Newcastle United,Liverpool,1.59465,3.13133,2,2,understat
2026-08-24,Fulham,Chelsea,1.41707,2.58384,2,3,understat
2026-08-28,Crystal Palace,Manchester City,0.926624,2.56662,1,4,understat
2026-08-29,Liverpool,Nottingham Forest,1.27921,2.87937,2,2,understat
2026-08-29,Coventry City,Hull City,1.18233,0.459726,0,1,understat
2026-08-29,Bournemouth,Everton,2.25803,1.66352,1,1,understat
2026-08-29,Tottenham Hotspur,Newcastle United,1.12037,1.00952,0,2,understat
2026-08-30,Sunderland,Fulham,1.56229,1.02405,1,0,understat
2026-08-30,Chelsea,Brighton & Hove Albion,3.8289,1.79173,4,3,understat
2026-08-30,Leeds United,Brentford,1.14993,1.61344,1,1,understat
2026-08-30,Manchester United,Ipswich Town,4.86612,1.80548,5,2,understat
2026-08-31,Aston Villa,Arsenal,0.281925,1.52441,0,1,understat
2026-09-04,Ipswich Town,Liverpool,0.597972,0.744139,0,2,understat
2026-09-05,Newcastle United,Bournemouth,0.771636,1.63891,2,2,understat
2026-09-05,Manchester City,Coventry City,2.19038,1.49306,1,0,understat
2026-09-05,Nottingham Forest,Tottenham Hotspur,0.831692,1.48446,0,0,understat
2026-09-05,Fulham,Crystal Palace,2.88274,2.35981,2,3,understat
2026-09-05,Brentford,Sunderland,1.58584,2.15489,1,1,understat
2026-09-05,Brighton & Hove Albion,Leeds United,2.22026,2.23407,1,1,understat
2026-09-05,Hull City,Aston Villa,0.812385,1.63526,0,0,understat
2026-09-06,Everton,Manchester United,1.05629,0.872225,2,2,understat
2026-09-06,Arsenal,Chelsea,2.80555,0.430508,2,1,understat
2026-09-12,Bournemouth,Brentford,2.54949,0.794238,2,2,understat
2026-09-12,Aston Villa,Nottingham Forest,1.08786,2.79451,1,2,understat
2026-09-12,Chelsea,Hull City,1.21374,1.80363,2,2,understat
2026-09-12,Crystal Palace,Ipswich Town,0.937888,2.03423,2,3,understat
2026-09-12,Liverpool,Fulham,1.79832,0.922453,0,0,understat
2026-09-12,Tottenham Hotspur,Everton,0.736856,1.60056,0,0,understat
2026-09-12,Sunderland,Arsenal,2.07033,1.98905,0,2,understat
2026-09-13,Coventry City,Brighton & Hove Albion,1.04812,2.76518,0,5,understat
2026-09-13,Manchester United,Manchester City,0.943406,1.14073,0,1,understat
2026-09-14,Leeds United,Newcastle United,2.2902,0.793165,4,1,understat
2026-09-18,Brentford,Chelsea,2.47935,0.885111,3,0,understat
2026-09-19,Tottenham Hotspur,Aston Villa,1.72177,1.7092,2,3,understat
2026-09-19,Newcastle United,Hull City,1.37521,1.15888,2,1,understat
2026-09-19,Brighton & Hove Albion,Arsenal,2.11268,1.23979,3,0,understat
2026-09-19,Everton,Ipswich Town,2.58285,1.10179,1,0,understat
2026-09-19,Nottingham Forest,Coventry City,1.31852,0.69375,0,1,understat
2026-09-20,Manchester City,Sunderland,2.66856,3.10661,5,3,understat
2026-09-20,Leeds United,Crystal Palace,1.08552,1.12905,0,0,understat
2026-09-20,Bournemouth,Liverpool,0.944706,1.29116,0,1,understat
2026-09-20,Fulham,Manchester United,1.71719,2.12453,1,1,understat
