구분,지역,방향
새 경보,강원 화천군,증가
새 경보,경기 과천시,증가
새 경보,경기 광주시,증가
새 경보,경기 구리시,증가
새 경보,경기 안양시,감소
새 경보,경기 용인시,감소
새 경보,경기 이천시,증가
새 경보,경기 평택시,증가
새 경보,경북 경주시,감소
새 경보,경북 울진군,증가
새 경보,경북 청송군,증가
새 경보,광주 광산구,감소
새 경보,광주 남구,감소
새 경보,광주 북구,증가
새 경보,광주 서구,증가
새 경보,대구 남구,증가
새 경보,대전 유성구,증가
새 경보,대전 중구,감소
새 경보,부산 남구,증가
새 경보,부산 부산진구,감소
새 경보,부산 수영구,증가
새 경보,서울 강동구,감소
새 경보,서울 강북구,증가
새 경보,서울 성북구,감소
새 경보,서울 송파구,증가
새 경보,인천 남동구,증가
새 경보,인천 동구,증가
새 경보,인천 연수구,감소
새 경보,인천 중구,감소
새 경보,전남 구례군,증가
새 경보,전남 목포시,증가
새 경보,전남 무안군,감소
새 경보,전남 보성군,증가
새 경보,전남 신안군,감소
새 경보,전남 영암군,증가
새 경보,전남 함평군,증가
새 경보,전북 김제시,감소
새 경보,전북 무주군,증가
새 경보,전북 진안군,증가
새 경보,충남 아산시,증가
새 경보,충북 괴산군,감소
새 경보,충북 보은군,증가
새 경보,충북 진천군,감소
새 경보,충북 청주시,증가
