지역,반영,경보월,방향,예측대비_누적차이,이탈률,상태
경기 수원시,1~12월,8월,증가,864.0,+13.3%,유지
서울 강동구,1~12월,2월,증가,792.0,+38.3%,유지
경기 안양시,1~12월,5월,증가,571.0,+20.0%,유지
서울 송파구,1~12월,6월,증가,500.0,+16.3%,유지
서울 강서구,1~12월,9월,증가,461.0,+16.2%,유지
서울 관악구,1~12월,8월,증가,444.0,+18.5%,유지
서울 노원구,1~12월,2월,증가,411.0,+23.7%,유지
서울 구로구,1~12월,4월,증가,405.0,+21.3%,유지
경기 광명시,1~12월,4월,증가,403.0,+32.0%,유지
서울 동대문구,1~12월,4월,증가,402.0,+27.0%,유지
서울 영등포구,1~12월,6월,증가,402.0,+16.0%,유지
서울 성북구,1~12월,4월,증가,380.0,+23.9%,유지
부산 부산진구,1~12월,7월,증가,318.0,+20.1%,유지
경기 파주시,1~12월,7월,증가,290.0,+14.4%,유지
서울 용산구,1~12월,5월,증가,284.0,+25.7%,유지
서울 성동구,1~12월,8월,증가,270.0,+17.1%,유지
서울 은평구,1~12월,6월,증가,263.0,+14.0%,유지
서울 광진구,1~12월,10월,증가,239.0,+15.8%,유지
울산 남구,1~12월,9월,증가,226.0,+15.7%,유지
경기 하남시,1~12월,4월,증가,208.0,+13.8%,유지
경기 구리시,1~12월,7월,증가,204.0,+29.3%,유지
대전 동구,1~12월,7월,증가,199.0,+19.9%,유지
경북 구미시,1~12월,7월,증가,185.0,+10.9%,해소
경기 양주시,1~12월,4월,증가,179.0,+15.0%,유지
서울 도봉구,1~12월,9월,증가,174.0,+17.8%,유지
부산 동래구,1~12월,7월,증가,160.0,+18.6%,유지
광주 남구,1~12월,5월,증가,136.0,+20.5%,유지
경기 의왕시,1~12월,8월,증가,135.0,+22.3%,유지
서울 강북구,1~12월,6월,증가,133.0,+14.9%,유지
부산 강서구,1~12월,7월,증가,129.0,+19.8%,유지
충북 제천시,1~12월,5월,증가,128.0,+31.6%,유지
부산 기장군,1~12월,10월,증가,118.0,+18.7%,유지
인천 중구,1~12월,9월,증가,109.0,+12.5%,해소
부산 연제구,1~12월,9월,증가,107.0,+12.6%,유지
서울 종로구,1~12월,8월,증가,102.0,+19.9%,유지
대구 수성구,1~12월,7월,증가,99.0,+8.5%,해소
전북 익산시,1~12월,6월,증가,98.0,+10.5%,해소
경북 칠곡군,1~12월,4월,감소,-97.0,-24.1%,유지
경남 양산시,1~12월,3월,감소,-83.0,-5.7%,해소
충남 홍성군,1~12월,7월,증가,68.0,+20.2%,유지
경기 양평군,1~12월,5월,증가,65.0,+18.3%,유지
부산 금정구,1~12월,9월,증가,61.0,+10.0%,해소
경남 사천시,1~12월,12월,증가,59.0,+14.8%,유지
충북 음성군,1~12월,12월,증가,55.0,+15.4%,유지
경기 안성시,1~12월,6월,감소,23.0,+2.5%,해소
