query_id,country,indicator,period,value,note
0,KR,births,2026-07,24275,7월 출생아
0,KR,births_yoy,2026-07,11.1,
0,KR,births_cum,2026-01~07,170079,1~7월 누적
0,KR,births_cum_yoy,2026-01~07,14.7,
0,KR,marriages,2026-Q2,62065,2분기 혼인
0,KR,marriages_yoy,2026-Q2,4.9,
1,KR,births,2025,254300,확정치 (2026.8.26)
1,KR,births_yoy,2025,6.7,
1,KR,tfr,2025,0.8,
1,KR,fert_30_34,2025,73.1,여성 1천 명당
1,KR,mothers35_share,2025,37.3,
2,JP,births,2026-H1,342068,외국인 포함 속보치
2,JP,births_yoy,2026-H1,0.8,
2,JP,marriages,2026-H1,238979,
2,JP,marriages_yoy,2026-H1,0.2,
2,JP,deaths,2026-H1,778982,
2,JP,natural_decrease,2026-H1,436914,
3,KR,births,2026-07,24275,
3,KR,births_yoy,2026-07,11.1,
3,KR,births,2026-05,23160,
3,KR,births_yoy,2026-05,13.6,
3,KR,births_cum,2026-01~05,122694,
3,KR,births_cum_yoy,2026-01~05,15.2,
3,KR,marriages,2026-04,20622,
3,KR,marriages_yoy,2026-04,9.0,
3,KR,marriages,2026-05,20368,
3,KR,marriages_yoy,2026-05,-6.4,감소
3,KR,marriages,2026-07,22282,
3,KR,marriages_yoy,2026-07,9.3,
4,JP,births,2026-H1,342068,
4,JP,births_yoy,2026-H1,0.8,
4,JP,marriages,2026-H1,238979,
4,JP,divorces,2026-H1,90177,
4,JP,deaths,2026-H1,778982,
2,JP,deaths_yoy,2026-H1,-6.9,정답 기준에서 처음에 빠뜨림 (사망 6.9% 감소)
