K,quit,eve,30억+,10억+,ruin_max,ruin_med,median_W
9,0.5,0.5,0.038,0.166,0.3325,0.0765,4.06875
9,0.75,0.5,0.035,0.1645,0.084,0.010750000000000001,4.51125
9,1.0,0.5,0.035,0.1645,0.084,0.010750000000000001,4.51125
12,0.5,0.5,0.03425,0.14150000000000001,0.369,0.08549999999999999,3.87125
12,0.75,0.5,0.03175,0.1465,0.0975,0.01075,4.20625
12,1.0,0.5,0.03175,0.1465,0.0975,0.01075,4.20625
6,0.5,0.5,0.031,0.1375,0.287,0.06325,4.24125
9,0.5,0.3,0.029249999999999998,0.13375,0.2105,0.044,3.7125
12,0.5,0.3,0.027,0.12225,0.244,0.0515,3.5175
6,0.75,0.5,0.02675,0.132,0.06,0.00825,4.62125
6,1.0,0.5,0.02675,0.132,0.06,0.00825,4.62125
9,0.5,0.2,0.02425,0.10725,0.136,0.027499999999999997,3.3075
18,0.5,0.5,0.02375,0.109,0.414,0.0985,3.432245528578598
6,0.5,0.3,0.022,0.11875,0.168,0.0335,3.9225
12,0.5,0.2,0.0215,0.09025,0.156,0.0315,3.13
18,0.75,0.5,0.021249999999999998,0.104,0.1175,0.01825,3.96375
9,1.0,0.3,0.021249999999999998,0.11524999999999999,0.0375,0.00425,3.9375
18,1.0,0.5,0.021249999999999998,0.104,0.1175,0.01825,3.96375
9,0.75,0.3,0.021249999999999998,0.11524999999999999,0.0375,0.00425,3.9375
18,0.5,0.3,0.02,0.08675,0.2735,0.06675,3.2
12,0.75,0.3,0.019,0.10350000000000001,0.0405,0.00625,3.79375
12,1.0,0.3,0.019,0.10350000000000001,0.0405,0.00625,3.79375
6,0.75,0.3,0.01875,0.1045,0.024,0.00275,4.105
6,1.0,0.3,0.01875,0.1045,0.024,0.00275,4.105
6,0.5,0.2,0.018500000000000003,0.09375,0.0985,0.02475,3.45375
9,1.5,0.5,0.0175,0.134,0.002,0.0,5.26625
12,1.5,0.5,0.01725,0.12125,0.0025,0.0,5.0925
18,0.5,0.2,0.01575,0.07125,0.1675,0.042499999999999996,2.9075
6,1.5,0.5,0.015,0.10475,0.0015,0.0,5.41
9,0.75,0.2,0.014,0.07625,0.014,0.00175,3.49125
18,0.75,0.3,0.014,0.0765,0.049,0.007,3.54125
18,1.0,0.3,0.014,0.0765,0.049,0.007,3.54125
9,1.0,0.2,0.014,0.07625,0.014,0.00175,3.49125
18,1.5,0.5,0.01375,0.08424999999999999,0.002,0.0,4.875
12,1.0,0.2,0.013,0.06575,0.0205,0.0025,3.4325
12,0.75,0.2,0.013,0.06575,0.0205,0.0025,3.4325
6,0.75,0.2,0.0115,0.065,0.0115,0.0015,3.59125
6,1.0,0.2,0.0115,0.065,0.0115,0.0015,3.59125
18,0.75,0.2,0.0085,0.048,0.021,0.0035,3.26375
18,1.0,0.2,0.0085,0.048,0.021,0.0035,3.26375
9,1.5,0.3,0.008,0.05375,0.001,0.0,4.75125
12,1.5,0.3,0.00675,0.051000000000000004,0.001,0.0,4.65125
6,1.5,0.3,0.00575,0.04375,0.0005,0.0,4.78875
18,1.5,0.3,0.0055,0.04325,0.001,0.0,4.545
12,1.5,0.2,0.003,0.0165,0.0005,0.0,4.2475
9,1.5,0.2,0.003,0.01675,0.0005,0.0,4.255
18,1.5,0.2,0.0025,0.013,0.0005,0.0,4.165
6,1.5,0.2,0.002,0.01375,0.0005,0.0,4.29
