world,p,M,lam,half,W0,strat,10억+,30억+,100억+,ruin,median,p10,short3
0,0.04,100000,0.15,0.5,2000.0,A,0.0005,0.0,0.0,0.813,16950.0,16200.0,0.00225
0,0.04,100000,0.15,0.5,2000.0,B,0.00125,0.0005,0.0,0.988,17100.0,15900.0,0.004
0,0.04,100000,0.15,0.5,2000.0,C,0.00225,0.0005,0.0,0.9745,17100.0,15750.0,0.01475
0,0.04,100000,0.15,0.5,2000.0,C2,0.00375,0.001,0.0,0.91225,16650.0,15150.0,0.011
0,0.04,100000,0.15,0.5,2000.0,D,0.00275,0.0005,0.0,0.991,17100.0,15750.0,0.0185
0,0.04,100000,0.15,0.5,2000.0,H,0.00675,0.001,0.0,0.024,24900.0,10295.000000000002,0.075
0,0.04,100000,0.15,0.5,2000.0,E,0.00375,0.0,0.0,0.0,26000.0,26000.0,0.0
0,0.04,100000,0.15,0.5,2000.0,F,0.081,0.01475,0.0015,0.806,11799.86894846916,1777.7608610417706,0.0
1,0.04,100000,0.15,0.5,6000.0,A,0.0005,0.0,0.0,0.2325,31150.0,13350.0,0.12875
1,0.04,100000,0.15,0.5,6000.0,B,0.0035,0.00025,0.0,0.92175,15150.0,12750.0,0.046
1,0.04,100000,0.15,0.5,6000.0,C,0.009,0.003,0.0,0.83675,15000.0,10650.0,0.179
1,0.04,100000,0.15,0.5,6000.0,C2,0.0145,0.004,0.0,0.65675,14100.0,7600.0,0.23675
1,0.04,100000,0.15,0.5,6000.0,D,0.01075,0.004,0.00025,0.962,15300.0,12750.0,0.16325
1,0.04,100000,0.15,0.5,6000.0,H,0.00925,0.0015,0.0005,0.011,28750.0,14650.0,0.07575
1,0.04,100000,0.15,0.5,6000.0,E,0.00175,0.0,0.0,0.0,30000.0,30000.0,0.0
1,0.04,100000,0.15,0.5,6000.0,F,0.0825,0.0205,0.00275,0.804,11358.6735599455,1589.184494334977,0.0
2,0.04,100000,0.15,0.75,2000.0,A,0.00025,0.0,0.0,0.80525,16950.0,16200.0,0.001
2,0.04,100000,0.15,0.75,2000.0,B,0.00175,0.0,0.0,0.9865,17100.0,15750.0,0.00325
2,0.04,100000,0.15,0.75,2000.0,C,0.00225,0.00025,0.0,0.97625,17100.0,15600.0,0.01275
2,0.04,100000,0.15,0.75,2000.0,C2,0.00375,0.001,0.0,0.9125,16650.0,15300.0,0.01375
2,0.04,100000,0.15,0.75,2000.0,D,0.0025,0.00025,0.0,0.994,17100.0,15750.0,0.01825
2,0.04,100000,0.15,0.75,2000.0,H,0.00875,0.00325,0.00025,0.0265,25300.0,10650.0,0.0785
2,0.04,100000,0.15,0.75,2000.0,E,0.00125,0.0,0.0,0.0,26000.0,26000.0,0.0
2,0.04,100000,0.15,0.75,2000.0,F,0.07475,0.015,0.00175,0.7955,11964.338589981151,1629.715456597785,0.0
3,0.04,100000,0.15,0.75,6000.0,A,0.00075,0.0,0.0,0.24125,31200.0,13350.0,0.1255
3,0.04,100000,0.15,0.75,6000.0,B,0.00625,0.00125,0.0,0.9105,15150.0,12445.000000000002,0.0585
3,0.04,100000,0.15,0.75,6000.0,C,0.01825,0.004,0.00025,0.81975,15000.0,10350.0,0.203
3,0.04,100000,0.15,0.75,6000.0,C2,0.0175,0.003,0.00025,0.64875,14250.0,7800.0,0.241
3,0.04,100000,0.15,0.75,6000.0,D,0.013,0.003,0.0,0.962,15300.0,12750.0,0.1615
3,0.04,100000,0.15,0.75,6000.0,H,0.01025,0.0025,0.00025,0.01175,29100.0,14450.0,0.08325
3,0.04,100000,0.15,0.75,6000.0,E,0.0025,0.0,0.0,0.0,30000.0,30000.0,0.0
3,0.04,100000,0.15,0.75,6000.0,F,0.0795,0.021,0.002,0.7915,11356.08333222189,1651.5580094455163,0.0
4,0.04,100000,0.3,0.5,2000.0,A,0.298,0.0,0.0,0.367,80150.0,16500.0,0.0
4,0.04,100000,0.3,0.5,2000.0,B,0.00375,0.001,0.0,0.91475,17100.0,15750.0,0.0025
4,0.04,100000,0.3,0.5,2000.0,C,0.004,0.00125,0.00025,0.8915,17100.0,15900.0,0.00825
4,0.04,100000,0.3,0.5,2000.0,C2,0.02,0.00175,0.00025,0.4885,16950.0,15450.0,0.00325
4,0.04,100000,0.3,0.5,2000.0,D,0.00375,0.00075,0.00025,0.9895,17100.0,15750.0,0.022
4,0.04,100000,0.3,0.5,2000.0,H,0.01775,0.0025,0.0005,0.0105,33575.0,18200.0,0.01575
4,0.04,100000,0.3,0.5,2000.0,E,0.0015,0.0,0.0,0.0,26000.0,26000.0,0.0
4,0.04,100000,0.3,0.5,2000.0,F,0.074,0.014,0.00075,0.78925,11389.012825175203,1667.9927974238765,0.0
5,0.04,100000,0.3,0.5,6000.0,A,0.4615,0.0,0.0,0.00875,97750.0,68300.0,0.00625
5,0.04,100000,0.3,0.5,6000.0,B,0.00775,0.0015,0.0,0.5465,15600.0,13200.0,0.02325
5,0.04,100000,0.3,0.5,6000.0,C,0.02125,0.0035,0.0005,0.42025,21950.0,13350.0,0.07975
5,0.04,100000,0.3,0.5,6000.0,C2,0.034,0.006,0.0005,0.12125,40700.0,13800.0,0.04725
5,0.04,100000,0.3,0.5,6000.0,D,0.01475,0.00325,0.00025,0.9485,15300.0,12750.0,0.16725
5,0.04,100000,0.3,0.5,6000.0,H,0.02025,0.00325,0.00025,0.002,37868.64645543277,22450.0,0.01625
5,0.04,100000,0.3,0.5,6000.0,E,0.002,0.0,0.0,0.0,30000.0,30000.0,0.0
5,0.04,100000,0.3,0.5,6000.0,F,0.09075,0.02375,0.00325,0.78725,11636.625650701848,1703.328532694498,0.0
6,0.04,100000,0.3,0.75,2000.0,A,0.297,0.0,0.0,0.356,80800.0,16500.0,0.0
6,0.04,100000,0.3,0.75,2000.0,B,0.005,0.001,0.0,0.90775,17100.0,15600.0,0.00075
6,0.04,100000,0.3,0.75,2000.0,C,0.00775,0.0025,0.00025,0.867,17100.0,15900.0,0.00825
6,0.04,100000,0.3,0.75,2000.0,C2,0.02875,0.00575,0.00075,0.477,18300.0,15600.0,0.00425
6,0.04,100000,0.3,0.75,2000.0,D,0.0025,0.00075,0.0,0.99,17100.0,15750.0,0.0215
6,0.04,100000,0.3,0.75,2000.0,H,0.0215,0.0025,0.0,0.012,35000.0,18445.0,0.01625
6,0.04,100000,0.3,0.75,2000.0,E,0.0015,0.0,0.0,0.0,26000.0,26000.0,0.0
6,0.04,100000,0.3,0.75,2000.0,F,0.07125,0.01925,0.00125,0.8,11718.872533521597,1669.169352991468,0.0
7,0.04,100000,0.3,0.75,6000.0,A,0.4495,0.0,0.0,0.00825,96900.0,68290.0,0.0035
7,0.04,100000,0.3,0.75,6000.0,B,0.012,0.00275,0.0,0.537,15600.0,13050.0,0.02475
7,0.04,100000,0.3,0.75,6000.0,C,0.03075,0.00575,0.0005,0.418,22400.0,13350.0,0.08175
7,0.04,100000,0.3,0.75,6000.0,C2,0.0465,0.00825,0.001,0.12175,42400.0,13800.0,0.0445
7,0.04,100000,0.3,0.75,6000.0,D,0.01325,0.00375,0.00075,0.9585,15300.0,12750.0,0.142
7,0.04,100000,0.3,0.75,6000.0,H,0.03075,0.0045,0.00025,0.003,38900.0,23300.0,0.019
7,0.04,100000,0.3,0.75,6000.0,E,0.001,0.0,0.0,0.0,30000.0,30000.0,0.0
7,0.04,100000,0.3,0.75,6000.0,F,0.0785,0.02,0.00225,0.80575,12069.824504880053,1697.4586583401685,0.0
8,0.04,100000,0.5,0.5,2000.0,A,0.9495,0.0,0.0,0.0495,178700.0,138890.0,0.0
8,0.04,100000,0.5,0.5,2000.0,B,0.0355,0.001,0.00025,0.737,17100.0,16500.0,0.0
8,0.04,100000,0.5,0.5,2000.0,C,0.058,0.00125,0.0,0.7125,17100.0,16650.0,0.00075
8,0.04,100000,0.5,0.5,2000.0,C2,0.276,0.00425,0.00025,0.08375,84800.0,40500.0,0.00025
8,0.04,100000,0.5,0.5,2000.0,D,0.00325,0.0005,0.0,0.9885,17100.0,15750.0,0.015
8,0.04,100000,0.5,0.5,2000.0,H,0.09825,0.006,0.0005,0.00225,68050.0,42295.0,0.0005
8,0.04,100000,0.5,0.5,2000.0,E,0.00175,0.0,0.0,0.0,26000.0,26000.0,0.0
8,0.04,100000,0.5,0.5,2000.0,F,0.074,0.01425,0.00225,0.78825,11589.62139433821,1659.327654076211,0.0
9,0.04,100000,0.5,0.5,6000.0,A,0.99975,0.0,0.0,0.0,183100.0,149300.0,0.0
9,0.04,100000,0.5,0.5,6000.0,B,0.087,0.00075,0.0,0.14575,65800.0,15300.0,0.00175
9,0.04,100000,0.5,0.5,6000.0,C,0.1555,0.00975,0.001,0.10775,72500.0,15600.0,0.01075
9,0.04,100000,0.5,0.5,6000.0,C2,0.3585,0.007,0.00025,0.00375,90400.0,59100.0,0.00125
9,0.04,100000,0.5,0.5,6000.0,D,0.013,0.00275,0.0005,0.9525,15300.0,12750.0,0.15075
9,0.04,100000,0.5,0.5,6000.0,H,0.1345,0.006,0.0,0.00025,72650.0,46395.0,0.00025
9,0.04,100000,0.5,0.5,6000.0,E,0.003,0.0,0.0,0.0,30000.0,30000.0,0.0
9,0.04,100000,0.5,0.5,6000.0,F,0.08475,0.0245,0.003,0.8005,11725.288396350674,1659.711818806642,0.0
10,0.04,100000,0.5,0.75,2000.0,A,0.94875,0.0,0.0,0.05075,177800.0,137300.0,0.0
10,0.04,100000,0.5,0.75,2000.0,B,0.03925,0.00225,0.0,0.71525,17100.0,16500.0,0.0
10,0.04,100000,0.5,0.75,2000.0,C,0.0675,0.003,0.0005,0.69475,17100.0,16500.0,0.0005
10,0.04,100000,0.5,0.75,2000.0,C2,0.2895,0.01075,0.00125,0.0855,85400.0,41290.0,0.0
10,0.04,100000,0.5,0.75,2000.0,D,0.00375,0.001,0.0,0.985,17100.0,15750.0,0.02325
10,0.04,100000,0.5,0.75,2000.0,H,0.1205,0.006,0.0005,0.00075,69400.0,42750.0,0.0005
10,0.04,100000,0.5,0.75,2000.0,E,0.00225,0.0,0.0,0.0,26000.0,26000.0,0.0
10,0.04,100000,0.5,0.75,2000.0,F,0.07125,0.01825,0.003,0.799,10786.510181176625,1584.2232928800745,0.0
11,0.04,100000,0.5,0.75,6000.0,A,0.99925,0.0,0.0,0.0,182900.0,149400.0,0.00025
11,0.04,100000,0.5,0.75,6000.0,B,0.099,0.0065,0.00025,0.1475,65400.0,15150.0,0.003
11,0.04,100000,0.5,0.75,6000.0,C,0.16025,0.01,0.00075,0.099,73600.0,20370.00000000001,0.0055
11,0.04,100000,0.5,0.75,6000.0,C2,0.359,0.012,0.00075,0.00325,90100.0,60790.0,0.002
11,0.04,100000,0.5,0.75,6000.0,D,0.01575,0.0045,0.00025,0.94225,15300.0,12750.0,0.15475
11,0.04,100000,0.5,0.75,6000.0,H,0.1395,0.00775,0.0,0.0,73450.0,46550.0,0.00075
11,0.04,100000,0.5,0.75,6000.0,E,0.0015,0.0,0.0,0.0,30000.0,30000.0,0.0
11,0.04,100000,0.5,0.75,6000.0,F,0.0915,0.025,0.004,0.79225,11922.299639953977,1636.7794054508527,0.0
12,0.04,300000,0.15,0.5,2000.0,A,0.0005,0.0,0.0,0.81575,16950.0,16200.0,0.0015
12,0.04,300000,0.15,0.5,2000.0,B,0.0035,0.00025,0.0,0.98925,17100.0,15900.0,0.004
12,0.04,300000,0.15,0.5,2000.0,C,0.00425,0.00125,0.00025,0.98075,17100.0,15750.0,0.01425
12,0.04,300000,0.15,0.5,2000.0,C2,0.005,0.00225,0.0005,0.90975,16650.0,15150.0,0.01225
12,0.04,300000,0.15,0.5,2000.0,D,0.00775,0.00325,0.00175,0.989,17100.0,15750.0,0.024
12,0.04,300000,0.15,0.5,2000.0,H,0.01175,0.00425,0.00025,0.032,24600.0,10450.0,0.07425
12,0.04,300000,0.15,0.5,2000.0,E,0.0175,0.001,0.0,0.0,26000.0,26000.0,0.0
12,0.04,300000,0.15,0.5,2000.0,F,0.07275,0.0165,0.00075,0.8055,10970.96843820575,1586.4868048423514,0.0
13,0.04,300000,0.15,0.5,6000.0,A,0.00075,0.0,0.0,0.246,31200.0,13350.0,0.12425
13,0.04,300000,0.15,0.5,6000.0,B,0.00425,0.00175,0.00025,0.92075,15150.0,12600.0,0.05175
13,0.04,300000,0.15,0.5,6000.0,C,0.02375,0.0095,0.00125,0.8335,15000.0,10500.0,0.18425
13,0.04,300000,0.15,0.5,6000.0,C2,0.0175,0.0095,0.003,0.6615,14250.0,7800.0,0.21925
13,0.04,300000,0.15,0.5,6000.0,D,0.0265,0.01125,0.00225,0.9595,15300.0,12750.0,0.15825
13,0.04,300000,0.15,0.5,6000.0,H,0.013,0.0055,0.0015,0.01425,28800.0,13850.0,0.081
13,0.04,300000,0.15,0.5,6000.0,E,0.0215,0.00125,0.0,0.0,30000.0,30000.0,0.0
13,0.04,300000,0.15,0.5,6000.0,F,0.08225,0.01825,0.0025,0.799,11753.435002746744,1635.9589867327904,0.0
14,0.04,300000,0.15,0.75,2000.0,A,0.00075,0.0,0.0,0.81,16950.0,16200.0,0.00125
14,0.04,300000,0.15,0.75,2000.0,B,0.00325,0.00075,0.0,0.98525,17100.0,15900.0,0.00425
14,0.04,300000,0.15,0.75,2000.0,C,0.00625,0.002,0.00075,0.97525,17100.0,15750.0,0.0155
14,0.04,300000,0.15,0.75,2000.0,C2,0.00525,0.00225,0.0,0.9065,16800.0,15450.0,0.01425
14,0.04,300000,0.15,0.75,2000.0,D,0.007,0.0035,0.0005,0.98875,17100.0,15750.0,0.02
14,0.04,300000,0.15,0.75,2000.0,H,0.0225,0.0115,0.00225,0.024,25250.0,10595.000000000002,0.07975
14,0.04,300000,0.15,0.75,2000.0,E,0.02475,0.00175,0.0,0.0,26000.0,26000.0,0.0
14,0.04,300000,0.15,0.75,2000.0,F,0.0655,0.013,0.001,0.80775,10965.696114130145,1666.8176523497293,0.0
15,0.04,300000,0.15,0.75,6000.0,A,0.00075,0.0,0.0,0.23625,31100.0,13350.0,0.129
15,0.04,300000,0.15,0.75,6000.0,B,0.01075,0.0055,0.00175,0.91075,15150.0,12300.0,0.05625
15,0.04,300000,0.15,0.75,6000.0,C,0.02975,0.012,0.00225,0.81075,15150.0,10500.0,0.19125
15,0.04,300000,0.15,0.75,6000.0,C2,0.038,0.017,0.0025,0.6365,14250.0,7800.0,0.2455
15,0.04,300000,0.15,0.75,6000.0,D,0.02625,0.0125,0.002,0.95675,15300.0,12750.0,0.15925
15,0.04,300000,0.15,0.75,6000.0,H,0.01725,0.00825,0.0005,0.012,29150.0,13845.000000000002,0.088
15,0.04,300000,0.15,0.75,6000.0,E,0.0205,0.00075,0.0,0.0,30000.0,30000.0,0.0
15,0.04,300000,0.15,0.75,6000.0,F,0.0955,0.0265,0.00275,0.802,12188.537091604678,1685.9017052358593,0.0
16,0.04,300000,0.3,0.5,2000.0,A,0.291,0.0,0.0,0.36925,80100.0,16500.0,0.0
16,0.04,300000,0.3,0.5,2000.0,B,0.00475,0.00175,0.00075,0.92025,17100.0,15750.0,0.001
16,0.04,300000,0.3,0.5,2000.0,C,0.009,0.0045,0.0005,0.89125,17100.0,15900.0,0.0095
16,0.04,300000,0.3,0.5,2000.0,C2,0.033,0.011,0.00175,0.495,16950.0,15450.0,0.0025
16,0.04,300000,0.3,0.5,2000.0,D,0.00625,0.00325,0.00175,0.9875,17100.0,15750.0,0.023
16,0.04,300000,0.3,0.5,2000.0,H,0.03275,0.014,0.00175,0.0125,33950.0,18150.0,0.0165
16,0.04,300000,0.3,0.5,2000.0,E,0.0165,0.00175,0.0,0.0,26000.0,26000.0,0.0
16,0.04,300000,0.3,0.5,2000.0,F,0.075,0.0155,0.00175,0.793,11296.163536090242,1621.1780000044507,0.0
17,0.04,300000,0.3,0.5,6000.0,A,0.453,0.0,0.0,0.008,97300.0,67800.0,0.00425
17,0.04,300000,0.3,0.5,6000.0,B,0.01425,0.00675,0.00175,0.5435,15600.0,13050.0,0.02675
17,0.04,300000,0.3,0.5,6000.0,C,0.0385,0.014,0.00275,0.39825,23600.0,13500.0,0.0805
17,0.04,300000,0.3,0.5,6000.0,C2,0.066,0.02175,0.00475,0.121,42500.0,13800.0,0.05325
17,0.04,300000,0.3,0.5,6000.0,D,0.02175,0.0105,0.0015,0.95625,15300.0,12750.0,0.15575
17,0.04,300000,0.3,0.5,6000.0,H,0.0345,0.01175,0.0015,0.002,38300.0,23000.0,0.01725
17,0.04,300000,0.3,0.5,6000.0,E,0.02225,0.00225,0.00025,0.0,30000.0,30000.0,0.0
17,0.04,300000,0.3,0.5,6000.0,F,0.076,0.01775,0.0025,0.808,11452.819435062345,1545.536963559343,0.0
18,0.04,300000,0.3,0.75,2000.0,A,0.30775,0.0,0.0,0.35875,82100.0,16500.0,0.0
18,0.04,300000,0.3,0.75,2000.0,B,0.00675,0.003,0.001,0.90725,17100.0,15750.0,0.00075
18,0.04,300000,0.3,0.75,2000.0,C,0.015,0.00475,0.00125,0.878,17100.0,15900.0,0.00975
18,0.04,300000,0.3,0.75,2000.0,C2,0.05125,0.0155,0.003,0.48525,16950.0,15450.0,0.00475
18,0.04,300000,0.3,0.75,2000.0,D,0.0035,0.002,0.0005,0.992,17100.0,15750.0,0.017
18,0.04,300000,0.3,0.75,2000.0,H,0.0565,0.0235,0.004,0.0095,35100.0,18750.0,0.01325
18,0.04,300000,0.3,0.75,2000.0,E,0.02,0.00175,0.0,0.0,26000.0,26000.0,0.0
18,0.04,300000,0.3,0.75,2000.0,F,0.0715,0.01225,0.0015,0.7985,11020.876412518528,1644.6704374124956,0.0
19,0.04,300000,0.3,0.75,6000.0,A,0.46825,0.0,0.0,0.008,97900.0,67200.0,0.0045
19,0.04,300000,0.3,0.75,6000.0,B,0.02175,0.0095,0.0025,0.52675,15600.0,13300.0,0.0245
19,0.04,300000,0.3,0.75,6000.0,C,0.06775,0.026,0.005,0.41,24000.0,13500.0,0.071
19,0.04,300000,0.3,0.75,6000.0,C2,0.0815,0.029,0.005,0.12275,43400.0,14100.0,0.04725
19,0.04,300000,0.3,0.75,6000.0,D,0.028,0.01075,0.002,0.948,15300.0,12750.0,0.1595
19,0.04,300000,0.3,0.75,6000.0,H,0.0535,0.01975,0.00575,0.00175,39100.0,23250.0,0.01175
19,0.04,300000,0.3,0.75,6000.0,E,0.019,0.00075,0.0,0.0,30000.0,30000.0,0.0
19,0.04,300000,0.3,0.75,6000.0,F,0.08625,0.01975,0.00275,0.797,11731.740849474092,1770.9256128182724,0.0
20,0.04,300000,0.5,0.5,2000.0,A,0.94325,0.0,0.0,0.05575,178800.0,137200.0,0.0
20,0.04,300000,0.5,0.5,2000.0,B,0.042,0.0025,0.00025,0.71925,17100.0,16500.0,0.00025
20,0.04,300000,0.5,0.5,2000.0,C,0.068,0.0085,0.00225,0.69325,17100.0,16650.0,0.0005
20,0.04,300000,0.5,0.5,2000.0,C2,0.307,0.0205,0.0045,0.084,85100.0,41170.00000000001,0.00025
20,0.04,300000,0.5,0.5,2000.0,D,0.0085,0.004,0.001,0.985,17100.0,15750.0,0.01975
20,0.04,300000,0.5,0.5,2000.0,H,0.14475,0.02225,0.004,0.00075,69950.0,42845.0,0.0
20,0.04,300000,0.5,0.5,2000.0,E,0.0205,0.00175,0.0,0.0,26000.0,26000.0,0.0
20,0.04,300000,0.5,0.5,2000.0,F,0.0645,0.01275,0.00125,0.80475,10991.320294950017,1520.7232547335964,0.0
21,0.04,300000,0.5,0.5,6000.0,A,1.0,0.0,0.0,0.0,183500.0,150900.0,0.0
21,0.04,300000,0.5,0.5,6000.0,B,0.10325,0.008,0.00075,0.15,66450.0,15150.0,0.003
21,0.04,300000,0.5,0.5,6000.0,C,0.2,0.025,0.005,0.10275,73850.0,15600.0,0.007
21,0.04,300000,0.5,0.5,6000.0,C2,0.3765,0.02275,0.00475,0.00225,91200.0,60300.0,0.0
21,0.04,300000,0.5,0.5,6000.0,D,0.03125,0.016,0.0035,0.93675,15300.0,12750.0,0.1525
21,0.04,300000,0.5,0.5,6000.0,H,0.18125,0.01975,0.0055,0.0,74250.0,46650.0,0.0005
21,0.04,300000,0.5,0.5,6000.0,E,0.0215,0.0015,0.00025,0.0,30000.0,30000.0,0.0
21,0.04,300000,0.5,0.5,6000.0,F,0.09125,0.022,0.004,0.796,11423.051949842718,1788.322782198643,0.0
22,0.04,300000,0.5,0.75,2000.0,A,0.94575,0.0,0.0,0.054,178750.0,136800.0,0.0
22,0.04,300000,0.5,0.75,2000.0,B,0.052,0.00775,0.002,0.71525,17100.0,16500.0,0.0
22,0.04,300000,0.5,0.75,2000.0,C,0.0895,0.0085,0.0005,0.6845,17100.0,16650.0,0.0005
22,0.04,300000,0.5,0.75,2000.0,C2,0.35,0.03225,0.00675,0.086,87500.0,41550.000000000015,0.0
22,0.04,300000,0.5,0.75,2000.0,D,0.005,0.003,0.0005,0.98575,17100.0,15750.0,0.02175
22,0.04,300000,0.5,0.75,2000.0,H,0.168,0.02425,0.00475,0.001,70350.0,42550.0,0.00025
22,0.04,300000,0.5,0.75,2000.0,E,0.0195,0.00025,0.0,0.0,26000.0,26000.0,0.0
22,0.04,300000,0.5,0.75,2000.0,F,0.0765,0.01575,0.00175,0.80025,11477.007996584252,1765.929123667922,0.0
23,0.04,300000,0.5,0.75,6000.0,A,0.99975,0.0,0.0,0.0,183500.0,149600.0,0.0
23,0.04,300000,0.5,0.75,6000.0,B,0.121,0.01575,0.00375,0.14425,66200.0,15300.0,0.0015
23,0.04,300000,0.5,0.75,6000.0,C,0.2255,0.03275,0.0055,0.1015,75050.0,15600.0,0.0115
23,0.04,300000,0.5,0.75,6000.0,C2,0.41375,0.03275,0.0065,0.00225,93400.0,61290.0,0.00075
23,0.04,300000,0.5,0.75,6000.0,D,0.02675,0.0135,0.00175,0.942,15300.0,12750.0,0.14925
23,0.04,300000,0.5,0.75,6000.0,H,0.206,0.029,0.003,0.0,75850.0,47700.0,0.00025
23,0.04,300000,0.5,0.75,6000.0,E,0.02025,0.00125,0.0,0.0,30000.0,30000.0,0.0
23,0.04,300000,0.5,0.75,6000.0,F,0.091,0.02325,0.0025,0.7985,12302.038825514132,1696.2807719462471,0.0
24,0.04,1000000,0.15,0.5,2000.0,A,0.0,0.0,0.0,0.8015,16950.0,16200.0,0.00075
24,0.04,1000000,0.15,0.5,2000.0,B,0.0045,0.00225,0.0005,0.988,17100.0,15900.0,0.00425
24,0.04,1000000,0.15,0.5,2000.0,C,0.005,0.00375,0.00225,0.97925,17100.0,15600.0,0.01575
24,0.04,1000000,0.15,0.5,2000.0,C2,0.01175,0.0055,0.002,0.9165,16650.0,15150.0,0.016
24,0.04,1000000,0.15,0.5,2000.0,D,0.00775,0.006,0.0025,0.991,17100.0,15750.0,0.0215
24,0.04,1000000,0.15,0.5,2000.0,H,0.05125,0.009,0.003,0.03025,24400.0,9645.000000000002,0.0805
24,0.04,1000000,0.15,0.5,2000.0,E,0.06325,0.01625,0.0005,0.0,26000.0,26000.0,0.0
24,0.04,1000000,0.15,0.5,2000.0,F,0.08125,0.01775,0.0025,0.80125,11785.773724082323,1627.0681982669844,0.0
25,0.04,1000000,0.15,0.5,6000.0,A,0.0015,0.0,0.0,0.25125,31200.0,13200.0,0.1365
25,0.04,1000000,0.15,0.5,6000.0,B,0.01225,0.008,0.0035,0.9175,15150.0,12450.0,0.05
25,0.04,1000000,0.15,0.5,6000.0,C,0.034,0.01925,0.00825,0.8365,15000.0,10350.0,0.18775
25,0.04,1000000,0.15,0.5,6000.0,C2,0.0505,0.022,0.00875,0.655,14250.0,7700.0,0.235
25,0.04,1000000,0.15,0.5,6000.0,D,0.03325,0.0245,0.0095,0.9605,15300.0,12750.0,0.15575
25,0.04,1000000,0.15,0.5,6000.0,H,0.06075,0.01425,0.00475,0.01075,28925.0,13995.000000000002,0.08675
25,0.04,1000000,0.15,0.5,6000.0,E,0.0615,0.01475,0.0005,0.0,30000.0,30000.0,0.0
25,0.04,1000000,0.15,0.5,6000.0,F,0.088,0.02275,0.00275,0.79075,11822.565557614238,1782.3211701213343,0.0
26,0.04,1000000,0.15,0.75,2000.0,A,0.00025,0.0,0.0,0.811,16950.0,16200.0,0.00075
26,0.04,1000000,0.15,0.75,2000.0,B,0.00675,0.00525,0.0015,0.97975,17100.0,15750.0,0.0055
26,0.04,1000000,0.15,0.75,2000.0,C,0.01375,0.0095,0.00375,0.964,17100.0,15750.0,0.02075
26,0.04,1000000,0.15,0.75,2000.0,C2,0.018,0.00675,0.004,0.91075,16800.0,15450.0,0.01475
26,0.04,1000000,0.15,0.75,2000.0,D,0.0105,0.008,0.004,0.98925,17100.0,15750.0,0.01975
26,0.04,1000000,0.15,0.75,2000.0,H,0.0855,0.01775,0.007,0.0305,25050.0,10300.0,0.073
26,0.04,1000000,0.15,0.75,2000.0,E,0.06125,0.0145,0.00025,0.0,26000.0,26000.0,0.0
26,0.04,1000000,0.15,0.75,2000.0,F,0.07675,0.0145,0.00125,0.7855,11608.896942817466,1645.3478573589946,0.0
27,0.04,1000000,0.15,0.75,6000.0,A,0.00125,0.0,0.0,0.25425,30700.0,13200.0,0.13475
27,0.04,1000000,0.15,0.75,6000.0,B,0.01775,0.0125,0.00625,0.9095,15150.0,12600.0,0.0575
27,0.04,1000000,0.15,0.75,6000.0,C,0.06025,0.03375,0.017,0.822,15000.0,10650.0,0.192
27,0.04,1000000,0.15,0.75,6000.0,C2,0.07925,0.0375,0.01375,0.63175,14400.0,7800.0,0.2385
27,0.04,1000000,0.15,0.75,6000.0,D,0.037,0.02625,0.012,0.95725,15300.0,12750.0,0.15675
27,0.04,1000000,0.15,0.75,6000.0,H,0.0735,0.015,0.00625,0.013,29100.0,14695.000000000002,0.0815
27,0.04,1000000,0.15,0.75,6000.0,E,0.06375,0.01275,0.001,0.0,30000.0,30000.0,0.0
27,0.04,1000000,0.15,0.75,6000.0,F,0.08425,0.02275,0.00225,0.808,10614.075197825186,1479.2473082952042,0.0
28,0.04,1000000,0.3,0.5,2000.0,A,0.30875,0.0,0.0,0.35725,81650.0,16500.0,0.0
28,0.04,1000000,0.3,0.5,2000.0,B,0.007,0.0045,0.002,0.91,17100.0,15750.0,0.00275
28,0.04,1000000,0.3,0.5,2000.0,C,0.01575,0.0065,0.0025,0.88125,17100.0,15900.0,0.00975
28,0.04,1000000,0.3,0.5,2000.0,C2,0.06575,0.027,0.01175,0.49175,16950.0,15450.0,0.00475
28,0.04,1000000,0.3,0.5,2000.0,D,0.00875,0.007,0.00275,0.98975,17100.0,15750.0,0.01875
28,0.04,1000000,0.3,0.5,2000.0,H,0.09825,0.03125,0.01325,0.00725,34150.0,18900.0,0.01475
28,0.04,1000000,0.3,0.5,2000.0,E,0.06175,0.01325,0.00075,0.0,26000.0,26000.0,0.0
28,0.04,1000000,0.3,0.5,2000.0,F,0.07275,0.013,0.0005,0.7945,11169.729339710535,1656.8861762014603,0.0
29,0.04,1000000,0.3,0.5,6000.0,A,0.44825,0.0,0.0,0.00875,96800.0,67490.0,0.00525
29,0.04,1000000,0.3,0.5,6000.0,B,0.0285,0.016,0.00725,0.52825,15600.0,13200.0,0.024
29,0.04,1000000,0.3,0.5,6000.0,C,0.09525,0.04,0.01675,0.41575,21800.0,13350.0,0.08325
29,0.04,1000000,0.3,0.5,6000.0,C2,0.10475,0.04,0.0145,0.108,41650.0,14100.0,0.045
29,0.04,1000000,0.3,0.5,6000.0,D,0.042,0.03,0.01275,0.947,15300.0,12750.0,0.14825
29,0.04,1000000,0.3,0.5,6000.0,H,0.09725,0.02725,0.01175,0.003,38450.0,22900.0,0.015
29,0.04,1000000,0.3,0.5,6000.0,E,0.063,0.01625,0.00075,0.0,30000.0,30000.0,0.0
29,0.04,1000000,0.3,0.5,6000.0,F,0.0895,0.021,0.0025,0.80425,11146.77579003475,1655.0445664226086,0.0
30,0.04,1000000,0.3,0.75,2000.0,A,0.3035,0.0,0.0,0.36575,80300.0,16500.0,0.0
30,0.04,1000000,0.3,0.75,2000.0,B,0.01225,0.00725,0.003,0.91125,17100.0,15750.0,0.00175
30,0.04,1000000,0.3,0.75,2000.0,C,0.026,0.01225,0.00475,0.885,17100.0,15900.0,0.008
30,0.04,1000000,0.3,0.75,2000.0,C2,0.0965,0.037,0.016,0.49125,16950.0,15600.0,0.005
30,0.04,1000000,0.3,0.75,2000.0,D,0.00975,0.00625,0.00375,0.9885,17100.0,15750.0,0.0205
30,0.04,1000000,0.3,0.75,2000.0,H,0.147,0.04225,0.0205,0.01025,35100.0,18995.0,0.01475
30,0.04,1000000,0.3,0.75,2000.0,E,0.0635,0.01725,0.00125,0.0,26000.0,26000.0,0.0
30,0.04,1000000,0.3,0.75,2000.0,F,0.075,0.01525,0.0015,0.7895,11542.095013410553,1609.953699903542,0.0
31,0.04,1000000,0.3,0.75,6000.0,A,0.469,0.0,0.0,0.00925,98000.0,68200.0,0.00475
31,0.04,1000000,0.3,0.75,6000.0,B,0.041,0.0215,0.01025,0.5325,15600.0,13200.0,0.024
31,0.04,1000000,0.3,0.75,6000.0,C,0.11925,0.05525,0.023,0.41925,22600.0,13350.0,0.09225
31,0.04,1000000,0.3,0.75,6000.0,C2,0.16175,0.06225,0.0245,0.11375,43200.0,14100.0,0.0435
31,0.04,1000000,0.3,0.75,6000.0,D,0.0365,0.02575,0.01175,0.9505,15300.0,12750.0,0.161
31,0.04,1000000,0.3,0.75,6000.0,H,0.1515,0.039,0.017,0.00275,39450.0,23550.0,0.01725
31,0.04,1000000,0.3,0.75,6000.0,E,0.06875,0.01475,0.00175,0.0,30000.0,30000.0,0.0
31,0.04,1000000,0.3,0.75,6000.0,F,0.079,0.017,0.00175,0.80275,11543.967965945067,1660.259391409295,0.0
32,0.04,1000000,0.5,0.5,2000.0,A,0.9505,0.0,0.0,0.04825,177950.0,137990.0,0.0
32,0.04,1000000,0.5,0.5,2000.0,B,0.03975,0.007,0.00225,0.7155,17100.0,16500.0,0.0
32,0.04,1000000,0.5,0.5,2000.0,C,0.08325,0.01775,0.007,0.6915,17100.0,16650.0,0.00075
32,0.04,1000000,0.5,0.5,2000.0,C2,0.338,0.0395,0.0135,0.08375,86400.0,41080.00000000001,0.0
32,0.04,1000000,0.5,0.5,2000.0,D,0.0125,0.00875,0.003,0.9825,17100.0,15750.0,0.02625
32,0.04,1000000,0.5,0.5,2000.0,H,0.17225,0.03775,0.0145,0.00125,70000.0,43000.0,0.0
32,0.04,1000000,0.5,0.5,2000.0,E,0.05975,0.01525,0.00125,0.0,26000.0,26000.0,0.0
32,0.04,1000000,0.5,0.5,2000.0,F,0.06225,0.01175,0.00075,0.80825,11038.737408628054,1600.078038131919,0.0
33,0.04,1000000,0.5,0.5,6000.0,A,0.9995,0.0,0.0,0.0,183900.0,149390.0,0.0
33,0.04,1000000,0.5,0.5,6000.0,B,0.11575,0.0205,0.0095,0.14825,64900.0,15150.0,0.00325
33,0.04,1000000,0.5,0.5,6000.0,C,0.2305,0.05575,0.02025,0.10375,74200.0,15600.0,0.01025
33,0.04,1000000,0.5,0.5,6000.0,C2,0.40175,0.0545,0.02375,0.003,92600.0,59600.0,0.00075
33,0.04,1000000,0.5,0.5,6000.0,D,0.0405,0.03025,0.0125,0.93875,15300.0,12750.0,0.155
33,0.04,1000000,0.5,0.5,6000.0,H,0.2105,0.04075,0.01775,0.0,73950.0,47145.0,0.00025
33,0.04,1000000,0.5,0.5,6000.0,E,0.06825,0.018,0.002,0.0,30000.0,30000.0,0.0
33,0.04,1000000,0.5,0.5,6000.0,F,0.0825,0.0185,0.0025,0.80175,11665.96448173296,1737.3270558005083,0.0
34,0.04,1000000,0.5,0.75,2000.0,A,0.94175,0.0,0.0,0.05675,178400.0,136200.0,0.0
34,0.04,1000000,0.5,0.75,2000.0,B,0.056,0.01275,0.006,0.709,17100.0,16500.0,0.0
34,0.04,1000000,0.5,0.75,2000.0,C,0.10525,0.02625,0.01075,0.6855,17100.0,16650.0,0.0
34,0.04,1000000,0.5,0.75,2000.0,C2,0.37425,0.07475,0.03075,0.081,89000.0,43800.0,0.0
34,0.04,1000000,0.5,0.75,2000.0,D,0.0125,0.01,0.00525,0.9845,17100.0,15750.0,0.0225
34,0.04,1000000,0.5,0.75,2000.0,H,0.22525,0.05325,0.023,0.00125,71600.0,43350.0,0.0
34,0.04,1000000,0.5,0.75,2000.0,E,0.06175,0.01675,0.0015,0.0,26000.0,26000.0,0.0
34,0.04,1000000,0.5,0.75,2000.0,F,0.07725,0.013,0.00125,0.796,11652.854497676206,1654.8448161294266,0.0
35,0.04,1000000,0.5,0.75,6000.0,A,0.999,0.0,0.0,0.0,183300.0,149300.0,0.0
35,0.04,1000000,0.5,0.75,6000.0,B,0.12625,0.029,0.0165,0.14775,65900.0,15300.0,0.003
35,0.04,1000000,0.5,0.75,6000.0,C,0.264,0.07375,0.03075,0.09875,76400.0,18960.000000000015,0.01025
35,0.04,1000000,0.5,0.75,6000.0,C2,0.41375,0.06775,0.0265,0.003,93500.0,60700.0,0.00275
35,0.04,1000000,0.5,0.75,6000.0,D,0.037,0.029,0.01475,0.94775,15300.0,12750.0,0.14975
35,0.04,1000000,0.5,0.75,6000.0,H,0.248,0.0565,0.02525,0.0,75300.0,47345.0,0.0005
35,0.04,1000000,0.5,0.75,6000.0,E,0.059,0.012,0.001,0.0,30000.0,30000.0,0.0
35,0.04,1000000,0.5,0.75,6000.0,F,0.09025,0.02075,0.00275,0.79275,10971.863175534603,1535.1161328186545,0.0
36,0.08,100000,0.15,0.5,2000.0,A,0.00025,0.0,0.0,0.8085,16950.0,16095.000000000002,0.0025
36,0.08,100000,0.15,0.5,2000.0,B,0.004,0.001,0.0,0.98025,17100.0,15900.0,0.00675
36,0.08,100000,0.15,0.5,2000.0,C,0.00275,0.001,0.0005,0.97025,17100.0,15600.0,0.021
36,0.08,100000,0.15,0.5,2000.0,C2,0.00375,0.00125,0.00025,0.9055,16650.0,15300.0,0.012
36,0.08,100000,0.15,0.5,2000.0,D,0.00775,0.002,0.0005,0.97875,17100.0,15750.0,0.038
36,0.08,100000,0.15,0.5,2000.0,H,0.01175,0.00175,0.00025,0.02575,25300.0,10350.0,0.07575
36,0.08,100000,0.15,0.5,2000.0,E,0.00575,0.0,0.0,0.0,26000.0,26000.0,0.0
36,0.08,100000,0.15,0.5,2000.0,F,0.07125,0.01775,0.00125,0.79575,11220.637425417463,1561.7839120960414,0.0
37,0.08,100000,0.15,0.5,6000.0,A,0.0005,0.0,0.0,0.2315,32400.0,13350.0,0.121
37,0.08,100000,0.15,0.5,6000.0,B,0.00625,0.00125,0.00025,0.90125,15150.0,12450.0,0.05675
37,0.08,100000,0.15,0.5,6000.0,C,0.0185,0.0045,0.001,0.80225,15000.0,10200.0,0.208
37,0.08,100000,0.15,0.5,6000.0,C2,0.025,0.0055,0.001,0.654,14400.0,8245.000000000002,0.23725
37,0.08,100000,0.15,0.5,6000.0,D,0.02175,0.007,0.00075,0.9185,15300.0,12750.0,0.2105
37,0.08,100000,0.15,0.5,6000.0,H,0.01225,0.004,0.0005,0.011,29700.0,14795.000000000002,0.07775
37,0.08,100000,0.15,0.5,6000.0,E,0.00575,0.0005,0.0,0.0,30000.0,30000.0,0.0
37,0.08,100000,0.15,0.5,6000.0,F,0.0925,0.02325,0.00275,0.79025,12095.21659022159,1753.5729548822383,0.0
38,0.08,100000,0.15,0.75,2000.0,A,0.00075,0.0,0.0,0.8145,16800.0,16200.0,0.00125
38,0.08,100000,0.15,0.75,2000.0,B,0.005,0.00125,0.0,0.97375,17100.0,15750.0,0.01375
38,0.08,100000,0.15,0.75,2000.0,C,0.0105,0.00225,0.0,0.95825,17100.0,15600.0,0.02925
38,0.08,100000,0.15,0.75,2000.0,C2,0.00725,0.00075,0.0,0.91,16800.0,15450.0,0.01425
38,0.08,100000,0.15,0.75,2000.0,D,0.006,0.0015,0.0,0.9805,17100.0,15750.0,0.03225
38,0.08,100000,0.15,0.75,2000.0,H,0.01775,0.0045,0.0005,0.02175,26300.0,12900.0,0.05975
38,0.08,100000,0.15,0.75,2000.0,E,0.00575,0.0,0.0,0.0,26000.0,26000.0,0.0
38,0.08,100000,0.15,0.75,2000.0,F,0.0765,0.01325,0.00075,0.80275,11334.437411103598,1531.4214965149556,0.0
39,0.08,100000,0.15,0.75,6000.0,A,0.0005,0.0,0.0,0.2465,30900.0,13300.0,0.125
39,0.08,100000,0.15,0.75,6000.0,B,0.01125,0.0025,0.00025,0.886,15150.0,11850.0,0.0725
39,0.08,100000,0.15,0.75,6000.0,C,0.02875,0.00625,0.00025,0.775,15150.0,10050.0,0.215
39,0.08,100000,0.15,0.75,6000.0,C2,0.03675,0.0075,0.00075,0.6125,14525.0,8400.0,0.243
39,0.08,100000,0.15,0.75,6000.0,D,0.0245,0.0055,0.00075,0.9165,15300.0,11550.0,0.2165
39,0.08,100000,0.15,0.75,6000.0,H,0.02175,0.0055,0.00075,0.013,30050.0,15550.0,0.0845
39,0.08,100000,0.15,0.75,6000.0,E,0.00375,0.0,0.0,0.0,30000.0,30000.0,0.0
39,0.08,100000,0.15,0.75,6000.0,F,0.08875,0.02225,0.002,0.786,11360.549988195018,1640.86698969107,0.0
40,0.08,100000,0.3,0.5,2000.0,A,0.31125,0.0,0.0,0.3495,82100.0,16500.0,0.0
40,0.08,100000,0.3,0.5,2000.0,B,0.0045,0.001,0.0,0.905,17100.0,15750.0,0.00275
40,0.08,100000,0.3,0.5,2000.0,C,0.01025,0.002,0.00025,0.87825,17100.0,15900.0,0.01
40,0.08,100000,0.3,0.5,2000.0,C2,0.03625,0.00525,0.00025,0.48425,16950.0,15600.0,0.004
40,0.08,100000,0.3,0.5,2000.0,D,0.0045,0.001,0.0,0.9785,17100.0,15750.0,0.0335
40,0.08,100000,0.3,0.5,2000.0,H,0.03775,0.0055,0.00025,0.009,35650.0,19000.0,0.011
40,0.08,100000,0.3,0.5,2000.0,E,0.00425,0.0,0.0,0.0,26000.0,26000.0,0.0
40,0.08,100000,0.3,0.5,2000.0,F,0.07575,0.01575,0.00225,0.7945,11710.056128326074,1760.6503678439396,0.0
41,0.08,100000,0.3,0.5,6000.0,A,0.47,0.0,0.0,0.008,97850.0,67800.0,0.0045
41,0.08,100000,0.3,0.5,6000.0,B,0.015,0.0035,0.00025,0.53125,15600.0,13200.0,0.0255
41,0.08,100000,0.3,0.5,6000.0,C,0.049,0.0085,0.001,0.4025,24000.0,13500.0,0.08925
41,0.08,100000,0.3,0.5,6000.0,C2,0.068,0.01125,0.001,0.11475,43600.0,14100.0,0.04475
41,0.08,100000,0.3,0.5,6000.0,D,0.02825,0.0065,0.001,0.9055,15300.0,12750.0,0.1895
41,0.08,100000,0.3,0.5,6000.0,H,0.0325,0.00675,0.0005,0.0015,40100.0,23750.0,0.01775
41,0.08,100000,0.3,0.5,6000.0,E,0.00575,0.0,0.0,0.0,30000.0,30000.0,0.0
41,0.08,100000,0.3,0.5,6000.0,F,0.07975,0.01675,0.00225,0.794,11417.5176782724,1780.4416322891416,0.0
42,0.08,100000,0.3,0.75,2000.0,A,0.31325,0.0,0.0,0.35,82000.0,16500.0,0.0
42,0.08,100000,0.3,0.75,2000.0,B,0.00775,0.0015,0.0,0.901,17100.0,15750.0,0.00425
42,0.08,100000,0.3,0.75,2000.0,C,0.01425,0.0035,0.00075,0.862,17100.0,15900.0,0.0105
42,0.08,100000,0.3,0.75,2000.0,C2,0.05325,0.007,0.0,0.487,16950.0,15600.0,0.0055
42,0.08,100000,0.3,0.75,2000.0,D,0.00525,0.00075,0.0,0.9815,17100.0,15750.0,0.03175
42,0.08,100000,0.3,0.75,2000.0,H,0.05075,0.01025,0.00075,0.008,36725.0,20050.0,0.01775
42,0.08,100000,0.3,0.75,2000.0,E,0.00425,0.0,0.0,0.0,26000.0,26000.0,0.0
42,0.08,100000,0.3,0.75,2000.0,F,0.069,0.015,0.00175,0.8015,11454.616609672206,1769.7022232143381,0.0
43,0.08,100000,0.3,0.75,6000.0,A,0.474,0.0,0.0,0.005,98400.0,68790.0,0.00325
43,0.08,100000,0.3,0.75,6000.0,B,0.0245,0.005,0.00025,0.5265,15600.0,13200.0,0.02925
43,0.08,100000,0.3,0.75,6000.0,C,0.063,0.01275,0.00125,0.386,27100.0,13650.0,0.0905
43,0.08,100000,0.3,0.75,6000.0,C2,0.0865,0.016,0.00125,0.1095,45400.0,14400.0,0.04775
43,0.08,100000,0.3,0.75,6000.0,D,0.02725,0.008,0.00125,0.90875,15300.0,12750.0,0.1965
43,0.08,100000,0.3,0.75,6000.0,H,0.05725,0.00925,0.001,0.002,41800.0,23800.0,0.0145
43,0.08,100000,0.3,0.75,6000.0,E,0.0035,0.0,0.0,0.0,30000.0,30000.0,0.0
43,0.08,100000,0.3,0.75,6000.0,F,0.08925,0.0195,0.00325,0.79425,11789.911205909986,1795.182365844599,0.0
44,0.08,100000,0.5,0.5,2000.0,A,0.94275,0.0,0.0,0.0565,177750.0,135190.0,0.0
44,0.08,100000,0.5,0.5,2000.0,B,0.041,0.003,0.0005,0.70325,17100.0,16500.0,0.0
44,0.08,100000,0.5,0.5,2000.0,C,0.06325,0.0055,0.00025,0.688,17100.0,16635.000000000004,0.00025
44,0.08,100000,0.5,0.5,2000.0,C2,0.3065,0.01525,0.00125,0.08,85800.0,45100.0,0.00025
44,0.08,100000,0.5,0.5,2000.0,D,0.00975,0.00275,0.00025,0.96925,17100.0,15750.0,0.036
44,0.08,100000,0.5,0.5,2000.0,H,0.1325,0.0095,0.0005,0.00125,69900.0,42900.0,0.00075
44,0.08,100000,0.5,0.5,2000.0,E,0.004,0.0,0.0,0.0,26000.0,26000.0,0.0
44,0.08,100000,0.5,0.5,2000.0,F,0.075,0.01425,0.00175,0.7955,11574.697190593037,1717.1002095677024,0.0
45,0.08,100000,0.5,0.5,6000.0,A,0.9995,0.0,0.0,0.0,184100.0,149090.0,0.0
45,0.08,100000,0.5,0.5,6000.0,B,0.09625,0.00425,0.00025,0.14275,65500.0,15150.0,0.00325
45,0.08,100000,0.5,0.5,6000.0,C,0.1795,0.014,0.001,0.0935,73900.0,27390.000000000004,0.00825
45,0.08,100000,0.5,0.5,6000.0,C2,0.36575,0.01275,0.0005,0.002,91200.0,61290.0,0.00025
45,0.08,100000,0.5,0.5,6000.0,D,0.0245,0.00525,0.0,0.88525,15300.0,12750.0,0.1885
45,0.08,100000,0.5,0.5,6000.0,H,0.15525,0.0105,0.00025,0.00075,73750.0,46245.0,0.00125
45,0.08,100000,0.5,0.5,6000.0,E,0.00325,0.0,0.0,0.0,30000.0,30000.0,0.0
45,0.08,100000,0.5,0.5,6000.0,F,0.08775,0.019,0.00325,0.797,11036.354658282977,1665.5429334631956,0.0
46,0.08,100000,0.5,0.75,2000.0,A,0.946,0.0,0.0,0.05325,177800.0,137600.0,0.0
46,0.08,100000,0.5,0.75,2000.0,B,0.04675,0.004,0.0,0.717,17100.0,16500.0,0.0
46,0.08,100000,0.5,0.75,2000.0,C,0.0695,0.00625,0.00075,0.692,17100.0,16650.0,0.0005
46,0.08,100000,0.5,0.75,2000.0,C2,0.31675,0.01775,0.0015,0.079,85950.0,45900.0,0.00025
46,0.08,100000,0.5,0.75,2000.0,D,0.00675,0.0015,0.0005,0.976,17100.0,15750.0,0.03225
46,0.08,100000,0.5,0.75,2000.0,H,0.1475,0.01225,0.00025,0.0025,70350.0,43950.0,0.00025
46,0.08,100000,0.5,0.75,2000.0,E,0.0045,0.0,0.0,0.0,26000.0,26000.0,0.0
46,0.08,100000,0.5,0.75,2000.0,F,0.075,0.01675,0.0015,0.8035,11328.127534250216,1726.506850806367,0.0
47,0.08,100000,0.5,0.75,6000.0,A,1.0,0.0,0.0,0.0,183600.0,148600.0,0.0
47,0.08,100000,0.5,0.75,6000.0,B,0.1095,0.0055,0.00075,0.1425,66300.0,15300.0,0.004
47,0.08,100000,0.5,0.75,6000.0,C,0.20825,0.01725,0.00175,0.09825,75664.09852131794,19480.000000000007,0.01
47,0.08,100000,0.5,0.75,6000.0,C2,0.38325,0.01725,0.00175,0.00375,92184.37169561605,60600.0,0.00025
47,0.08,100000,0.5,0.75,6000.0,D,0.0305,0.00875,0.00075,0.886,15300.0,12750.0,0.1855
47,0.08,100000,0.5,0.75,6000.0,H,0.183,0.01625,0.00275,0.0,75050.0,47695.0,0.00075
47,0.08,100000,0.5,0.75,6000.0,E,0.00425,0.0,0.0,0.0,30000.0,30000.0,0.0
47,0.08,100000,0.5,0.75,6000.0,F,0.08125,0.01875,0.00325,0.79675,12015.247428295297,1810.5969362636195,0.0
48,0.08,300000,0.15,0.5,2000.0,A,0.001,0.0,0.0,0.8095,16950.0,16200.0,0.002
48,0.08,300000,0.15,0.5,2000.0,B,0.0045,0.00225,0.00025,0.9845,17100.0,15900.0,0.00575
48,0.08,300000,0.15,0.5,2000.0,C,0.00975,0.006,0.002,0.97025,17100.0,15750.0,0.014
48,0.08,300000,0.15,0.5,2000.0,C2,0.009,0.00275,0.00025,0.91275,16800.0,15450.0,0.01375
48,0.08,300000,0.15,0.5,2000.0,D,0.01225,0.00625,0.0005,0.9825,17100.0,15750.0,0.02925
48,0.08,300000,0.15,0.5,2000.0,H,0.024,0.00925,0.00175,0.02475,25950.0,11200.0,0.0695
48,0.08,300000,0.15,0.5,2000.0,E,0.03625,0.0025,0.0,0.0,26000.0,26000.0,0.0
48,0.08,300000,0.15,0.5,2000.0,F,0.0635,0.01325,0.00125,0.79475,11207.07998042287,1663.4501307833598,0.0
49,0.08,300000,0.15,0.5,6000.0,A,0.00075,0.0,0.0,0.244,31000.0,13200.0,0.12975
49,0.08,300000,0.15,0.5,6000.0,B,0.01475,0.00675,0.0015,0.89675,15150.0,12300.0,0.05975
49,0.08,300000,0.15,0.5,6000.0,C,0.04075,0.018,0.00425,0.80175,15000.0,10350.0,0.20275
49,0.08,300000,0.15,0.5,6000.0,C2,0.0435,0.019,0.0045,0.63325,14300.0,7800.0,0.24725
49,0.08,300000,0.15,0.5,6000.0,D,0.06175,0.02675,0.00425,0.90425,15300.0,12750.0,0.21675
49,0.08,300000,0.15,0.5,6000.0,H,0.026,0.0125,0.00225,0.00975,29300.0,14700.0,0.08225
49,0.08,300000,0.15,0.5,6000.0,E,0.041,0.00225,0.00025,0.0,30000.0,30000.0,0.0
49,0.08,300000,0.15,0.5,6000.0,F,0.081,0.01925,0.00225,0.80075,10905.053624393446,1493.6096711660018,0.0
50,0.08,300000,0.15,0.75,2000.0,A,0.0,0.0,0.0,0.809,16950.0,16200.0,0.0015
50,0.08,300000,0.15,0.75,2000.0,B,0.0095,0.0055,0.00125,0.9775,17100.0,15750.0,0.01125
50,0.08,300000,0.15,0.75,2000.0,C,0.014,0.0065,0.001,0.96575,17100.0,15750.0,0.023
50,0.08,300000,0.15,0.75,2000.0,C2,0.013,0.007,0.00175,0.9155,16800.0,15450.0,0.015
50,0.08,300000,0.15,0.75,2000.0,D,0.0135,0.00625,0.00125,0.979,17100.0,15750.0,0.0355
50,0.08,300000,0.15,0.75,2000.0,H,0.0345,0.0135,0.003,0.02325,26400.0,11745.000000000002,0.07025
50,0.08,300000,0.15,0.75,2000.0,E,0.0375,0.00225,0.0,0.0,26000.0,26000.0,0.0
50,0.08,300000,0.15,0.75,2000.0,F,0.07675,0.0145,0.00175,0.80425,11324.597344663063,1649.9373958730698,0.0
51,0.08,300000,0.15,0.75,6000.0,A,0.00075,0.0,0.0,0.26125,30550.0,13200.0,0.12875
51,0.08,300000,0.15,0.75,6000.0,B,0.0245,0.0105,0.002,0.893,15150.0,12135.000000000005,0.07275
51,0.08,300000,0.15,0.75,6000.0,C,0.06325,0.0285,0.00725,0.77725,15150.0,10800.0,0.211
51,0.08,300000,0.15,0.75,6000.0,C2,0.06325,0.02625,0.00475,0.6245,14400.0,8500.0,0.24625
51,0.08,300000,0.15,0.75,6000.0,D,0.051,0.026,0.00475,0.9135,15300.0,12750.0,0.2105
51,0.08,300000,0.15,0.75,6000.0,H,0.03425,0.0145,0.00375,0.01175,30650.0,15695.000000000002,0.07825
51,0.08,300000,0.15,0.75,6000.0,E,0.04525,0.003,0.0,0.0,30000.0,30000.0,0.0
51,0.08,300000,0.15,0.75,6000.0,F,0.0815,0.02025,0.002,0.8055,11205.475537914806,1610.6106316279993,0.0
52,0.08,300000,0.3,0.5,2000.0,A,0.29375,0.0,0.0,0.36975,79900.0,16500.0,0.0
52,0.08,300000,0.3,0.5,2000.0,B,0.00875,0.00475,0.001,0.907,17100.0,15750.0,0.002
52,0.08,300000,0.3,0.5,2000.0,C,0.01925,0.006,0.00125,0.87375,17100.0,15900.0,0.008
52,0.08,300000,0.3,0.5,2000.0,C2,0.071,0.028,0.0075,0.487,16950.0,15600.0,0.006
52,0.08,300000,0.3,0.5,2000.0,D,0.015,0.00625,0.00175,0.97575,17100.0,15750.0,0.03575
52,0.08,300000,0.3,0.5,2000.0,H,0.06075,0.02075,0.005,0.01,35800.0,18950.0,0.01175
52,0.08,300000,0.3,0.5,2000.0,E,0.035,0.0015,0.0,0.0,26000.0,26000.0,0.0
52,0.08,300000,0.3,0.5,2000.0,F,0.06825,0.01275,0.0015,0.8035,11607.785685546503,1610.1006966608486,0.0
53,0.08,300000,0.3,0.5,6000.0,A,0.45925,0.0,0.0,0.00825,97600.0,68490.0,0.0055
53,0.08,300000,0.3,0.5,6000.0,B,0.02425,0.0105,0.0015,0.5315,15600.0,13200.0,0.029
53,0.08,300000,0.3,0.5,6000.0,C,0.07775,0.02925,0.00525,0.40475,23700.0,13500.0,0.07925
53,0.08,300000,0.3,0.5,6000.0,C2,0.112,0.03875,0.00825,0.11275,45200.0,14200.0,0.04925
53,0.08,300000,0.3,0.5,6000.0,D,0.05725,0.02775,0.00475,0.90225,15300.0,12750.0,0.2045
53,0.08,300000,0.3,0.5,6000.0,H,0.07275,0.027,0.0065,0.0015,40250.0,23950.0,0.015
53,0.08,300000,0.3,0.5,6000.0,E,0.0475,0.00375,0.0,0.0,30000.0,30000.0,0.0
53,0.08,300000,0.3,0.5,6000.0,F,0.07675,0.02025,0.003,0.79675,11383.132816713534,1731.1100837244076,0.0
54,0.08,300000,0.3,0.75,2000.0,A,0.3025,0.0,0.0,0.3565,82100.0,16500.0,0.0
54,0.08,300000,0.3,0.75,2000.0,B,0.016,0.00725,0.00275,0.9005,17100.0,15750.0,0.00325
54,0.08,300000,0.3,0.75,2000.0,C,0.03225,0.01125,0.0015,0.86975,17100.0,15900.0,0.013
54,0.08,300000,0.3,0.75,2000.0,C2,0.09625,0.0325,0.00375,0.48275,16950.0,15600.0,0.00625
54,0.08,300000,0.3,0.75,2000.0,D,0.01225,0.004,0.0005,0.97625,17100.0,15750.0,0.0375
54,0.08,300000,0.3,0.75,2000.0,H,0.098,0.03725,0.004,0.012,37700.0,19350.0,0.01275
54,0.08,300000,0.3,0.75,2000.0,E,0.03575,0.00275,0.0,0.0,26000.0,26000.0,0.0
54,0.08,300000,0.3,0.75,2000.0,F,0.07675,0.01375,0.002,0.8015,11152.620526467133,1671.146460838612,0.0
55,0.08,300000,0.3,0.75,6000.0,A,0.4505,0.0,0.0,0.009,96700.0,68200.0,0.0035
55,0.08,300000,0.3,0.75,6000.0,B,0.04575,0.01725,0.003,0.529,15600.0,13350.0,0.025
55,0.08,300000,0.3,0.75,6000.0,C,0.1195,0.04625,0.00975,0.39475,26400.0,13500.0,0.08525
55,0.08,300000,0.3,0.75,6000.0,C2,0.15725,0.05925,0.0105,0.1125,48600.0,14250.0,0.055
55,0.08,300000,0.3,0.75,6000.0,D,0.05275,0.0265,0.0055,0.9035,15300.0,12750.0,0.20825
55,0.08,300000,0.3,0.75,6000.0,H,0.09975,0.03825,0.00725,0.0025,42550.0,24500.0,0.015
55,0.08,300000,0.3,0.75,6000.0,E,0.039,0.00625,0.0,0.0,30000.0,30000.0,0.0
55,0.08,300000,0.3,0.75,6000.0,F,0.09075,0.0235,0.0045,0.8005,11442.440612969083,1612.1116775480245,0.0
56,0.08,300000,0.5,0.5,2000.0,A,0.9435,0.0,0.0,0.056,180350.0,136990.0,0.0
56,0.08,300000,0.5,0.5,2000.0,B,0.04925,0.008,0.0005,0.7205,17100.0,16350.0,0.00025
56,0.08,300000,0.5,0.5,2000.0,C,0.10225,0.01325,0.003,0.68175,17100.0,16650.0,0.0015
56,0.08,300000,0.5,0.5,2000.0,C2,0.37125,0.0405,0.00825,0.081,89200.0,44190.0,0.0005
56,0.08,300000,0.5,0.5,2000.0,D,0.01,0.003,0.0005,0.97475,17100.0,15750.0,0.028
56,0.08,300000,0.5,0.5,2000.0,H,0.20925,0.04025,0.00725,0.001,72350.0,43195.0,0.0005
56,0.08,300000,0.5,0.5,2000.0,E,0.03275,0.00325,0.0,0.0,26000.0,26000.0,0.0
56,0.08,300000,0.5,0.5,2000.0,F,0.07325,0.01375,0.00125,0.792,11337.961688546522,1734.170711324823,0.0
57,0.08,300000,0.5,0.5,6000.0,A,0.9995,0.0,0.0,0.0,183300.0,150490.0,0.0
57,0.08,300000,0.5,0.5,6000.0,B,0.128,0.01475,0.00325,0.14875,66000.0,15150.0,0.00225
57,0.08,300000,0.5,0.5,6000.0,C,0.25775,0.046,0.009,0.1085,75850.0,15600.0,0.00875
57,0.08,300000,0.5,0.5,6000.0,C2,0.429,0.045,0.00775,0.0015,94700.0,62000.0,0.00075
57,0.08,300000,0.5,0.5,6000.0,D,0.05475,0.026,0.00425,0.88775,15300.0,12750.0,0.18025
57,0.08,300000,0.5,0.5,6000.0,H,0.23275,0.0385,0.006,0.00025,77050.0,47095.0,0.001
57,0.08,300000,0.5,0.5,6000.0,E,0.0435,0.00325,0.0,0.0,30000.0,30000.0,0.0
57,0.08,300000,0.5,0.5,6000.0,F,0.08375,0.0225,0.0035,0.80075,11806.390295323963,1778.9152061356472,0.0
58,0.08,300000,0.5,0.75,2000.0,A,0.94175,0.0,0.0,0.05775,178500.0,133890.0,0.0
58,0.08,300000,0.5,0.75,2000.0,B,0.0685,0.013,0.00125,0.70175,17100.0,16500.0,0.0005
58,0.08,300000,0.5,0.75,2000.0,C,0.122,0.026,0.008,0.67,17100.0,16650.0,0.00075
58,0.08,300000,0.5,0.75,2000.0,C2,0.42125,0.06025,0.01,0.085,92700.0,43200.0,0.00025
58,0.08,300000,0.5,0.75,2000.0,D,0.015,0.00675,0.0005,0.97125,17100.0,15750.0,0.03275
58,0.08,300000,0.5,0.75,2000.0,H,0.2715,0.06025,0.012,0.0005,77275.0,45450.0,0.00025
58,0.08,300000,0.5,0.75,2000.0,E,0.03575,0.003,0.00025,0.0,26000.0,26000.0,0.0
58,0.08,300000,0.5,0.75,2000.0,F,0.0745,0.0145,0.002,0.78675,11483.704040841101,1671.025125389208,0.0
59,0.08,300000,0.5,0.75,6000.0,A,0.9995,0.0,0.0,0.0,181800.0,148600.0,0.0
59,0.08,300000,0.5,0.75,6000.0,B,0.14925,0.02575,0.003,0.14725,67600.0,15150.0,0.0025
59,0.08,300000,0.5,0.75,6000.0,C,0.31325,0.06575,0.012,0.09275,80700.0,27490.000000000004,0.00875
59,0.08,300000,0.5,0.75,6000.0,C2,0.48125,0.073,0.0145,0.00175,98100.0,63100.0,0.00075
59,0.08,300000,0.5,0.75,6000.0,D,0.062,0.02925,0.0065,0.8775,15300.0,12750.0,0.18725
59,0.08,300000,0.5,0.75,6000.0,H,0.29325,0.05625,0.0085,0.0,80200.0,48650.0,0.001
59,0.08,300000,0.5,0.75,6000.0,E,0.0375,0.00275,0.0,0.0,30000.0,30000.0,0.0
59,0.08,300000,0.5,0.75,6000.0,F,0.08075,0.0185,0.00325,0.8005,11499.144487368692,1645.0593847151483,0.0
60,0.08,1000000,0.15,0.5,2000.0,A,0.0,0.0,0.0,0.81125,16950.0,16200.0,0.00125
60,0.08,1000000,0.15,0.5,2000.0,B,0.01,0.00725,0.002,0.98225,17100.0,15900.0,0.01
60,0.08,1000000,0.15,0.5,2000.0,C,0.0145,0.00875,0.00275,0.9685,17100.0,15750.0,0.021
60,0.08,1000000,0.15,0.5,2000.0,C2,0.02325,0.00875,0.0035,0.9125,16650.0,15300.0,0.0125
60,0.08,1000000,0.15,0.5,2000.0,D,0.0235,0.0175,0.00825,0.9735,17100.0,15750.0,0.037
60,0.08,1000000,0.15,0.5,2000.0,H,0.1085,0.02175,0.0105,0.025,25500.0,10650.0,0.07625
60,0.08,1000000,0.15,0.5,2000.0,E,0.13225,0.033,0.0015,0.0,26000.0,26000.0,0.0
60,0.08,1000000,0.15,0.5,2000.0,F,0.075,0.01725,0.002,0.79175,11153.34091919284,1536.8198167624046,0.0
61,0.08,1000000,0.15,0.5,6000.0,A,0.00125,0.0,0.0,0.25225,30700.0,13350.0,0.127
61,0.08,1000000,0.15,0.5,6000.0,B,0.02375,0.01375,0.00525,0.90725,15150.0,12750.0,0.05525
61,0.08,1000000,0.15,0.5,6000.0,C,0.06775,0.039,0.01725,0.8155,15000.0,10500.0,0.1975
61,0.08,1000000,0.15,0.5,6000.0,C2,0.098,0.0455,0.0175,0.6255,14400.0,8100.0,0.24175
61,0.08,1000000,0.15,0.5,6000.0,D,0.07175,0.05325,0.022,0.9165,15300.0,12750.0,0.21175
61,0.08,1000000,0.15,0.5,6000.0,H,0.10325,0.02,0.0085,0.01075,29600.0,15000.0,0.077
61,0.08,1000000,0.15,0.5,6000.0,E,0.123,0.0335,0.002,0.0,30000.0,30000.0,0.0
61,0.08,1000000,0.15,0.5,6000.0,F,0.0855,0.01625,0.0025,0.792,12236.373754215183,1674.3880824797423,0.0
62,0.08,1000000,0.15,0.75,2000.0,A,0.00025,0.0,0.0,0.82425,16800.0,16200.0,0.001
62,0.08,1000000,0.15,0.75,2000.0,B,0.01725,0.01325,0.0065,0.972,17100.0,15900.0,0.01225
62,0.08,1000000,0.15,0.75,2000.0,C,0.0265,0.016,0.00575,0.9595,17100.0,15750.0,0.02825
62,0.08,1000000,0.15,0.75,2000.0,C2,0.0295,0.01525,0.0065,0.91025,16800.0,15450.0,0.01325
62,0.08,1000000,0.15,0.75,2000.0,D,0.02275,0.0175,0.00775,0.97425,17100.0,15750.0,0.0355
62,0.08,1000000,0.15,0.75,2000.0,H,0.14625,0.03075,0.01225,0.02025,26375.0,11895.000000000002,0.06675
62,0.08,1000000,0.15,0.75,2000.0,E,0.12775,0.03025,0.00225,0.0,26000.0,26000.0,0.0
62,0.08,1000000,0.15,0.75,2000.0,F,0.0745,0.01525,0.00175,0.796,11440.727575551811,1610.4201509280347,0.0
63,0.08,1000000,0.15,0.75,6000.0,A,0.0005,0.0,0.0,0.24325,31150.0,13350.0,0.119
63,0.08,1000000,0.15,0.75,6000.0,B,0.045,0.032,0.01175,0.88425,15150.0,12300.0,0.081
63,0.08,1000000,0.15,0.75,6000.0,C,0.108,0.0615,0.02625,0.77775,15150.0,10500.0,0.20875
63,0.08,1000000,0.15,0.75,6000.0,C2,0.15225,0.072,0.03125,0.614,14550.0,8700.0,0.25275
63,0.08,1000000,0.15,0.75,6000.0,D,0.0765,0.05725,0.02675,0.91175,15300.0,12750.0,0.208
63,0.08,1000000,0.15,0.75,6000.0,H,0.14725,0.03375,0.01325,0.00875,30400.0,15750.0,0.07875
63,0.08,1000000,0.15,0.75,6000.0,E,0.13075,0.03125,0.0015,0.0,30000.0,30000.0,0.0
63,0.08,1000000,0.15,0.75,6000.0,F,0.08775,0.0215,0.0035,0.80475,11688.99794924533,1751.0422323650428,0.0
64,0.08,1000000,0.3,0.5,2000.0,A,0.305,0.0,0.0,0.3515,82400.0,16500.0,0.00025
64,0.08,1000000,0.3,0.5,2000.0,B,0.01675,0.00725,0.00275,0.89875,17100.0,15750.0,0.00275
64,0.08,1000000,0.3,0.5,2000.0,C,0.03875,0.02175,0.008,0.86875,17100.0,15900.0,0.00875
64,0.08,1000000,0.3,0.5,2000.0,C2,0.11475,0.04625,0.01725,0.47825,17550.0,15600.0,0.006
64,0.08,1000000,0.3,0.5,2000.0,D,0.02075,0.0165,0.0075,0.97225,17100.0,15750.0,0.04125
64,0.08,1000000,0.3,0.5,2000.0,H,0.1905,0.05175,0.02425,0.00925,36250.0,19200.0,0.01525
64,0.08,1000000,0.3,0.5,2000.0,E,0.1215,0.03225,0.00175,0.0,26000.0,26000.0,0.0
64,0.08,1000000,0.3,0.5,2000.0,F,0.076,0.014,0.00175,0.7935,12233.722502585926,1650.1091588467673,0.0
65,0.08,1000000,0.3,0.5,6000.0,A,0.456,0.0,0.0,0.00625,97500.0,68490.0,0.004
65,0.08,1000000,0.3,0.5,6000.0,B,0.05175,0.028,0.012,0.53025,15600.0,13200.0,0.02825
65,0.08,1000000,0.3,0.5,6000.0,C,0.15725,0.064,0.02775,0.40725,24300.0,13395.000000000002,0.0795
65,0.08,1000000,0.3,0.5,6000.0,C2,0.2085,0.083,0.03275,0.12075,45300.0,14100.0,0.05325
65,0.08,1000000,0.3,0.5,6000.0,D,0.07975,0.0585,0.02875,0.9005,15300.0,12750.0,0.20575
65,0.08,1000000,0.3,0.5,6000.0,H,0.179,0.05125,0.02125,0.002,39950.0,23550.0,0.01525
65,0.08,1000000,0.3,0.5,6000.0,E,0.12175,0.03125,0.00125,0.0,30000.0,30000.0,0.0
65,0.08,1000000,0.3,0.5,6000.0,F,0.0835,0.01975,0.00275,0.7985,11433.964931581184,1689.3788105102055,0.0
66,0.08,1000000,0.3,0.75,2000.0,A,0.3065,0.0,0.0,0.35425,81300.0,16500.0,0.0
66,0.08,1000000,0.3,0.75,2000.0,B,0.0205,0.0125,0.00775,0.89325,17100.0,15750.0,0.004
66,0.08,1000000,0.3,0.75,2000.0,C,0.05425,0.026,0.011,0.86375,17100.0,16050.0,0.01075
66,0.08,1000000,0.3,0.75,2000.0,C2,0.15875,0.063,0.03,0.48925,16950.0,15600.0,0.0035
66,0.08,1000000,0.3,0.75,2000.0,D,0.0175,0.0125,0.00625,0.97775,17100.0,15750.0,0.031
66,0.08,1000000,0.3,0.75,2000.0,H,0.254,0.07675,0.03275,0.00725,38175.0,19900.0,0.01425
66,0.08,1000000,0.3,0.75,2000.0,E,0.12225,0.02925,0.00225,0.0,26000.0,26000.0,0.0
66,0.08,1000000,0.3,0.75,2000.0,F,0.0695,0.0135,0.0005,0.806,11339.621582950396,1698.7011324789828,0.0
67,0.08,1000000,0.3,0.75,6000.0,A,0.467,0.0,0.0,0.00775,97700.0,67490.0,0.00325
67,0.08,1000000,0.3,0.75,6000.0,B,0.079,0.038,0.0165,0.509,15600.0,13350.0,0.0295
67,0.08,1000000,0.3,0.75,6000.0,C,0.22775,0.112,0.0495,0.387,27800.0,13650.0,0.08575
67,0.08,1000000,0.3,0.75,6000.0,C2,0.28925,0.1165,0.04875,0.106,50350.0,14400.0,0.052
67,0.08,1000000,0.3,0.75,6000.0,D,0.07975,0.0575,0.0255,0.89925,15300.0,12750.0,0.2095
67,0.08,1000000,0.3,0.75,6000.0,H,0.2635,0.08525,0.036,0.002,42950.0,24350.0,0.014
67,0.08,1000000,0.3,0.75,6000.0,E,0.13575,0.03725,0.00275,0.0,30000.0,30000.0,0.0
67,0.08,1000000,0.3,0.75,6000.0,F,0.08925,0.0245,0.00175,0.79825,11617.728301227533,1704.3808201040424,0.0
68,0.08,1000000,0.5,0.5,2000.0,A,0.94525,0.0,0.0,0.0535,178900.0,138500.0,0.0
68,0.08,1000000,0.5,0.5,2000.0,B,0.06025,0.01675,0.006,0.72125,17100.0,16500.0,0.00025
68,0.08,1000000,0.5,0.5,2000.0,C,0.1145,0.03925,0.02025,0.691,17100.0,16650.0,0.0015
68,0.08,1000000,0.5,0.5,2000.0,C2,0.393,0.088,0.0345,0.082,89900.0,39590.0,0.0
68,0.08,1000000,0.5,0.5,2000.0,D,0.02175,0.01875,0.00875,0.97175,17100.0,15750.0,0.03025
68,0.08,1000000,0.5,0.5,2000.0,H,0.2635,0.076,0.033,0.00025,72950.0,43650.0,0.0
68,0.08,1000000,0.5,0.5,2000.0,E,0.1195,0.02675,0.0025,0.0,26000.0,26000.0,0.0
68,0.08,1000000,0.5,0.5,2000.0,F,0.07775,0.01625,0.002,0.795,11769.814316929598,1709.6913882158356,0.0
69,0.08,1000000,0.5,0.5,6000.0,A,0.99975,0.0,0.0,0.0,183300.0,149890.0,0.0
69,0.08,1000000,0.5,0.5,6000.0,B,0.15075,0.042,0.018,0.15325,65750.0,15150.0,0.004
69,0.08,1000000,0.5,0.5,6000.0,C,0.296,0.09575,0.04275,0.10775,76800.0,15600.0,0.0085
69,0.08,1000000,0.5,0.5,6000.0,C2,0.44875,0.087,0.0375,0.00275,95400.0,60890.0,0.001
69,0.08,1000000,0.5,0.5,6000.0,D,0.0875,0.0565,0.027,0.88275,15300.0,12750.0,0.17675
69,0.08,1000000,0.5,0.5,6000.0,H,0.29325,0.084,0.03475,0.0,77050.0,47850.0,0.0
69,0.08,1000000,0.5,0.5,6000.0,E,0.129,0.03375,0.00325,0.0,30000.0,30000.0,0.0
69,0.08,1000000,0.5,0.5,6000.0,F,0.085,0.01875,0.00375,0.795,11747.725961413915,1705.164037594473,0.0
70,0.08,1000000,0.5,0.75,2000.0,A,0.945,0.0,0.0,0.05475,179600.0,136500.0,0.0
70,0.08,1000000,0.5,0.75,2000.0,B,0.07525,0.0255,0.01225,0.70925,17100.0,16500.0,0.00025
70,0.08,1000000,0.5,0.75,2000.0,C,0.139,0.05275,0.024,0.688,17100.0,16650.0,0.001
70,0.08,1000000,0.5,0.75,2000.0,C2,0.4445,0.1305,0.05625,0.08225,93850.0,43700.0,0.0
70,0.08,1000000,0.5,0.75,2000.0,D,0.0215,0.01425,0.0075,0.97225,17100.0,15750.0,0.03
70,0.08,1000000,0.5,0.75,2000.0,H,0.3385,0.11075,0.04425,0.00225,76125.0,44800.0,0.0005
70,0.08,1000000,0.5,0.75,2000.0,E,0.11825,0.02875,0.002,0.0,26000.0,26000.0,0.0
70,0.08,1000000,0.5,0.75,2000.0,F,0.0655,0.01675,0.002,0.80175,11138.070157098604,1718.88966227432,0.0
71,0.08,1000000,0.5,0.75,6000.0,A,1.0,0.0,0.0,0.0,183600.0,151000.0,0.0
71,0.08,1000000,0.5,0.75,6000.0,B,0.169,0.0545,0.02125,0.147,66800.0,15150.0,0.00375
71,0.08,1000000,0.5,0.75,6000.0,C,0.36425,0.13175,0.05475,0.09,80250.0,30840.000000000022,0.00875
71,0.08,1000000,0.5,0.75,6000.0,C2,0.50575,0.13775,0.05625,0.00325,100600.0,62300.0,0.001
71,0.08,1000000,0.5,0.75,6000.0,D,0.084,0.05825,0.0265,0.884,15300.0,12750.0,0.1895
71,0.08,1000000,0.5,0.75,6000.0,H,0.34975,0.1075,0.04425,0.0,81000.0,49345.0,0.0
71,0.08,1000000,0.5,0.75,6000.0,E,0.134,0.03425,0.00375,0.0,30000.0,30000.0,0.0
71,0.08,1000000,0.5,0.75,6000.0,F,0.0855,0.01825,0.003,0.79475,11209.06445347987,1668.5234222317429,0.0
72,0.15,100000,0.15,0.5,2000.0,A,0.00025,0.0,0.0,0.8205,16950.0,16200.0,0.0
72,0.15,100000,0.15,0.5,2000.0,B,0.00525,0.001,0.00025,0.9705,17100.0,15750.0,0.0155
72,0.15,100000,0.15,0.5,2000.0,C,0.01075,0.004,0.001,0.95225,17100.0,15750.0,0.029
72,0.15,100000,0.15,0.5,2000.0,C2,0.01025,0.00225,0.0,0.8995,16800.0,15600.0,0.01525
72,0.15,100000,0.15,0.5,2000.0,D,0.01325,0.00425,0.0005,0.96225,17100.0,15750.0,0.056
72,0.15,100000,0.15,0.5,2000.0,H,0.01925,0.0045,0.001,0.019,26600.0,13400.0,0.06075
72,0.15,100000,0.15,0.5,2000.0,E,0.00925,0.0005,0.0,0.0,26000.0,26000.0,0.0
72,0.15,100000,0.15,0.5,2000.0,F,0.068,0.012,0.00125,0.79575,11649.190375780783,1578.7590016437134,0.0
73,0.15,100000,0.15,0.5,6000.0,A,0.00025,0.0,0.0,0.247,31200.0,13350.0,0.12325
73,0.15,100000,0.15,0.5,6000.0,B,0.0175,0.00475,0.0005,0.87675,15150.0,11500.0,0.08375
73,0.15,100000,0.15,0.5,6000.0,C,0.04075,0.0075,0.00075,0.74875,15300.0,10200.0,0.22175
73,0.15,100000,0.15,0.5,6000.0,C2,0.04025,0.00975,0.001,0.598,14550.0,8700.0,0.24125
73,0.15,100000,0.15,0.5,6000.0,D,0.0525,0.0135,0.0015,0.841,15300.0,9900.0,0.29375
73,0.15,100000,0.15,0.5,6000.0,H,0.02375,0.00425,0.00025,0.00875,30925.0,17200.0,0.0635
73,0.15,100000,0.15,0.5,6000.0,E,0.012,0.0,0.0,0.0,30000.0,30000.0,0.0
73,0.15,100000,0.15,0.5,6000.0,F,0.08875,0.025,0.0035,0.80075,10871.654333366652,1608.9298520466803,0.0
74,0.15,100000,0.15,0.75,2000.0,A,0.0,0.0,0.0,0.81325,16875.0,16200.0,0.00075
74,0.15,100000,0.15,0.75,2000.0,B,0.00675,0.0035,0.0005,0.961,17100.0,15750.0,0.02425
74,0.15,100000,0.15,0.75,2000.0,C,0.0135,0.0045,0.00025,0.94675,17100.0,15750.0,0.03825
74,0.15,100000,0.15,0.75,2000.0,C2,0.0125,0.00225,0.0005,0.89975,16800.0,15600.0,0.01975
74,0.15,100000,0.15,0.75,2000.0,D,0.012,0.00225,0.00025,0.95825,17100.0,15750.0,0.05425
74,0.15,100000,0.15,0.75,2000.0,H,0.0305,0.0055,0.00025,0.0195,27975.0,13845.000000000002,0.05525
74,0.15,100000,0.15,0.75,2000.0,E,0.0065,0.0005,0.0,0.0,26000.0,26000.0,0.0
74,0.15,100000,0.15,0.75,2000.0,F,0.078,0.01525,0.00075,0.78925,11639.712712595694,1569.7105753704866,0.0
75,0.15,100000,0.15,0.75,6000.0,A,0.00025,0.0,0.0,0.2375,30700.0,13350.0,0.123
75,0.15,100000,0.15,0.75,6000.0,B,0.02325,0.0055,0.0,0.8505,15150.0,10950.0,0.10075
75,0.15,100000,0.15,0.75,6000.0,C,0.0545,0.0135,0.00125,0.7135,15300.0,10350.0,0.244
75,0.15,100000,0.15,0.75,6000.0,C2,0.05825,0.01525,0.00125,0.572,14700.0,9195.000000000002,0.25625
75,0.15,100000,0.15,0.75,6000.0,D,0.0525,0.01575,0.00025,0.842,15300.0,9900.0,0.29225
75,0.15,100000,0.15,0.75,6000.0,H,0.03375,0.00525,0.0,0.0095,32000.0,18800.0,0.067
75,0.15,100000,0.15,0.75,6000.0,E,0.011,0.00025,0.0,0.0,30000.0,30000.0,0.0
75,0.15,100000,0.15,0.75,6000.0,F,0.089,0.01875,0.00325,0.7995,11484.690290703158,1660.6925787152263,0.0
76,0.15,100000,0.3,0.5,2000.0,A,0.2945,0.0,0.0,0.35525,81300.0,16500.0,0.0
76,0.15,100000,0.3,0.5,2000.0,B,0.00975,0.002,0.00025,0.8905,17100.0,15750.0,0.003
76,0.15,100000,0.3,0.5,2000.0,C,0.021,0.0025,0.00025,0.8535,17100.0,16050.0,0.01175
76,0.15,100000,0.3,0.5,2000.0,C2,0.05825,0.007,0.00075,0.494,16950.0,15600.0,0.007
76,0.15,100000,0.3,0.5,2000.0,D,0.01375,0.00275,0.0005,0.95425,17100.0,15750.0,0.05525
76,0.15,100000,0.3,0.5,2000.0,H,0.06,0.01175,0.001,0.01025,38550.0,20645.0,0.012
76,0.15,100000,0.3,0.5,2000.0,E,0.0075,0.0005,0.0,0.0,26000.0,26000.0,0.0
76,0.15,100000,0.3,0.5,2000.0,F,0.06725,0.01225,0.0005,0.80075,11182.762606576849,1652.1647430326896,0.0
77,0.15,100000,0.3,0.5,6000.0,A,0.45475,0.0,0.0,0.00775,97400.0,68590.0,0.00725
77,0.15,100000,0.3,0.5,6000.0,B,0.0315,0.007,0.00075,0.517,15600.0,13200.0,0.03475
77,0.15,100000,0.3,0.5,6000.0,C,0.07825,0.01625,0.00075,0.382,27300.0,13650.0,0.08575
77,0.15,100000,0.3,0.5,6000.0,C2,0.0985,0.019,0.00225,0.10425,47600.0,14400.0,0.0495
77,0.15,100000,0.3,0.5,6000.0,D,0.05575,0.0155,0.00225,0.81175,15300.0,11550.0,0.275
77,0.15,100000,0.3,0.5,6000.0,H,0.067,0.01025,0.0,0.0015,41950.0,24800.0,0.01325
77,0.15,100000,0.3,0.5,6000.0,E,0.01275,0.00025,0.0,0.0,30000.0,30000.0,0.0
77,0.15,100000,0.3,0.5,6000.0,F,0.09275,0.0225,0.0035,0.79775,11313.5540198011,1595.7772588437572,0.0
78,0.15,100000,0.3,0.75,2000.0,A,0.29775,0.0,0.0,0.36475,80100.0,16500.0,0.0
78,0.15,100000,0.3,0.75,2000.0,B,0.01375,0.00325,0.0005,0.884,17100.0,15750.0,0.00675
78,0.15,100000,0.3,0.75,2000.0,C,0.0355,0.006,0.00125,0.84925,17100.0,16050.0,0.0125
78,0.15,100000,0.3,0.75,2000.0,C2,0.08125,0.0145,0.0015,0.48725,16950.0,15750.0,0.0075
78,0.15,100000,0.3,0.75,2000.0,D,0.013,0.004,0.00025,0.952,17100.0,15750.0,0.05175
78,0.15,100000,0.3,0.75,2000.0,H,0.087,0.015,0.001,0.00775,40950.0,22245.0,0.01325
78,0.15,100000,0.3,0.75,2000.0,E,0.007,0.0,0.0,0.0,26000.0,26000.0,0.0
78,0.15,100000,0.3,0.75,2000.0,F,0.07175,0.01225,0.00075,0.80325,11281.8499869917,1742.1463519060264,0.0
79,0.15,100000,0.3,0.75,6000.0,A,0.4605,0.0,0.0,0.00875,97600.0,67300.0,0.00425
79,0.15,100000,0.3,0.75,6000.0,B,0.04375,0.0085,0.00075,0.48475,15600.0,13190.000000000004,0.04025
79,0.15,100000,0.3,0.75,6000.0,C,0.11125,0.021,0.001,0.35825,31800.0,13800.0,0.082
79,0.15,100000,0.3,0.75,6000.0,C2,0.1385,0.0255,0.0035,0.1,51800.0,14850.0,0.046
79,0.15,100000,0.3,0.75,6000.0,D,0.05875,0.013,0.00175,0.8075,15300.0,11550.0,0.2775
79,0.15,100000,0.3,0.75,6000.0,H,0.10175,0.01875,0.00175,0.00125,45575.0,26750.0,0.01375
79,0.15,100000,0.3,0.75,6000.0,E,0.009,0.0,0.0,0.0,30000.0,30000.0,0.0
79,0.15,100000,0.3,0.75,6000.0,F,0.09475,0.021,0.002,0.7905,11690.368594688553,1625.5510545112757,0.0
80,0.15,100000,0.5,0.5,2000.0,A,0.94675,0.0,0.0,0.05275,178500.0,137290.0,0.0
80,0.15,100000,0.5,0.5,2000.0,B,0.0515,0.00525,0.0005,0.70775,17100.0,16500.0,0.00025
80,0.15,100000,0.5,0.5,2000.0,C,0.09075,0.00725,0.001,0.6815,17100.0,16650.0,0.00075
80,0.15,100000,0.5,0.5,2000.0,C2,0.32525,0.0205,0.00125,0.08625,86915.14109441622,41151.17030670161,0.00025
80,0.15,100000,0.5,0.5,2000.0,D,0.01675,0.005,0.0,0.94525,17100.0,15750.0,0.04325
80,0.15,100000,0.5,0.5,2000.0,H,0.165,0.018,0.00075,0.00275,71525.0,44450.0,0.00125
80,0.15,100000,0.5,0.5,2000.0,E,0.0095,0.0,0.0,0.0,26000.0,26000.0,0.0
80,0.15,100000,0.5,0.5,2000.0,F,0.0705,0.0145,0.001,0.80425,11323.743029007788,1636.869337647409,0.0
81,0.15,100000,0.5,0.5,6000.0,A,1.0,0.0,0.0,0.0,183900.0,149200.0,0.0
81,0.15,100000,0.5,0.5,6000.0,B,0.13475,0.01025,0.0005,0.14425,67000.0,15300.0,0.0055
81,0.15,100000,0.5,0.5,6000.0,C,0.21875,0.0215,0.002,0.09375,75700.0,28490.000000000004,0.00975
81,0.15,100000,0.5,0.5,6000.0,C2,0.38275,0.025,0.001,0.00125,92100.0,61590.0,0.0015
81,0.15,100000,0.5,0.5,6000.0,D,0.061,0.014,0.0005,0.784,15300.0,12750.0,0.23775
81,0.15,100000,0.5,0.5,6000.0,H,0.20025,0.02275,0.00225,0.0,76450.0,49147.7511615083,0.0005
81,0.15,100000,0.5,0.5,6000.0,E,0.01125,0.00025,0.0,0.0,30000.0,30000.0,0.0
81,0.15,100000,0.5,0.5,6000.0,F,0.086,0.02025,0.00425,0.8025,11749.486186259013,1718.961364706472,0.0
82,0.15,100000,0.5,0.75,2000.0,A,0.94725,0.0,0.0,0.05125,178400.0,136790.0,0.0
82,0.15,100000,0.5,0.75,2000.0,B,0.06575,0.006,0.00075,0.691,17100.0,16650.0,0.00025
82,0.15,100000,0.5,0.75,2000.0,C,0.09225,0.00975,0.001,0.67075,17100.0,16650.0,0.001
82,0.15,100000,0.5,0.75,2000.0,C2,0.3555,0.0295,0.00275,0.08,88700.0,43980.00000000001,0.0
82,0.15,100000,0.5,0.75,2000.0,D,0.015,0.0035,0.00025,0.9495,17100.0,15750.0,0.04075
82,0.15,100000,0.5,0.75,2000.0,H,0.2,0.0295,0.00125,0.001,74350.0,46429.66369710395,0.0005
82,0.15,100000,0.5,0.75,2000.0,E,0.006,0.0,0.0,0.0,26000.0,26000.0,0.0
82,0.15,100000,0.5,0.75,2000.0,F,0.071,0.01825,0.002,0.80075,11649.062513923402,1685.5212777716938,0.0
83,0.15,100000,0.5,0.75,6000.0,A,0.99925,0.0,0.0,0.0,183500.0,148390.0,0.0
83,0.15,100000,0.5,0.75,6000.0,B,0.14625,0.01175,0.0005,0.1345,67736.64355272394,15300.0,0.00475
83,0.15,100000,0.5,0.75,6000.0,C,0.26675,0.03625,0.00375,0.0945,77700.0,25780.000000000007,0.01075
83,0.15,100000,0.5,0.75,6000.0,C2,0.40175,0.0385,0.00175,0.004,93500.0,62590.0,0.002
83,0.15,100000,0.5,0.75,6000.0,D,0.06175,0.01175,0.00025,0.7905,15300.0,12750.0,0.227
83,0.15,100000,0.5,0.75,6000.0,H,0.2305,0.027,0.0005,0.0,78225.0,49750.0,0.0005
83,0.15,100000,0.5,0.75,6000.0,E,0.00875,0.0,0.0,0.0,30000.0,30000.0,0.0
83,0.15,100000,0.5,0.75,6000.0,F,0.0835,0.02,0.00175,0.80325,11470.221810460556,1622.3731941969525,0.0
84,0.15,300000,0.15,0.5,2000.0,A,0.00025,0.0,0.0,0.81375,16950.0,16200.0,0.001
84,0.15,300000,0.15,0.5,2000.0,B,0.011,0.00675,0.00225,0.971,17100.0,15750.0,0.01525
84,0.15,300000,0.15,0.5,2000.0,C,0.01775,0.009,0.00275,0.95375,17100.0,15600.0,0.0275
84,0.15,300000,0.15,0.5,2000.0,C2,0.0185,0.009,0.0025,0.915,16800.0,15600.0,0.01325
84,0.15,300000,0.15,0.5,2000.0,D,0.0275,0.01475,0.0045,0.958,17100.0,15750.0,0.0535
84,0.15,300000,0.15,0.5,2000.0,H,0.04625,0.0225,0.0035,0.02275,26900.0,12595.000000000002,0.07025
84,0.15,300000,0.15,0.5,2000.0,E,0.06625,0.006,0.0,0.0,26000.0,26000.0,0.0
84,0.15,300000,0.15,0.5,2000.0,F,0.06975,0.01675,0.00175,0.795,11382.512329685625,1741.09584501842,0.0
85,0.15,300000,0.15,0.5,6000.0,A,0.0015,0.0,0.0,0.24725,30550.0,13350.0,0.12975
85,0.15,300000,0.15,0.5,6000.0,B,0.03275,0.017,0.003,0.87025,15150.0,11850.0,0.07925
85,0.15,300000,0.15,0.5,6000.0,C,0.08075,0.03425,0.007,0.74925,15150.0,10350.0,0.23575
85,0.15,300000,0.15,0.5,6000.0,C2,0.08175,0.0385,0.0075,0.5935,14550.0,8850.0,0.247
85,0.15,300000,0.15,0.5,6000.0,D,0.11,0.05575,0.014,0.82925,15300.0,9900.0,0.30025
85,0.15,300000,0.15,0.5,6000.0,H,0.0425,0.016,0.0035,0.00825,31400.0,17000.0,0.07225
85,0.15,300000,0.15,0.5,6000.0,E,0.07375,0.00575,0.0,0.0,30000.0,30000.0,0.0
85,0.15,300000,0.15,0.5,6000.0,F,0.08825,0.02075,0.0035,0.794,11793.452620574351,1520.880218866875,0.0
86,0.15,300000,0.15,0.75,2000.0,A,0.00025,0.0,0.0,0.807,16950.0,16200.0,0.00075
86,0.15,300000,0.15,0.75,2000.0,B,0.01925,0.01,0.002,0.95575,17100.0,15750.0,0.02425
86,0.15,300000,0.15,0.75,2000.0,C,0.03125,0.01625,0.0045,0.93125,17100.0,15750.0,0.037
86,0.15,300000,0.15,0.75,2000.0,C2,0.02725,0.012,0.00125,0.90625,16800.0,15600.0,0.01825
86,0.15,300000,0.15,0.75,2000.0,D,0.0325,0.01525,0.0035,0.9525,17100.0,15750.0,0.062
86,0.15,300000,0.15,0.75,2000.0,H,0.0555,0.02425,0.004,0.01975,28750.0,14090.000000000004,0.05925
86,0.15,300000,0.15,0.75,2000.0,E,0.0715,0.0055,0.00025,0.0,26000.0,26000.0,0.0
86,0.15,300000,0.15,0.75,2000.0,F,0.07525,0.01625,0.002,0.8015,11203.099892378677,1624.4473580260058,0.0
87,0.15,300000,0.15,0.75,6000.0,A,0.001,0.0,0.0,0.2465,30800.0,13350.0,0.13
87,0.15,300000,0.15,0.75,6000.0,B,0.052,0.02125,0.00225,0.84375,15300.0,11390.000000000004,0.10225
87,0.15,300000,0.15,0.75,6000.0,C,0.1175,0.05825,0.0115,0.70025,15300.0,10200.0,0.25625
87,0.15,300000,0.15,0.75,6000.0,C2,0.112,0.0465,0.00775,0.58575,14700.0,9600.0,0.2545
87,0.15,300000,0.15,0.75,6000.0,D,0.11,0.05025,0.01025,0.824,15300.0,9900.0,0.297
87,0.15,300000,0.15,0.75,6000.0,H,0.05675,0.0265,0.007,0.0065,32600.0,18650.0,0.0655
87,0.15,300000,0.15,0.75,6000.0,E,0.072,0.0045,0.0,0.0,30000.0,30000.0,0.0
87,0.15,300000,0.15,0.75,6000.0,F,0.07675,0.01725,0.0015,0.80975,11264.114459861183,1696.6292788890535,0.0
88,0.15,300000,0.3,0.5,2000.0,A,0.3005,0.0,0.0,0.3585,80550.0,16500.0,0.0
88,0.15,300000,0.3,0.5,2000.0,B,0.02,0.01025,0.001,0.8875,17100.0,15750.0,0.0045
88,0.15,300000,0.3,0.5,2000.0,C,0.036,0.01425,0.00375,0.853,17100.0,15900.0,0.0105
88,0.15,300000,0.3,0.5,2000.0,C2,0.106,0.0365,0.00625,0.50175,16950.0,15600.0,0.00575
88,0.15,300000,0.3,0.5,2000.0,D,0.02875,0.0155,0.002,0.9515,17100.0,15750.0,0.051
88,0.15,300000,0.3,0.5,2000.0,H,0.10775,0.0405,0.008,0.01,40500.0,20795.0,0.0115
88,0.15,300000,0.3,0.5,2000.0,E,0.0665,0.0055,0.0,0.0,26000.0,26000.0,0.0
88,0.15,300000,0.3,0.5,2000.0,F,0.077,0.01675,0.001,0.8055,11052.16651778595,1566.178451144918,0.0
89,0.15,300000,0.3,0.5,6000.0,A,0.46125,0.0,0.0,0.0075,97550.0,68400.0,0.00325
89,0.15,300000,0.3,0.5,6000.0,B,0.05875,0.024,0.00375,0.504,15600.0,13350.0,0.035
89,0.15,300000,0.3,0.5,6000.0,C,0.13925,0.051,0.00675,0.37575,29800.0,13600.0,0.08925
89,0.15,300000,0.3,0.5,6000.0,C2,0.19575,0.07575,0.015,0.11075,51350.0,14250.0,0.0505
89,0.15,300000,0.3,0.5,6000.0,D,0.104,0.052,0.01075,0.8125,15300.0,11550.0,0.2785
89,0.15,300000,0.3,0.5,6000.0,H,0.12425,0.04675,0.0095,0.00125,45200.0,25495.0,0.013
89,0.15,300000,0.3,0.5,6000.0,E,0.06975,0.00525,0.0,0.0,30000.0,30000.0,0.0
89,0.15,300000,0.3,0.5,6000.0,F,0.086,0.02325,0.00225,0.798,12102.863692641055,1645.2459452455466,0.0
90,0.15,300000,0.3,0.75,2000.0,A,0.301,0.0,0.0,0.36275,80600.0,16500.0,0.0
90,0.15,300000,0.3,0.75,2000.0,B,0.0305,0.013,0.00175,0.88225,17100.0,15750.0,0.0075
90,0.15,300000,0.3,0.75,2000.0,C,0.053,0.0235,0.0035,0.84175,17100.0,16050.0,0.013
90,0.15,300000,0.3,0.75,2000.0,C2,0.1465,0.051,0.01,0.49125,16950.0,15600.0,0.00425
90,0.15,300000,0.3,0.75,2000.0,D,0.02875,0.0185,0.00475,0.946,17100.0,15750.0,0.05475
90,0.15,300000,0.3,0.75,2000.0,H,0.1605,0.0645,0.013,0.00675,47650.0,22295.0,0.00925
90,0.15,300000,0.3,0.75,2000.0,E,0.0645,0.005,0.0,0.0,26000.0,26000.0,0.0
90,0.15,300000,0.3,0.75,2000.0,F,0.06375,0.012,0.00175,0.79675,10800.615676651327,1590.5001525407688,0.0
91,0.15,300000,0.3,0.75,6000.0,A,0.46575,0.0,0.0,0.0085,98050.0,67690.0,0.00475
91,0.15,300000,0.3,0.75,6000.0,B,0.08875,0.03925,0.006,0.484,15600.0,13350.0,0.0345
91,0.15,300000,0.3,0.75,6000.0,C,0.202,0.079,0.015,0.3465,36050.0,13950.0,0.0885
91,0.15,300000,0.3,0.75,6000.0,C2,0.2615,0.093,0.01875,0.10675,60902.939914453964,14550.0,0.05075
91,0.15,300000,0.3,0.75,6000.0,D,0.112,0.0585,0.0115,0.804,15300.0,12196.861597141178,0.27625
91,0.15,300000,0.3,0.75,6000.0,H,0.178,0.0675,0.01275,0.0015,53525.0,26895.0,0.014
91,0.15,300000,0.3,0.75,6000.0,E,0.08625,0.00725,0.00025,0.0,30000.0,30000.0,0.0
91,0.15,300000,0.3,0.75,6000.0,F,0.0935,0.02625,0.0025,0.8045,11817.42480521548,1554.6584939283316,0.0
92,0.15,300000,0.5,0.5,2000.0,A,0.94375,0.0,0.0,0.056,178000.0,135700.0,0.0
92,0.15,300000,0.5,0.5,2000.0,B,0.06425,0.01575,0.003,0.702,17100.0,16500.0,0.00025
92,0.15,300000,0.5,0.5,2000.0,C,0.13825,0.0305,0.00525,0.67075,17100.0,16650.0,0.00075
92,0.15,300000,0.5,0.5,2000.0,C2,0.421,0.07375,0.01375,0.07825,92400.0,46380.00000000001,0.0005
92,0.15,300000,0.5,0.5,2000.0,D,0.03725,0.01675,0.003,0.9375,17100.0,15750.0,0.04975
92,0.15,300000,0.5,0.5,2000.0,H,0.289,0.06275,0.01025,0.00175,78000.0,44700.0,0.0005
92,0.15,300000,0.5,0.5,2000.0,E,0.07875,0.00625,0.00025,0.0,26000.0,26000.0,0.0
92,0.15,300000,0.5,0.5,2000.0,F,0.06925,0.01425,0.00175,0.80425,11270.644468310551,1607.2129826824491,0.0
93,0.15,300000,0.5,0.5,6000.0,A,0.99975,0.0,0.0,0.0,182700.0,149290.0,0.0
93,0.15,300000,0.5,0.5,6000.0,B,0.18,0.03275,0.0095,0.14525,68400.0,15150.0,0.004
93,0.15,300000,0.5,0.5,6000.0,C,0.34575,0.08025,0.0155,0.0915,83400.0,30370.00000000001,0.008
93,0.15,300000,0.5,0.5,6000.0,C2,0.51125,0.08625,0.0145,0.00275,101000.0,64300.0,0.00175
93,0.15,300000,0.5,0.5,6000.0,D,0.114,0.05325,0.011,0.7805,15300.0,12750.0,0.23475
93,0.15,300000,0.5,0.5,6000.0,H,0.34475,0.075,0.011,0.00025,82979.63083811064,48895.0,0.0005
93,0.15,300000,0.5,0.5,6000.0,E,0.07625,0.0055,0.0,0.0,30000.0,30000.0,0.0
93,0.15,300000,0.5,0.5,6000.0,F,0.08375,0.02225,0.00225,0.79175,11283.030746808878,1674.3829579041083,0.0
94,0.15,300000,0.5,0.75,2000.0,A,0.94725,0.0,0.0,0.052,178900.0,137980.0,0.0
94,0.15,300000,0.5,0.75,2000.0,B,0.089,0.0195,0.003,0.691,17100.0,16500.0,0.00125
94,0.15,300000,0.5,0.75,2000.0,C,0.16,0.04475,0.009,0.6695,17100.0,16650.0,0.00125
94,0.15,300000,0.5,0.75,2000.0,C2,0.50075,0.1105,0.01875,0.08,100050.0,46960.000000000015,0.0
94,0.15,300000,0.5,0.75,2000.0,D,0.031,0.0135,0.0035,0.94575,17100.0,15750.0,0.04125
94,0.15,300000,0.5,0.75,2000.0,H,0.36575,0.08375,0.0175,0.00175,85300.0,46295.0,0.0
94,0.15,300000,0.5,0.75,2000.0,E,0.06775,0.00625,0.00025,0.0,26000.0,26000.0,0.0
94,0.15,300000,0.5,0.75,2000.0,F,0.07125,0.014,0.0015,0.79775,11511.463389494998,1797.2933099772824,0.0
95,0.15,300000,0.5,0.75,6000.0,A,0.99975,0.0,0.0,0.0,183200.0,148700.0,0.0
95,0.15,300000,0.5,0.75,6000.0,B,0.21675,0.049,0.00975,0.146,70650.0,15300.0,0.00625
95,0.15,300000,0.5,0.75,6000.0,C,0.417,0.118,0.02125,0.09075,89550.0,30290.000000000004,0.01
95,0.15,300000,0.5,0.75,6000.0,C2,0.58325,0.1155,0.02175,0.00175,108994.78883167007,66190.0,0.0015
95,0.15,300000,0.5,0.75,6000.0,D,0.11675,0.0615,0.01475,0.77675,15300.0,12750.0,0.24
95,0.15,300000,0.5,0.75,6000.0,H,0.407,0.092,0.017,0.0,89050.0,51238.68233955289,0.0005
95,0.15,300000,0.5,0.75,6000.0,E,0.08025,0.006,0.0,0.0,30000.0,30000.0,0.0
95,0.15,300000,0.5,0.75,6000.0,F,0.09175,0.0225,0.003,0.80325,11678.24871579002,1632.0668049487056,0.0
96,0.15,1000000,0.15,0.5,2000.0,A,0.0005,0.0,0.0,0.8035,16950.0,16200.0,0.001
96,0.15,1000000,0.15,0.5,2000.0,B,0.01775,0.013,0.00575,0.9685,17100.0,15750.0,0.0165
96,0.15,1000000,0.15,0.5,2000.0,C,0.028,0.01825,0.0095,0.95475,17100.0,15600.0,0.0255
96,0.15,1000000,0.15,0.5,2000.0,C2,0.03675,0.01475,0.00775,0.90675,16800.0,15450.0,0.01625
96,0.15,1000000,0.15,0.5,2000.0,D,0.03925,0.029,0.0155,0.957,17100.0,15750.0,0.05925
96,0.15,1000000,0.15,0.5,2000.0,H,0.18475,0.044,0.018,0.02075,27200.0,12745.000000000002,0.06425
96,0.15,1000000,0.15,0.5,2000.0,E,0.23675,0.06275,0.00475,0.0,26000.0,26000.0,0.0
96,0.15,1000000,0.15,0.5,2000.0,F,0.07525,0.016,0.0015,0.8025,11649.103962965128,1801.5487006613498,0.0
97,0.15,1000000,0.15,0.5,6000.0,A,0.00125,0.0,0.0,0.24275,31200.0,13350.0,0.1275
97,0.15,1000000,0.15,0.5,6000.0,B,0.04575,0.03075,0.01275,0.8895,15150.0,12450.0,0.077
97,0.15,1000000,0.15,0.5,6000.0,C,0.1225,0.07,0.0305,0.76675,15150.0,10200.0,0.22175
97,0.15,1000000,0.15,0.5,6000.0,C2,0.17125,0.08375,0.03625,0.593,14550.0,8800.0,0.25475
97,0.15,1000000,0.15,0.5,6000.0,D,0.15075,0.113,0.05125,0.82925,15300.0,9900.0,0.3005
97,0.15,1000000,0.15,0.5,6000.0,H,0.1885,0.0415,0.0185,0.01,31300.0,16300.0,0.07
97,0.15,1000000,0.15,0.5,6000.0,E,0.24575,0.0665,0.005,0.0,30000.0,30000.0,0.0
97,0.15,1000000,0.15,0.5,6000.0,F,0.08825,0.02475,0.00225,0.7905,11995.346170805478,1685.946807179046,0.0
98,0.15,1000000,0.15,0.75,2000.0,A,0.00025,0.0,0.0,0.81225,16950.0,16200.0,0.00125
98,0.15,1000000,0.15,0.75,2000.0,B,0.02625,0.0185,0.00875,0.956,17100.0,15750.0,0.02625
98,0.15,1000000,0.15,0.75,2000.0,C,0.04375,0.03025,0.0115,0.94125,17100.0,15750.0,0.03525
98,0.15,1000000,0.15,0.75,2000.0,C2,0.051,0.022,0.00925,0.907,16800.0,15750.0,0.01525
98,0.15,1000000,0.15,0.75,2000.0,D,0.04025,0.03075,0.0165,0.95575,17100.0,15750.0,0.0565
98,0.15,1000000,0.15,0.75,2000.0,H,0.25,0.0575,0.02325,0.019,28400.0,14195.000000000002,0.061
98,0.15,1000000,0.15,0.75,2000.0,E,0.23075,0.0565,0.0045,0.0,26000.0,26000.0,0.0
98,0.15,1000000,0.15,0.75,2000.0,F,0.0765,0.01625,0.0025,0.7915,11036.627749851683,1601.1935479516278,0.0
99,0.15,1000000,0.15,0.75,6000.0,A,0.0,0.0,0.0,0.2435,30600.0,13100.0,0.1335
99,0.15,1000000,0.15,0.75,6000.0,B,0.07475,0.04625,0.02075,0.853,15300.0,12150.0,0.099
99,0.15,1000000,0.15,0.75,6000.0,C,0.1945,0.1175,0.05825,0.7055,15450.0,10200.0,0.2475
99,0.15,1000000,0.15,0.75,6000.0,C2,0.231,0.1145,0.051,0.58,14700.0,9450.0,0.25725
99,0.15,1000000,0.15,0.75,6000.0,D,0.1505,0.108,0.0495,0.83125,15300.0,9900.0,0.295
99,0.15,1000000,0.15,0.75,6000.0,H,0.242,0.05325,0.02225,0.0075,32450.0,18295.0,0.0615
99,0.15,1000000,0.15,0.75,6000.0,E,0.2315,0.05775,0.00375,0.0,30000.0,30000.0,0.0
99,0.15,1000000,0.15,0.75,6000.0,F,0.087,0.021,0.003,0.80875,11109.749809402632,1631.8625370793616,0.0
100,0.15,1000000,0.3,0.5,2000.0,A,0.308,0.0,0.0,0.34925,82350.0,16500.0,0.0
100,0.15,1000000,0.3,0.5,2000.0,B,0.02875,0.019,0.0095,0.887,17100.0,15750.0,0.00475
100,0.15,1000000,0.3,0.5,2000.0,C,0.0665,0.031,0.0125,0.85825,17100.0,15900.0,0.0115
100,0.15,1000000,0.3,0.5,2000.0,C2,0.19525,0.08475,0.03675,0.4905,16950.0,15600.0,0.00575
100,0.15,1000000,0.3,0.5,2000.0,D,0.0445,0.034,0.01625,0.94675,17100.0,15750.0,0.06075
100,0.15,1000000,0.3,0.5,2000.0,H,0.3235,0.104,0.043,0.00675,41125.0,21045.0,0.01175
100,0.15,1000000,0.3,0.5,2000.0,E,0.2355,0.0595,0.00575,0.0,26000.0,26000.0,0.0
100,0.15,1000000,0.3,0.5,2000.0,F,0.0715,0.01325,0.00175,0.805,11368.013853291275,1656.9842738837062,0.0
101,0.15,1000000,0.3,0.5,6000.0,A,0.469,0.0,0.0,0.007,97900.0,67900.0,0.00325
101,0.15,1000000,0.3,0.5,6000.0,B,0.0975,0.04875,0.0205,0.517,15600.0,13200.0,0.03225
101,0.15,1000000,0.3,0.5,6000.0,C,0.268,0.125,0.055,0.3635,30300.0,13800.0,0.07325
101,0.15,1000000,0.3,0.5,6000.0,C2,0.338,0.14775,0.06475,0.11825,52800.0,14250.0,0.04725
101,0.15,1000000,0.3,0.5,6000.0,D,0.153,0.10875,0.05225,0.8165,15300.0,11550.0,0.2695
101,0.15,1000000,0.3,0.5,6000.0,H,0.31025,0.10375,0.045,0.00125,45050.0,25050.0,0.014
101,0.15,1000000,0.3,0.5,6000.0,E,0.24325,0.05825,0.00375,0.0,30000.0,30000.0,0.0
101,0.15,1000000,0.3,0.5,6000.0,F,0.083,0.02175,0.004,0.8015,11122.66059448956,1605.3399445604362,0.0
102,0.15,1000000,0.3,0.75,2000.0,A,0.3065,0.0,0.0,0.364,80450.0,16500.0,0.0
102,0.15,1000000,0.3,0.75,2000.0,B,0.049,0.02925,0.01125,0.8725,17100.0,15600.0,0.00675
102,0.15,1000000,0.3,0.75,2000.0,C,0.09875,0.05525,0.0245,0.83675,17100.0,16050.0,0.01625
102,0.15,1000000,0.3,0.75,2000.0,C2,0.27175,0.1235,0.04775,0.487,19050.0,15750.0,0.0045
102,0.15,1000000,0.3,0.75,2000.0,D,0.044,0.03225,0.014,0.94725,17100.0,15750.0,0.05925
102,0.15,1000000,0.3,0.75,2000.0,H,0.42875,0.14025,0.05125,0.01,50025.0,22100.0,0.012
102,0.15,1000000,0.3,0.75,2000.0,E,0.23225,0.059,0.00275,0.0,26000.0,26000.0,0.0
102,0.15,1000000,0.3,0.75,2000.0,F,0.07475,0.01575,0.001,0.8035,11519.496485611291,1661.9018824435998,0.0
103,0.15,1000000,0.3,0.75,6000.0,A,0.4575,0.0,0.0,0.00725,97000.0,67900.0,0.0055
103,0.15,1000000,0.3,0.75,6000.0,B,0.137,0.07325,0.02875,0.504,15600.0,13350.0,0.03625
103,0.15,1000000,0.3,0.75,6000.0,C,0.356,0.177,0.078,0.35,36000.0,13950.0,0.08925
103,0.15,1000000,0.3,0.75,6000.0,C2,0.44175,0.1905,0.08075,0.1005,65950.0,14700.0,0.05025
103,0.15,1000000,0.3,0.75,6000.0,D,0.15775,0.1135,0.0495,0.8075,15300.0,11550.0,0.2795
103,0.15,1000000,0.3,0.75,6000.0,H,0.413,0.1385,0.05375,0.001,51900.0,26295.0,0.01225
103,0.15,1000000,0.3,0.75,6000.0,E,0.2335,0.0585,0.00325,0.0,30000.0,30000.0,0.0
103,0.15,1000000,0.3,0.75,6000.0,F,0.078,0.02025,0.00225,0.79825,11086.29869247095,1535.875213139692,0.0
104,0.15,1000000,0.5,0.5,2000.0,A,0.94025,0.0,0.0,0.05925,178200.0,135000.0,0.0
104,0.15,1000000,0.5,0.5,2000.0,B,0.0825,0.0325,0.01075,0.70475,17100.0,16500.0,0.0
104,0.15,1000000,0.5,0.5,2000.0,C,0.16,0.06525,0.02675,0.67425,17100.0,16650.0,0.00075
104,0.15,1000000,0.5,0.5,2000.0,C2,0.47325,0.14975,0.05975,0.08325,96700.0,44470.00000000001,0.0
104,0.15,1000000,0.5,0.5,2000.0,D,0.04775,0.03475,0.016,0.9405,17100.0,15750.0,0.047
104,0.15,1000000,0.5,0.5,2000.0,H,0.39425,0.135,0.05875,0.00025,80950.0,45450.0,0.0
104,0.15,1000000,0.5,0.5,2000.0,E,0.231,0.0555,0.00425,0.0,26000.0,26000.0,0.0
104,0.15,1000000,0.5,0.5,2000.0,F,0.06375,0.012,0.001,0.7985,11375.58091845869,1718.629043702955,0.0
105,0.15,1000000,0.5,0.5,6000.0,A,0.99875,0.0,0.0,0.00025,184800.0,149090.0,0.0
105,0.15,1000000,0.5,0.5,6000.0,B,0.203,0.07525,0.0305,0.142,69300.0,15300.0,0.002
105,0.15,1000000,0.5,0.5,6000.0,C,0.407,0.17175,0.0755,0.101,83950.0,15600.0,0.00875
105,0.15,1000000,0.5,0.5,6000.0,C2,0.5415,0.15775,0.06125,0.00225,105000.0,63100.0,0.00125
105,0.15,1000000,0.5,0.5,6000.0,D,0.173,0.11075,0.05125,0.78175,15300.0,12750.0,0.231
105,0.15,1000000,0.5,0.5,6000.0,H,0.4085,0.13575,0.05525,0.00025,84625.0,49040.0,0.00075
105,0.15,1000000,0.5,0.5,6000.0,E,0.235,0.0565,0.003,0.0,30000.0,30000.0,0.0
105,0.15,1000000,0.5,0.5,6000.0,F,0.09825,0.02625,0.003,0.78325,12156.715087702167,1762.7566196172922,0.0
106,0.15,1000000,0.5,0.75,2000.0,A,0.9465,0.0,0.0,0.053,178150.0,137190.0,0.0
106,0.15,1000000,0.5,0.75,2000.0,B,0.10925,0.04825,0.02,0.69675,17100.0,16500.0,0.0005
106,0.15,1000000,0.5,0.75,2000.0,C,0.19625,0.08775,0.0405,0.667,17100.0,16650.0,0.00075
106,0.15,1000000,0.5,0.75,2000.0,C2,0.55225,0.2105,0.09275,0.08275,113150.0,45570.00000000001,0.0
106,0.15,1000000,0.5,0.75,2000.0,D,0.0435,0.03225,0.01725,0.94275,17100.0,15750.0,0.051
106,0.15,1000000,0.5,0.75,2000.0,H,0.4935,0.18975,0.07825,0.001,97100.0,47095.0,0.00025
106,0.15,1000000,0.5,0.75,2000.0,E,0.2415,0.0635,0.0035,0.0,26000.0,26000.0,0.0
106,0.15,1000000,0.5,0.75,2000.0,F,0.075,0.01475,0.00225,0.80175,11529.118818015306,1541.8516531264388,0.0
107,0.15,1000000,0.5,0.75,6000.0,A,0.99975,0.0,0.0,0.0,183900.0,150190.0,0.0
107,0.15,1000000,0.5,0.75,6000.0,B,0.26075,0.105,0.04225,0.134,71100.0,15300.0,0.00625
107,0.15,1000000,0.5,0.75,6000.0,C,0.5115,0.23975,0.1115,0.084,105108.67824815222,35680.00000000001,0.00975
107,0.15,1000000,0.5,0.75,6000.0,C2,0.614,0.228,0.0915,0.00125,140074.63502862272,67400.0,0.00075
107,0.15,1000000,0.5,0.75,6000.0,D,0.1785,0.12225,0.06175,0.77525,15300.0,12750.0,0.229
107,0.15,1000000,0.5,0.75,6000.0,H,0.49175,0.18975,0.08225,0.0,97525.0,51395.0,0.00025
107,0.15,1000000,0.5,0.75,6000.0,E,0.2445,0.0585,0.00275,0.0,30000.0,30000.0,0.0
107,0.15,1000000,0.5,0.75,6000.0,F,0.07975,0.02175,0.003,0.8005,11758.721357383078,1741.7208470436258,0.0
