호,발행월,주제,공표기준,지역,방향,경보월,누적차이,이탈률,지문
1,2026-10,E 전체 순이동,202608,서울 강동구,감소,3월,-16825.1,-29.0%,10e84fd4561e0a64
1,2026-10,E 전체 순이동,202608,서울 송파구,증가,1월,9498.5,+15.9%,10e84fd4561e0a64
1,2026-10,E 전체 순이동,202608,대전 유성구,증가,2월,7526.3,+21.7%,10e84fd4561e0a64
1,2026-10,E 전체 순이동,202608,경기 용인시,감소,5월,-6825.4,-7.3%,10e84fd4561e0a64
1,2026-10,E 전체 순이동,202608,대구 남구,증가,1월,6612.7,+52.2%,10e84fd4561e0a64
1,2026-10,E 전체 순이동,202608,부산 남구,증가,2월,6554.2,+34.6%,10e84fd4561e0a64
1,2026-10,E 전체 순이동,202608,경기 안양시,감소,4월,-6539.8,-12.6%,10e84fd4561e0a64
1,2026-10,E 전체 순이동,202608,인천 연수구,감소,6월,-5461.0,-13.3%,10e84fd4561e0a64
1,2026-10,E 전체 순이동,202608,부산 부산진구,감소,6월,-5399.6,-14.2%,10e84fd4561e0a64
1,2026-10,E 전체 순이동,202608,경기 과천시,증가,7월,4351.8,+52.2%,10e84fd4561e0a64
1,2026-10,E 전체 순이동,202608,경기 평택시,증가,8월,4250.6,+6.6%,10e84fd4561e0a64
1,2026-10,E 전체 순이동,202608,서울 성북구,감소,6월,-3864.3,-9.6%,10e84fd4561e0a64
1,2026-10,E 전체 순이동,202608,광주 북구,증가,6월,3863.1,+13.6%,10e84fd4561e0a64
1,2026-10,E 전체 순이동,202608,인천 중구,감소,5월,-3755.5,-16.2%,10e84fd4561e0a64
1,2026-10,E 전체 순이동,202608,경기 광주시,증가,7월,3557.9,+13.4%,10e84fd4561e0a64
1,2026-10,E 전체 순이동,202608,충남 아산시,증가,8월,2921.9,+9.6%,10e84fd4561e0a64
1,2026-10,E 전체 순이동,202608,대전 중구,감소,8월,-2719.0,-12.8%,10e84fd4561e0a64
1,2026-10,E 전체 순이동,202608,인천 남동구,증가,8월,2628.0,+7.8%,10e84fd4561e0a64
1,2026-10,E 전체 순이동,202608,인천 동구,증가,2월,2611.4,+86.3%,10e84fd4561e0a64
1,2026-10,E 전체 순이동,202608,경기 구리시,증가,5월,2349.7,+17.8%,10e84fd4561e0a64
1,2026-10,E 전체 순이동,202608,광주 광산구,감소,5월,-2185.6,-8.4%,10e84fd4561e0a64
1,2026-10,E 전체 순이동,202608,광주 남구,감소,5월,-2181.2,-13.4%,10e84fd4561e0a64
1,2026-10,E 전체 순이동,202608,광주 서구,증가,2월,2112.1,+10.9%,10e84fd4561e0a64
1,2026-10,E 전체 순이동,202608,충북 청주시,증가,5월,2078.4,+2.8%,10e84fd4561e0a64
1,2026-10,E 전체 순이동,202608,전남 목포시,증가,7월,2017.5,+14.2%,10e84fd4561e0a64
1,2026-10,E 전체 순이동,202608,부산 수영구,증가,7월,2004.3,+13.4%,10e84fd4561e0a64
1,2026-10,E 전체 순이동,202608,경기 이천시,증가,8월,1982.3,+9.7%,10e84fd4561e0a64
1,2026-10,E 전체 순이동,202608,전남 무안군,감소,6월,-1840.7,-20.3%,10e84fd4561e0a64
1,2026-10,E 전체 순이동,202608,전남 신안군,감소,7월,-1784.1,-39.1%,10e84fd4561e0a64
1,2026-10,E 전체 순이동,202608,서울 강북구,증가,3월,1685.7,+8.4%,10e84fd4561e0a64
1,2026-10,E 전체 순이동,202608,충북 괴산군,감소,6월,-1649.7,-51.3%,10e84fd4561e0a64
1,2026-10,E 전체 순이동,202608,경북 청송군,증가,6월,1382.3,+105.1%,10e84fd4561e0a64
1,2026-10,E 전체 순이동,202608,경북 경주시,감소,8월,-1291.7,-6.4%,10e84fd4561e0a64
1,2026-10,E 전체 순이동,202608,전북 김제시,감소,6월,-1090.7,-16.5%,10e84fd4561e0a64
1,2026-10,E 전체 순이동,202608,충북 보은군,증가,6월,999.4,+55.6%,10e84fd4561e0a64
1,2026-10,E 전체 순이동,202608,충북 진천군,감소,2월,-886.7,-13.3%,10e84fd4561e0a64
1,2026-10,E 전체 순이동,202608,강원 화천군,증가,6월,844.8,+43.2%,10e84fd4561e0a64
1,2026-10,E 전체 순이동,202608,전북 무주군,증가,3월,836.8,+73.2%,10e84fd4561e0a64
1,2026-10,E 전체 순이동,202608,전남 보성군,증가,6월,745.7,+40.2%,10e84fd4561e0a64
1,2026-10,E 전체 순이동,202608,전남 영암군,증가,6월,731.6,+26.2%,10e84fd4561e0a64
1,2026-10,E 전체 순이동,202608,전남 구례군,증가,6월,658.6,+49.1%,10e84fd4561e0a64
1,2026-10,E 전체 순이동,202608,경북 울진군,증가,8월,570.2,+17.0%,10e84fd4561e0a64
1,2026-10,E 전체 순이동,202608,전북 진안군,증가,7월,517.7,+33.7%,10e84fd4561e0a64
1,2026-10,E 전체 순이동,202608,전남 함평군,증가,6월,427.1,+29.8%,10e84fd4561e0a64
1,2026-10,B 영유아(0~9세) 순이동,202608,서울 강동구,감소,3월,-1805.7,-38.0%,10e84fd4561e0a64
1,2026-10,B 영유아(0~9세) 순이동,202608,대전 유성구,증가,2월,1375.0,+65.3%,10e84fd4561e0a64
1,2026-10,B 영유아(0~9세) 순이동,202608,서울 송파구,증가,2월,936.6,+21.8%,10e84fd4561e0a64
1,2026-10,B 영유아(0~9세) 순이동,202608,인천 연수구,감소,7월,-841.8,-20.3%,10e84fd4561e0a64
1,2026-10,B 영유아(0~9세) 순이동,202608,경기 용인시,감소,5월,-670.1,-9.6%,10e84fd4561e0a64
1,2026-10,B 영유아(0~9세) 순이동,202608,부산 남구,증가,2월,599.0,+53.7%,10e84fd4561e0a64
1,2026-10,B 영유아(0~9세) 순이동,202608,부산 부산진구,감소,8월,-583.8,-27.5%,10e84fd4561e0a64
1,2026-10,B 영유아(0~9세) 순이동,202608,대전 중구,감소,8월,-549.8,-31.7%,10e84fd4561e0a64
1,2026-10,B 영유아(0~9세) 순이동,202608,대구 남구,증가,2월,482.8,+90.1%,10e84fd4561e0a64
1,2026-10,B 영유아(0~9세) 순이동,202608,경기 의왕시,증가,4월,477.7,+42.1%,10e84fd4561e0a64
1,2026-10,B 영유아(0~9세) 순이동,202608,인천 중구,감소,7월,-447.2,-27.2%,10e84fd4561e0a64
1,2026-10,B 영유아(0~9세) 순이동,202608,경기 광주시,증가,6월,425.6,+27.4%,10e84fd4561e0a64
1,2026-10,B 영유아(0~9세) 순이동,202608,광주 서구,증가,2월,394.7,+36.6%,10e84fd4561e0a64
1,2026-10,B 영유아(0~9세) 순이동,202608,서울 강서구,증가,8월,389.7,+18.5%,10e84fd4561e0a64
1,2026-10,B 영유아(0~9세) 순이동,202608,광주 광산구,감소,5월,-384.4,-19.5%,10e84fd4561e0a64
1,2026-10,B 영유아(0~9세) 순이동,202608,세종 세종특별자치시,감소,2월,-372.5,-10.7%,10e84fd4561e0a64
1,2026-10,B 영유아(0~9세) 순이동,202608,대구 북구,감소,5월,-351.6,-18.2%,10e84fd4561e0a64
1,2026-10,B 영유아(0~9세) 순이동,202608,울산 남구,증가,2월,349.1,+21.0%,10e84fd4561e0a64
1,2026-10,B 영유아(0~9세) 순이동,202608,경기 구리시,증가,5월,342.5,+43.8%,10e84fd4561e0a64
1,2026-10,B 영유아(0~9세) 순이동,202608,부산 수영구,증가,6월,335.5,+52.5%,10e84fd4561e0a64
1,2026-10,B 영유아(0~9세) 순이동,202608,전남 무안군,감소,7월,-311.0,-32.9%,10e84fd4561e0a64
1,2026-10,B 영유아(0~9세) 순이동,202608,제주 제주시,증가,8월,278.7,+9.1%,10e84fd4561e0a64
1,2026-10,B 영유아(0~9세) 순이동,202608,서울 강북구,증가,3월,276.1,+34.8%,10e84fd4561e0a64
1,2026-10,B 영유아(0~9세) 순이동,202608,서울 동작구,증가,8월,273.4,+18.0%,10e84fd4561e0a64
1,2026-10,B 영유아(0~9세) 순이동,202608,전남 목포시,증가,5월,270.5,+31.9%,10e84fd4561e0a64
1,2026-10,B 영유아(0~9세) 순이동,202608,충남 계룡시,증가,4월,184.6,+39.8%,10e84fd4561e0a64
1,2026-10,B 영유아(0~9세) 순이동,202608,경북 경주시,감소,7월,-175.7,-16.1%,10e84fd4561e0a64
1,2026-10,B 영유아(0~9세) 순이동,202608,전남 나주시,감소,5월,-169.8,-19.5%,10e84fd4561e0a64
1,2026-10,B 영유아(0~9세) 순이동,202608,충북 괴산군,감소,2월,-145.6,-82.4%,10e84fd4561e0a64
